Time,CENTRAL SYSTEM_UNIT1_FRONTROW_BOTTOMFLOOR:DesPer 1:Des Heat Mass Flow [kg/s],CENTRAL SYSTEM_UNIT1_FRONTROW_BOTTOMFLOOR:DesPer 1:Des Heat Cap [W],CENTRAL SYSTEM_UNIT1_FRONTROW_BOTTOMFLOOR:DesPer 1:Des Cool Mass Flow [kg/s],CENTRAL SYSTEM_UNIT1_FRONTROW_BOTTOMFLOOR:DesPer 1:Des Sens Cool Cap [W],CENTRAL SYSTEM_UNIT1_FRONTROW_BOTTOMFLOOR:DesPer 1:Des Tot Cool Cap [W],CENTRAL SYSTEM_UNIT2_FRONTROW_BOTTOMFLOOR:DesPer 1:Des Heat Mass Flow [kg/s],CENTRAL SYSTEM_UNIT2_FRONTROW_BOTTOMFLOOR:DesPer 1:Des Heat Cap [W],CENTRAL SYSTEM_UNIT2_FRONTROW_BOTTOMFLOOR:DesPer 1:Des Cool Mass Flow [kg/s],CENTRAL SYSTEM_UNIT2_FRONTROW_BOTTOMFLOOR:DesPer 1:Des Sens Cool Cap [W],CENTRAL SYSTEM_UNIT2_FRONTROW_BOTTOMFLOOR:DesPer 1:Des Tot Cool Cap [W],CENTRAL SYSTEM_UNIT3_FRONTROW_BOTTOMFLOOR:DesPer 1:Des Heat Mass Flow [kg/s],CENTRAL SYSTEM_UNIT3_FRONTROW_BOTTOMFLOOR:DesPer 1:Des Heat Cap [W],CENTRAL SYSTEM_UNIT3_FRONTROW_BOTTOMFLOOR:DesPer 1:Des Cool Mass Flow [kg/s],CENTRAL SYSTEM_UNIT3_FRONTROW_BOTTOMFLOOR:DesPer 1:Des Sens Cool Cap [W],CENTRAL SYSTEM_UNIT3_FRONTROW_BOTTOMFLOOR:DesPer 1:Des Tot Cool Cap [W],CENTRAL SYSTEM_UNIT1_BACKROW_BOTTOMFLOOR:DesPer 1:Des Heat Mass Flow [kg/s],CENTRAL SYSTEM_UNIT1_BACKROW_BOTTOMFLOOR:DesPer 1:Des Heat Cap [W],CENTRAL SYSTEM_UNIT1_BACKROW_BOTTOMFLOOR:DesPer 1:Des Cool Mass Flow [kg/s],CENTRAL SYSTEM_UNIT1_BACKROW_BOTTOMFLOOR:DesPer 1:Des Sens Cool Cap [W],CENTRAL SYSTEM_UNIT1_BACKROW_BOTTOMFLOOR:DesPer 1:Des Tot Cool Cap [W],CENTRAL SYSTEM_UNIT2_BACKROW_BOTTOMFLOOR:DesPer 1:Des Heat Mass Flow [kg/s],CENTRAL SYSTEM_UNIT2_BACKROW_BOTTOMFLOOR:DesPer 1:Des Heat Cap [W],CENTRAL SYSTEM_UNIT2_BACKROW_BOTTOMFLOOR:DesPer 1:Des Cool Mass Flow [kg/s],CENTRAL SYSTEM_UNIT2_BACKROW_BOTTOMFLOOR:DesPer 1:Des Sens Cool Cap [W],CENTRAL SYSTEM_UNIT2_BACKROW_BOTTOMFLOOR:DesPer 1:Des Tot Cool Cap [W],CENTRAL SYSTEM_UNIT3_BACKROW_BOTTOMFLOOR:DesPer 1:Des Heat Mass Flow [kg/s],CENTRAL SYSTEM_UNIT3_BACKROW_BOTTOMFLOOR:DesPer 1:Des Heat Cap [W],CENTRAL SYSTEM_UNIT3_BACKROW_BOTTOMFLOOR:DesPer 1:Des Cool Mass Flow [kg/s],CENTRAL SYSTEM_UNIT3_BACKROW_BOTTOMFLOOR:DesPer 1:Des Sens Cool Cap [W],CENTRAL SYSTEM_UNIT3_BACKROW_BOTTOMFLOOR:DesPer 1:Des Tot Cool Cap [W],CENTRAL SYSTEM_UNIT1_FRONTROW_MIDDLEFLOOR:DesPer 1:Des Heat Mass Flow [kg/s],CENTRAL SYSTEM_UNIT1_FRONTROW_MIDDLEFLOOR:DesPer 1:Des Heat Cap [W],CENTRAL SYSTEM_UNIT1_FRONTROW_MIDDLEFLOOR:DesPer 1:Des Cool Mass Flow [kg/s],CENTRAL SYSTEM_UNIT1_FRONTROW_MIDDLEFLOOR:DesPer 1:Des Sens Cool Cap [W],CENTRAL SYSTEM_UNIT1_FRONTROW_MIDDLEFLOOR:DesPer 1:Des Tot Cool Cap [W],CENTRAL SYSTEM_UNIT2_FRONTROW_MIDDLEFLOOR:DesPer 1:Des Heat Mass Flow [kg/s],CENTRAL SYSTEM_UNIT2_FRONTROW_MIDDLEFLOOR:DesPer 1:Des Heat Cap [W],CENTRAL SYSTEM_UNIT2_FRONTROW_MIDDLEFLOOR:DesPer 1:Des Cool Mass Flow [kg/s],CENTRAL SYSTEM_UNIT2_FRONTROW_MIDDLEFLOOR:DesPer 1:Des Sens Cool Cap [W],CENTRAL SYSTEM_UNIT2_FRONTROW_MIDDLEFLOOR:DesPer 1:Des Tot Cool Cap [W],CENTRAL SYSTEM_UNIT3_FRONTROW_MIDDLEFLOOR:DesPer 1:Des Heat Mass Flow [kg/s],CENTRAL SYSTEM_UNIT3_FRONTROW_MIDDLEFLOOR:DesPer 1:Des Heat Cap [W],CENTRAL SYSTEM_UNIT3_FRONTROW_MIDDLEFLOOR:DesPer 1:Des Cool Mass Flow [kg/s],CENTRAL SYSTEM_UNIT3_FRONTROW_MIDDLEFLOOR:DesPer 1:Des Sens Cool Cap [W],CENTRAL SYSTEM_UNIT3_FRONTROW_MIDDLEFLOOR:DesPer 1:Des Tot Cool Cap [W],CENTRAL SYSTEM_UNIT1_BACKROW_MIDDLEFLOOR:DesPer 1:Des Heat Mass Flow [kg/s],CENTRAL SYSTEM_UNIT1_BACKROW_MIDDLEFLOOR:DesPer 1:Des Heat Cap [W],CENTRAL SYSTEM_UNIT1_BACKROW_MIDDLEFLOOR:DesPer 1:Des Cool Mass Flow [kg/s],CENTRAL SYSTEM_UNIT1_BACKROW_MIDDLEFLOOR:DesPer 1:Des Sens Cool Cap [W],CENTRAL SYSTEM_UNIT1_BACKROW_MIDDLEFLOOR:DesPer 1:Des Tot Cool Cap [W],CENTRAL SYSTEM_UNIT2_BACKROW_MIDDLEFLOOR:DesPer 1:Des Heat Mass Flow [kg/s],CENTRAL SYSTEM_UNIT2_BACKROW_MIDDLEFLOOR:DesPer 1:Des Heat Cap [W],CENTRAL SYSTEM_UNIT2_BACKROW_MIDDLEFLOOR:DesPer 1:Des Cool Mass Flow [kg/s],CENTRAL SYSTEM_UNIT2_BACKROW_MIDDLEFLOOR:DesPer 1:Des Sens Cool Cap [W],CENTRAL SYSTEM_UNIT2_BACKROW_MIDDLEFLOOR:DesPer 1:Des Tot Cool Cap [W],CENTRAL SYSTEM_UNIT3_BACKROW_MIDDLEFLOOR:DesPer 1:Des Heat Mass Flow [kg/s],CENTRAL SYSTEM_UNIT3_BACKROW_MIDDLEFLOOR:DesPer 1:Des Heat Cap [W],CENTRAL SYSTEM_UNIT3_BACKROW_MIDDLEFLOOR:DesPer 1:Des Cool Mass Flow [kg/s],CENTRAL SYSTEM_UNIT3_BACKROW_MIDDLEFLOOR:DesPer 1:Des Sens Cool Cap [W],CENTRAL SYSTEM_UNIT3_BACKROW_MIDDLEFLOOR:DesPer 1:Des Tot Cool Cap [W],CENTRAL SYSTEM_UNIT1_FRONTROW_TOPFLOOR:DesPer 1:Des Heat Mass Flow [kg/s],CENTRAL SYSTEM_UNIT1_FRONTROW_TOPFLOOR:DesPer 1:Des Heat Cap [W],CENTRAL SYSTEM_UNIT1_FRONTROW_TOPFLOOR:DesPer 1:Des Cool Mass Flow [kg/s],CENTRAL SYSTEM_UNIT1_FRONTROW_TOPFLOOR:DesPer 1:Des Sens Cool Cap [W],CENTRAL SYSTEM_UNIT1_FRONTROW_TOPFLOOR:DesPer 1:Des Tot Cool Cap [W],CENTRAL SYSTEM_UNIT2_FRONTROW_TOPFLOOR:DesPer 1:Des Heat Mass Flow [kg/s],CENTRAL SYSTEM_UNIT2_FRONTROW_TOPFLOOR:DesPer 1:Des Heat Cap [W],CENTRAL SYSTEM_UNIT2_FRONTROW_TOPFLOOR:DesPer 1:Des Cool Mass Flow [kg/s],CENTRAL SYSTEM_UNIT2_FRONTROW_TOPFLOOR:DesPer 1:Des Sens Cool Cap [W],CENTRAL SYSTEM_UNIT2_FRONTROW_TOPFLOOR:DesPer 1:Des Tot Cool Cap [W],CENTRAL SYSTEM_UNIT3_FRONTROW_TOPFLOOR:DesPer 1:Des Heat Mass Flow [kg/s],CENTRAL SYSTEM_UNIT3_FRONTROW_TOPFLOOR:DesPer 1:Des Heat Cap [W],CENTRAL SYSTEM_UNIT3_FRONTROW_TOPFLOOR:DesPer 1:Des Cool Mass Flow [kg/s],CENTRAL SYSTEM_UNIT3_FRONTROW_TOPFLOOR:DesPer 1:Des Sens Cool Cap [W],CENTRAL SYSTEM_UNIT3_FRONTROW_TOPFLOOR:DesPer 1:Des Tot Cool Cap [W],CENTRAL SYSTEM_UNIT1_BACKROW_TOPFLOOR:DesPer 1:Des Heat Mass Flow [kg/s],CENTRAL SYSTEM_UNIT1_BACKROW_TOPFLOOR:DesPer 1:Des Heat Cap [W],CENTRAL SYSTEM_UNIT1_BACKROW_TOPFLOOR:DesPer 1:Des Cool Mass Flow [kg/s],CENTRAL SYSTEM_UNIT1_BACKROW_TOPFLOOR:DesPer 1:Des Sens Cool Cap [W],CENTRAL SYSTEM_UNIT1_BACKROW_TOPFLOOR:DesPer 1:Des Tot Cool Cap [W],CENTRAL SYSTEM_UNIT2_BACKROW_TOPFLOOR:DesPer 1:Des Heat Mass Flow [kg/s],CENTRAL SYSTEM_UNIT2_BACKROW_TOPFLOOR:DesPer 1:Des Heat Cap [W],CENTRAL SYSTEM_UNIT2_BACKROW_TOPFLOOR:DesPer 1:Des Cool Mass Flow [kg/s],CENTRAL SYSTEM_UNIT2_BACKROW_TOPFLOOR:DesPer 1:Des Sens Cool Cap [W],CENTRAL SYSTEM_UNIT2_BACKROW_TOPFLOOR:DesPer 1:Des Tot Cool Cap [W],CENTRAL SYSTEM_UNIT3_BACKROW_TOPFLOOR:DesPer 1:Des Heat Mass Flow [kg/s],CENTRAL SYSTEM_UNIT3_BACKROW_TOPFLOOR:DesPer 1:Des Heat Cap [W],CENTRAL SYSTEM_UNIT3_BACKROW_TOPFLOOR:DesPer 1:Des Cool Mass Flow [kg/s],CENTRAL SYSTEM_UNIT3_BACKROW_TOPFLOOR:DesPer 1:Des Sens Cool Cap [W],CENTRAL SYSTEM_UNIT3_BACKROW_TOPFLOOR:DesPer 1:Des Tot Cool Cap [W]
00:15:00,8.756533E-02,3.578680E+03,2.546769E-02,0.000000E+00,0.000000E+00,6.027603E-02,2.816841E+03,2.546769E-02,0.000000E+00,0.000000E+00,8.745635E-02,3.575638E+03,2.546769E-02,0.000000E+00,0.000000E+00,8.755471E-02,3.578384E+03,2.546769E-02,0.000000E+00,0.000000E+00,6.023923E-02,2.815814E+03,2.546769E-02,0.000000E+00,0.000000E+00,8.739231E-02,3.573850E+03,2.546769E-02,0.000000E+00,0.000000E+00,5.888074E-02,2.777816E+03,2.546769E-02,0.000000E+00,0.000000E+00,3.184658E-02,2.023194E+03,2.546769E-02,0.000000E+00,0.000000E+00,5.870904E-02,2.773023E+03,2.546769E-02,0.000000E+00,0.000000E+00,5.885165E-02,2.777004E+03,2.546769E-02,0.000000E+00,0.000000E+00,3.179475E-02,2.021747E+03,2.546769E-02,0.000000E+00,0.000000E+00,5.863208E-02,2.770875E+03,2.546769E-02,0.000000E+00,0.000000E+00,8.914544E-02,3.622790E+03,2.546769E-02,0.000000E+00,0.000000E+00,6.193202E-02,2.863069E+03,2.546769E-02,0.000000E+00,0.000000E+00,8.893534E-02,3.616925E+03,2.546769E-02,0.000000E+00,0.000000E+00,8.907315E-02,3.620772E+03,2.546769E-02,0.000000E+00,0.000000E+00,6.184338E-02,2.860595E+03,2.546769E-02,0.000000E+00,0.000000E+00,8.882902E-02,3.613957E+03,2.546769E-02,0.000000E+00,0.000000E+00
00:30:00,8.815304E-02,3.595088E+03,2.546769E-02,0.000000E+00,0.000000E+00,6.084811E-02,2.832813E+03,2.546769E-02,0.000000E+00,0.000000E+00,8.804405E-02,3.592046E+03,2.546769E-02,0.000000E+00,0.000000E+00,8.814246E-02,3.594793E+03,2.546769E-02,0.000000E+00,0.000000E+00,6.081133E-02,2.831786E+03,2.546769E-02,0.000000E+00,0.000000E+00,8.798001E-02,3.590258E+03,2.546769E-02,0.000000E+00,0.000000E+00,5.943322E-02,2.793238E+03,2.546769E-02,0.000000E+00,0.000000E+00,3.236790E-02,2.037746E+03,2.546769E-02,0.000000E+00,0.000000E+00,5.926145E-02,2.788444E+03,2.546769E-02,0.000000E+00,0.000000E+00,5.940417E-02,2.792427E+03,2.546769E-02,0.000000E+00,0.000000E+00,3.231606E-02,2.036299E+03,2.546769E-02,0.000000E+00,0.000000E+00,5.918450E-02,2.786296E+03,2.546769E-02,0.000000E+00,0.000000E+00,8.973128E-02,3.639147E+03,2.546769E-02,0.000000E+00,0.000000E+00,6.250001E-02,2.878926E+03,2.546769E-02,0.000000E+00,0.000000E+00,8.952116E-02,3.633281E+03,2.546769E-02,0.000000E+00,0.000000E+00,8.965902E-02,3.637130E+03,2.546769E-02,0.000000E+00,0.000000E+00,6.241136E-02,2.876452E+03,2.546769E-02,0.000000E+00,0.000000E+00,8.941485E-02,3.630313E+03,2.546769E-02,0.000000E+00,0.000000E+00
00:45:00,8.874052E-02,3.611491E+03,2.546769E-02,0.000000E+00,0.000000E+00,6.142243E-02,2.848846E+03,2.546769E-02,0.000000E+00,0.000000E+00,8.863154E-02,3.608448E+03,2.546769E-02,0.000000E+00,0.000000E+00,8.872999E-02,3.611197E+03,2.546769E-02,0.000000E+00,0.000000E+00,6.138566E-02,2.847820E+03,2.546769E-02,0.000000E+00,0.000000E+00,8.856751E-02,3.606661E+03,2.546769E-02,0.000000E+00,0.000000E+00,5.999032E-02,2.808790E+03,2.546769E-02,0.000000E+00,0.000000E+00,3.289673E-02,2.052507E+03,2.546769E-02,0.000000E+00,0.000000E+00,5.981849E-02,2.803994E+03,2.546769E-02,0.000000E+00,0.000000E+00,5.996132E-02,2.807980E+03,2.546769E-02,0.000000E+00,0.000000E+00,3.284490E-02,2.051060E+03,2.546769E-02,0.000000E+00,0.000000E+00,5.974155E-02,2.801846E+03,2.546769E-02,0.000000E+00,0.000000E+00,9.031446E-02,3.655429E+03,2.546769E-02,0.000000E+00,0.000000E+00,6.306854E-02,2.894799E+03,2.546769E-02,0.000000E+00,0.000000E+00,9.010433E-02,3.649563E+03,2.546769E-02,0.000000E+00,0.000000E+00,9.024224E-02,3.653413E+03,2.546769E-02,0.000000E+00,0.000000E+00,6.297989E-02,2.892324E+03,2.546769E-02,0.000000E+00,0.000000E+00,8.999804E-02,3.646596E+03,2.546769E-02,0.000000E+00,0.000000E+00
01:00:00,8.932974E-02,3.627941E+03,2.546769E-02,0.000000E+00,0.000000E+00,6.200021E-02,2.864976E+03,2.546769E-02,0.000000E+00,0.000000E+00,8.922076E-02,3.624899E+03,2.546769E-02,0.000000E+00,0.000000E+00,8.931925E-02,3.627648E+03,2.546769E-02,0.000000E+00,0.000000E+00,6.196346E-02,2.863951E+03,2.546769E-02,0.000000E+00,0.000000E+00,8.915675E-02,3.623112E+03,2.546769E-02,0.000000E+00,0.000000E+00,6.055310E-02,2.824500E+03,2.546769E-02,0.000000E+00,0.000000E+00,3.343355E-02,2.067492E+03,2.546769E-02,0.000000E+00,0.000000E+00,6.038123E-02,2.819703E+03,2.546769E-02,0.000000E+00,0.000000E+00,6.052415E-02,2.823692E+03,2.546769E-02,0.000000E+00,0.000000E+00,3.338173E-02,2.066045E+03,2.546769E-02,0.000000E+00,0.000000E+00,6.030430E-02,2.817555E+03,2.546769E-02,0.000000E+00,0.000000E+00,9.089727E-02,3.671701E+03,2.546769E-02,0.000000E+00,0.000000E+00,6.363909E-02,2.910727E+03,2.546769E-02,0.000000E+00,0.000000E+00,9.068715E-02,3.665835E+03,2.546769E-02,0.000000E+00,0.000000E+00,9.082509E-02,3.669685E+03,2.546769E-02,0.000000E+00,0.000000E+00,6.355045E-02,2.908252E+03,2.546769E-02,0.000000E+00,0.000000E+00,9.058087E-02,3.662868E+03,2.546769E-02,0.000000E+00,0.000000E+00
01:15:00,8.977993E-02,3.640511E+03,2.546769E-02,0.000000E+00,0.000000E+00,6.244872E-02,2.877498E+03,2.546769E-02,0.000000E+00,0.000000E+00,8.967097E-02,3.637469E+03,2.546769E-02,0.000000E+00,0.000000E+00,8.976948E-02,3.640219E+03,2.546769E-02,0.000000E+00,0.000000E+00,6.241199E-02,2.876473E+03,2.546769E-02,0.000000E+00,0.000000E+00,8.960697E-02,3.635682E+03,2.546769E-02,0.000000E+00,0.000000E+00,6.100171E-02,2.837023E+03,2.546769E-02,0.000000E+00,0.000000E+00,3.386767E-02,2.079609E+03,2.546769E-02,0.000000E+00,0.000000E+00,6.082982E-02,2.832225E+03,2.546769E-02,0.000000E+00,0.000000E+00,6.097280E-02,2.836216E+03,2.546769E-02,0.000000E+00,0.000000E+00,3.381585E-02,2.078163E+03,2.546769E-02,0.000000E+00,0.000000E+00,6.075290E-02,2.830078E+03,2.546769E-02,0.000000E+00,0.000000E+00,9.137289E-02,3.684980E+03,2.546769E-02,0.000000E+00,0.000000E+00,6.411057E-02,2.923890E+03,2.546769E-02,0.000000E+00,0.000000E+00,9.116278E-02,3.679114E+03,2.546769E-02,0.000000E+00,0.000000E+00,9.130073E-02,3.682965E+03,2.546769E-02,0.000000E+00,0.000000E+00,6.402193E-02,2.921415E+03,2.546769E-02,0.000000E+00,0.000000E+00,9.105652E-02,3.676148E+03,2.546769E-02,0.000000E+00,0.000000E+00
01:30:00,9.016763E-02,3.651335E+03,2.546769E-02,0.000000E+00,0.000000E+00,6.284069E-02,2.888441E+03,2.546769E-02,0.000000E+00,0.000000E+00,9.005869E-02,3.648294E+03,2.546769E-02,0.000000E+00,0.000000E+00,9.015719E-02,3.651044E+03,2.546769E-02,0.000000E+00,0.000000E+00,6.280397E-02,2.887416E+03,2.546769E-02,0.000000E+00,0.000000E+00,8.999470E-02,3.646507E+03,2.546769E-02,0.000000E+00,0.000000E+00,6.140042E-02,2.848154E+03,2.546769E-02,0.000000E+00,0.000000E+00,3.425926E-02,2.090540E+03,2.546769E-02,0.000000E+00,0.000000E+00,6.122853E-02,2.843356E+03,2.546769E-02,0.000000E+00,0.000000E+00,6.137154E-02,2.847348E+03,2.546769E-02,0.000000E+00,0.000000E+00,3.420744E-02,2.089093E+03,2.546769E-02,0.000000E+00,0.000000E+00,6.115162E-02,2.841209E+03,2.546769E-02,0.000000E+00,0.000000E+00,9.179162E-02,3.696671E+03,2.546769E-02,0.000000E+00,0.000000E+00,6.453123E-02,2.935634E+03,2.546769E-02,0.000000E+00,0.000000E+00,9.158154E-02,3.690806E+03,2.546769E-02,0.000000E+00,0.000000E+00,9.171949E-02,3.694657E+03,2.546769E-02,0.000000E+00,0.000000E+00,6.444260E-02,2.933160E+03,2.546769E-02,0.000000E+00,0.000000E+00,9.147531E-02,3.687841E+03,2.546769E-02,0.000000E+00,0.000000E+00
01:45:00,9.052721E-02,3.661374E+03,2.546769E-02,0.000000E+00,0.000000E+00,6.320692E-02,2.898666E+03,2.546769E-02,0.000000E+00,0.000000E+00,9.041830E-02,3.658334E+03,2.546769E-02,0.000000E+00,0.000000E+00,9.051680E-02,3.661084E+03,2.546769E-02,0.000000E+00,0.000000E+00,6.317022E-02,2.897641E+03,2.546769E-02,0.000000E+00,0.000000E+00,9.035433E-02,3.656548E+03,2.546769E-02,0.000000E+00,0.000000E+00,6.177448E-02,2.858596E+03,2.546769E-02,0.000000E+00,0.000000E+00,3.462977E-02,2.100882E+03,2.546769E-02,0.000000E+00,0.000000E+00,6.160260E-02,2.853798E+03,2.546769E-02,0.000000E+00,0.000000E+00,6.174564E-02,2.857791E+03,2.546769E-02,0.000000E+00,0.000000E+00,3.457797E-02,2.099436E+03,2.546769E-02,0.000000E+00,0.000000E+00,6.152571E-02,2.851652E+03,2.546769E-02,0.000000E+00,0.000000E+00,9.217389E-02,3.707344E+03,2.546769E-02,0.000000E+00,0.000000E+00,6.491877E-02,2.946453E+03,2.546769E-02,0.000000E+00,0.000000E+00,9.196387E-02,3.701481E+03,2.546769E-02,0.000000E+00,0.000000E+00,9.210179E-02,3.705331E+03,2.546769E-02,0.000000E+00,0.000000E+00,6.483016E-02,2.943980E+03,2.546769E-02,0.000000E+00,0.000000E+00,9.185766E-02,3.698516E+03,2.546769E-02,0.000000E+00,0.000000E+00
02:00:00,9.086494E-02,3.670803E+03,2.546769E-02,0.000000E+00,0.000000E+00,6.355228E-02,2.908307E+03,2.546769E-02,0.000000E+00,0.000000E+00,9.075607E-02,3.667764E+03,2.546769E-02,0.000000E+00,0.000000E+00,9.085455E-02,3.670513E+03,2.546769E-02,0.000000E+00,0.000000E+00,6.351560E-02,2.907283E+03,2.546769E-02,0.000000E+00,0.000000E+00,9.069211E-02,3.665979E+03,2.546769E-02,0.000000E+00,0.000000E+00,6.212890E-02,2.868490E+03,2.546769E-02,0.000000E+00,0.000000E+00,3.498291E-02,2.110739E+03,2.546769E-02,0.000000E+00,0.000000E+00,6.195704E-02,2.863693E+03,2.546769E-02,0.000000E+00,0.000000E+00,6.210009E-02,2.867686E+03,2.546769E-02,0.000000E+00,0.000000E+00,3.493113E-02,2.109294E+03,2.546769E-02,0.000000E+00,0.000000E+00,6.188017E-02,2.861547E+03,2.546769E-02,0.000000E+00,0.000000E+00,9.252792E-02,3.717228E+03,2.546769E-02,0.000000E+00,0.000000E+00,6.527997E-02,2.956537E+03,2.546769E-02,0.000000E+00,0.000000E+00,9.231795E-02,3.711366E+03,2.546769E-02,0.000000E+00,0.000000E+00,9.245585E-02,3.715216E+03,2.546769E-02,0.000000E+00,0.000000E+00,6.519139E-02,2.954064E+03,2.546769E-02,0.000000E+00,0.000000E+00,9.221178E-02,3.708402E+03,2.546769E-02,0.000000E+00,0.000000E+00
02:15:00,9.115346E-02,3.678858E+03,2.546769E-02,0.000000E+00,0.000000E+00,6.385070E-02,2.916638E+03,2.546769E-02,0.000000E+00,0.000000E+00,9.104462E-02,3.675820E+03,2.546769E-02,0.000000E+00,0.000000E+00,9.114308E-02,3.678569E+03,2.546769E-02,0.000000E+00,0.000000E+00,6.381404E-02,2.915615E+03,2.546769E-02,0.000000E+00,0.000000E+00,9.098069E-02,3.674035E+03,2.546769E-02,0.000000E+00,0.000000E+00,6.244129E-02,2.877211E+03,2.546769E-02,0.000000E+00,0.000000E+00,3.529784E-02,2.119530E+03,2.546769E-02,0.000000E+00,0.000000E+00,6.226946E-02,2.872414E+03,2.546769E-02,0.000000E+00,0.000000E+00,6.241251E-02,2.876407E+03,2.546769E-02,0.000000E+00,0.000000E+00,3.524607E-02,2.118085E+03,2.546769E-02,0.000000E+00,0.000000E+00,6.219261E-02,2.870269E+03,2.546769E-02,0.000000E+00,0.000000E+00,9.283765E-02,3.725875E+03,2.546769E-02,0.000000E+00,0.000000E+00,6.559944E-02,2.965456E+03,2.546769E-02,0.000000E+00,0.000000E+00,9.262775E-02,3.720016E+03,2.546769E-02,0.000000E+00,0.000000E+00,9.276562E-02,3.723865E+03,2.546769E-02,0.000000E+00,0.000000E+00,6.551089E-02,2.962984E+03,2.546769E-02,0.000000E+00,0.000000E+00,9.252161E-02,3.717053E+03,2.546769E-02,0.000000E+00,0.000000E+00
02:30:00,9.141065E-02,3.686039E+03,2.546769E-02,0.000000E+00,0.000000E+00,6.411922E-02,2.924135E+03,2.546769E-02,0.000000E+00,0.000000E+00,9.130186E-02,3.683002E+03,2.546769E-02,0.000000E+00,0.000000E+00,9.140030E-02,3.685750E+03,2.546769E-02,0.000000E+00,0.000000E+00,6.408258E-02,2.923112E+03,2.546769E-02,0.000000E+00,0.000000E+00,9.123794E-02,3.681218E+03,2.546769E-02,0.000000E+00,0.000000E+00,6.272507E-02,2.885133E+03,2.546769E-02,0.000000E+00,0.000000E+00,3.558680E-02,2.127596E+03,2.546769E-02,0.000000E+00,0.000000E+00,6.255328E-02,2.880337E+03,2.546769E-02,0.000000E+00,0.000000E+00,6.269631E-02,2.884330E+03,2.546769E-02,0.000000E+00,0.000000E+00,3.553506E-02,2.126152E+03,2.546769E-02,0.000000E+00,0.000000E+00,6.247646E-02,2.878193E+03,2.546769E-02,0.000000E+00,0.000000E+00,9.311348E-02,3.733576E+03,2.546769E-02,0.000000E+00,0.000000E+00,6.588674E-02,2.973477E+03,2.546769E-02,0.000000E+00,0.000000E+00,9.290366E-02,3.727719E+03,2.546769E-02,0.000000E+00,0.000000E+00,9.304148E-02,3.731566E+03,2.546769E-02,0.000000E+00,0.000000E+00,6.579822E-02,2.971006E+03,2.546769E-02,0.000000E+00,0.000000E+00,9.279755E-02,3.724756E+03,2.546769E-02,0.000000E+00,0.000000E+00
02:45:00,9.164675E-02,3.692631E+03,2.546769E-02,0.000000E+00,0.000000E+00,6.436693E-02,2.931050E+03,2.546769E-02,0.000000E+00,0.000000E+00,9.153801E-02,3.689595E+03,2.546769E-02,0.000000E+00,0.000000E+00,9.163641E-02,3.692342E+03,2.546769E-02,0.000000E+00,0.000000E+00,6.433032E-02,2.930028E+03,2.546769E-02,0.000000E+00,0.000000E+00,9.147411E-02,3.687811E+03,2.546769E-02,0.000000E+00,0.000000E+00,6.298792E-02,2.892470E+03,2.546769E-02,0.000000E+00,0.000000E+00,3.585622E-02,2.135117E+03,2.546769E-02,0.000000E+00,0.000000E+00,6.281618E-02,2.887676E+03,2.546769E-02,0.000000E+00,0.000000E+00,6.295919E-02,2.891668E+03,2.546769E-02,0.000000E+00,0.000000E+00,3.580451E-02,2.133673E+03,2.546769E-02,0.000000E+00,0.000000E+00,6.273938E-02,2.885533E+03,2.546769E-02,0.000000E+00,0.000000E+00,9.336345E-02,3.740555E+03,2.546769E-02,0.000000E+00,0.000000E+00,6.614892E-02,2.980796E+03,2.546769E-02,0.000000E+00,0.000000E+00,9.315369E-02,3.734699E+03,2.546769E-02,0.000000E+00,0.000000E+00,9.329148E-02,3.738546E+03,2.546769E-02,0.000000E+00,0.000000E+00,6.606044E-02,2.978326E+03,2.546769E-02,0.000000E+00,0.000000E+00,9.304762E-02,3.731738E+03,2.546769E-02,0.000000E+00,0.000000E+00
03:00:00,9.186475E-02,3.698717E+03,2.546769E-02,0.000000E+00,0.000000E+00,6.459636E-02,2.937455E+03,2.546769E-02,0.000000E+00,0.000000E+00,9.175605E-02,3.695682E+03,2.546769E-02,0.000000E+00,0.000000E+00,9.185443E-02,3.698428E+03,2.546769E-02,0.000000E+00,0.000000E+00,6.455977E-02,2.936433E+03,2.546769E-02,0.000000E+00,0.000000E+00,9.169217E-02,3.693899E+03,2.546769E-02,0.000000E+00,0.000000E+00,6.323225E-02,2.899291E+03,2.546769E-02,0.000000E+00,0.000000E+00,3.610796E-02,2.142143E+03,2.546769E-02,0.000000E+00,0.000000E+00,6.306056E-02,2.894498E+03,2.546769E-02,0.000000E+00,0.000000E+00,6.320355E-02,2.898490E+03,2.546769E-02,0.000000E+00,0.000000E+00,3.605627E-02,2.140701E+03,2.546769E-02,0.000000E+00,0.000000E+00,6.298379E-02,2.892356E+03,2.546769E-02,0.000000E+00,0.000000E+00,9.359180E-02,3.746930E+03,2.546769E-02,0.000000E+00,0.000000E+00,6.638968E-02,2.987517E+03,2.546769E-02,0.000000E+00,0.000000E+00,9.338212E-02,3.741076E+03,2.546769E-02,0.000000E+00,0.000000E+00,9.351986E-02,3.744922E+03,2.546769E-02,0.000000E+00,0.000000E+00,6.630124E-02,2.985048E+03,2.546769E-02,0.000000E+00,0.000000E+00,9.327609E-02,3.738116E+03,2.546769E-02,0.000000E+00,0.000000E+00
03:15:00,9.206401E-02,3.704280E+03,2.546769E-02,0.000000E+00,0.000000E+00,6.480700E-02,2.943335E+03,2.546769E-02,0.000000E+00,0.000000E+00,9.195536E-02,3.701247E+03,2.546769E-02,0.000000E+00,0.000000E+00,9.205371E-02,3.703992E+03,2.546769E-02,0.000000E+00,0.000000E+00,6.477043E-02,2.942314E+03,2.546769E-02,0.000000E+00,0.000000E+00,9.189151E-02,3.699464E+03,2.546769E-02,0.000000E+00,0.000000E+00,6.345759E-02,2.905582E+03,2.546769E-02,0.000000E+00,0.000000E+00,3.634156E-02,2.148664E+03,2.546769E-02,0.000000E+00,0.000000E+00,6.328596E-02,2.900791E+03,2.546769E-02,0.000000E+00,0.000000E+00,6.342892E-02,2.904781E+03,2.546769E-02,0.000000E+00,0.000000E+00,3.628990E-02,2.147222E+03,2.546769E-02,0.000000E+00,0.000000E+00,6.320922E-02,2.898649E+03,2.546769E-02,0.000000E+00,0.000000E+00,9.379971E-02,3.752734E+03,2.546769E-02,0.000000E+00,0.000000E+00,6.661010E-02,2.993671E+03,2.546769E-02,0.000000E+00,0.000000E+00,9.359011E-02,3.746883E+03,2.546769E-02,0.000000E+00,0.000000E+00,9.372780E-02,3.750727E+03,2.546769E-02,0.000000E+00,0.000000E+00,6.652169E-02,2.991203E+03,2.546769E-02,0.000000E+00,0.000000E+00,9.348411E-02,3.743924E+03,2.546769E-02,0.000000E+00,0.000000E+00
03:30:00,9.224745E-02,3.709401E+03,2.546769E-02,0.000000E+00,0.000000E+00,6.500155E-02,2.948767E+03,2.546769E-02,0.000000E+00,0.000000E+00,9.213885E-02,3.706369E+03,2.546769E-02,0.000000E+00,0.000000E+00,9.223716E-02,3.709114E+03,2.546769E-02,0.000000E+00,0.000000E+00,6.496500E-02,2.947746E+03,2.546769E-02,0.000000E+00,0.000000E+00,9.207501E-02,3.704587E+03,2.546769E-02,0.000000E+00,0.000000E+00,6.366620E-02,2.911405E+03,2.546769E-02,0.000000E+00,0.000000E+00,3.655894E-02,2.154732E+03,2.546769E-02,0.000000E+00,0.000000E+00,6.349463E-02,2.906616E+03,2.546769E-02,0.000000E+00,0.000000E+00,6.363756E-02,2.910606E+03,2.546769E-02,0.000000E+00,0.000000E+00,3.650731E-02,2.153291E+03,2.546769E-02,0.000000E+00,0.000000E+00,6.341792E-02,2.904475E+03,2.546769E-02,0.000000E+00,0.000000E+00,9.398990E-02,3.758044E+03,2.546769E-02,0.000000E+00,0.000000E+00,6.681265E-02,2.999325E+03,2.546769E-02,0.000000E+00,0.000000E+00,9.378037E-02,3.752195E+03,2.546769E-02,0.000000E+00,0.000000E+00,9.391802E-02,3.756038E+03,2.546769E-02,0.000000E+00,0.000000E+00,6.672428E-02,2.996859E+03,2.546769E-02,0.000000E+00,0.000000E+00,9.367441E-02,3.749237E+03,2.546769E-02,0.000000E+00,0.000000E+00
03:45:00,9.241772E-02,3.714155E+03,2.546769E-02,0.000000E+00,0.000000E+00,6.518252E-02,2.953819E+03,2.546769E-02,0.000000E+00,0.000000E+00,9.230916E-02,3.711124E+03,2.546769E-02,0.000000E+00,0.000000E+00,9.240745E-02,3.713868E+03,2.546769E-02,0.000000E+00,0.000000E+00,6.514599E-02,2.952799E+03,2.546769E-02,0.000000E+00,0.000000E+00,9.224535E-02,3.709343E+03,2.546769E-02,0.000000E+00,0.000000E+00,6.386028E-02,2.916823E+03,2.546769E-02,0.000000E+00,0.000000E+00,3.676200E-02,2.160400E+03,2.546769E-02,0.000000E+00,0.000000E+00,6.368876E-02,2.912035E+03,2.546769E-02,0.000000E+00,0.000000E+00,6.383166E-02,2.916024E+03,2.546769E-02,0.000000E+00,0.000000E+00,3.671040E-02,2.158960E+03,2.546769E-02,0.000000E+00,0.000000E+00,6.361208E-02,2.909895E+03,2.546769E-02,0.000000E+00,0.000000E+00,9.416507E-02,3.762935E+03,2.546769E-02,0.000000E+00,0.000000E+00,6.699982E-02,3.004551E+03,2.546769E-02,0.000000E+00,0.000000E+00,9.395562E-02,3.757087E+03,2.546769E-02,0.000000E+00,0.000000E+00,9.409322E-02,3.760929E+03,2.546769E-02,0.000000E+00,0.000000E+00,6.691149E-02,3.002085E+03,2.546769E-02,0.000000E+00,0.000000E+00,9.384969E-02,3.754130E+03,2.546769E-02,0.000000E+00,0.000000E+00
04:00:00,9.257647E-02,3.718587E+03,2.546769E-02,0.000000E+00,0.000000E+00,6.535149E-02,2.958536E+03,2.546769E-02,0.000000E+00,0.000000E+00,9.246796E-02,3.715557E+03,2.546769E-02,0.000000E+00,0.000000E+00,9.256621E-02,3.718300E+03,2.546769E-02,0.000000E+00,0.000000E+00,6.531498E-02,2.957517E+03,2.546769E-02,0.000000E+00,0.000000E+00,9.240416E-02,3.713776E+03,2.546769E-02,0.000000E+00,0.000000E+00,6.404127E-02,2.921875E+03,2.546769E-02,0.000000E+00,0.000000E+00,3.695205E-02,2.165705E+03,2.546769E-02,0.000000E+00,0.000000E+00,6.386981E-02,2.917089E+03,2.546769E-02,0.000000E+00,0.000000E+00,6.401268E-02,2.921077E+03,2.546769E-02,0.000000E+00,0.000000E+00,3.690049E-02,2.164266E+03,2.546769E-02,0.000000E+00,0.000000E+00,6.379316E-02,2.914950E+03,2.546769E-02,0.000000E+00,0.000000E+00,9.432721E-02,3.767461E+03,2.546769E-02,0.000000E+00,0.000000E+00,6.717352E-02,3.009400E+03,2.546769E-02,0.000000E+00,0.000000E+00,9.411783E-02,3.761616E+03,2.546769E-02,0.000000E+00,0.000000E+00,9.425539E-02,3.765456E+03,2.546769E-02,0.000000E+00,0.000000E+00,6.708522E-02,3.006935E+03,2.546769E-02,0.000000E+00,0.000000E+00,9.401194E-02,3.758660E+03,2.546769E-02,0.000000E+00,0.000000E+00
04:15:00,9.263329E-02,3.720173E+03,2.546769E-02,0.000000E+00,0.000000E+00,6.542108E-02,2.960479E+03,2.546769E-02,0.000000E+00,0.000000E+00,9.252482E-02,3.717145E+03,2.546769E-02,0.000000E+00,0.000000E+00,9.262303E-02,3.719887E+03,2.546769E-02,0.000000E+00,0.000000E+00,6.538459E-02,2.959460E+03,2.546769E-02,0.000000E+00,0.000000E+00,9.246104E-02,3.715364E+03,2.546769E-02,0.000000E+00,0.000000E+00,6.412625E-02,2.924248E+03,2.546769E-02,0.000000E+00,0.000000E+00,3.704939E-02,2.168422E+03,2.546769E-02,0.000000E+00,0.000000E+00,6.395485E-02,2.919463E+03,2.546769E-02,0.000000E+00,0.000000E+00,6.409768E-02,2.923450E+03,2.546769E-02,0.000000E+00,0.000000E+00,3.699785E-02,2.166984E+03,2.546769E-02,0.000000E+00,0.000000E+00,6.387823E-02,2.917325E+03,2.546769E-02,0.000000E+00,0.000000E+00,9.439894E-02,3.769464E+03,2.546769E-02,0.000000E+00,0.000000E+00,6.725858E-02,3.011774E+03,2.546769E-02,0.000000E+00,0.000000E+00,9.418963E-02,3.763621E+03,2.546769E-02,0.000000E+00,0.000000E+00,9.432715E-02,3.767460E+03,2.546769E-02,0.000000E+00,0.000000E+00,6.717032E-02,3.009310E+03,2.546769E-02,0.000000E+00,0.000000E+00,9.408377E-02,3.760665E+03,2.546769E-02,0.000000E+00,0.000000E+00
04:30:00,9.264961E-02,3.720628E+03,2.546769E-02,0.000000E+00,0.000000E+00,6.545164E-02,2.961332E+03,2.546769E-02,0.000000E+00,0.000000E+00,9.254118E-02,3.717601E+03,2.546769E-02,0.000000E+00,0.000000E+00,9.263935E-02,3.720342E+03,2.546769E-02,0.000000E+00,0.000000E+00,6.541516E-02,2.960313E+03,2.546769E-02,0.000000E+00,0.000000E+00,9.247742E-02,3.715821E+03,2.546769E-02,0.000000E+00,0.000000E+00,6.417375E-02,2.925574E+03,2.546769E-02,0.000000E+00,0.000000E+00,3.711133E-02,2.170151E+03,2.546769E-02,0.000000E+00,0.000000E+00,6.400241E-02,2.920791E+03,2.546769E-02,0.000000E+00,0.000000E+00,6.414519E-02,2.924777E+03,2.546769E-02,0.000000E+00,0.000000E+00,3.705981E-02,2.168713E+03,2.546769E-02,0.000000E+00,0.000000E+00,6.392581E-02,2.918653E+03,2.546769E-02,0.000000E+00,0.000000E+00,9.443314E-02,3.770418E+03,2.546769E-02,0.000000E+00,0.000000E+00,6.730730E-02,3.013134E+03,2.546769E-02,0.000000E+00,0.000000E+00,9.422389E-02,3.764577E+03,2.546769E-02,0.000000E+00,0.000000E+00,9.436136E-02,3.768414E+03,2.546769E-02,0.000000E+00,0.000000E+00,6.721907E-02,3.010671E+03,2.546769E-02,0.000000E+00,0.000000E+00,9.411806E-02,3.761622E+03,2.546769E-02,0.000000E+00,0.000000E+00
04:45:00,9.264055E-02,3.720375E+03,2.546769E-02,0.000000E+00,0.000000E+00,6.545690E-02,2.961478E+03,2.546769E-02,0.000000E+00,0.000000E+00,9.253217E-02,3.717349E+03,2.546769E-02,0.000000E+00,0.000000E+00,9.263030E-02,3.720089E+03,2.546769E-02,0.000000E+00,0.000000E+00,6.542043E-02,2.960460E+03,2.546769E-02,0.000000E+00,0.000000E+00,9.246842E-02,3.715570E+03,2.546769E-02,0.000000E+00,0.000000E+00,6.419567E-02,2.926186E+03,2.546769E-02,0.000000E+00,0.000000E+00,3.714826E-02,2.171182E+03,2.546769E-02,0.000000E+00,0.000000E+00,6.402439E-02,2.921405E+03,2.546769E-02,0.000000E+00,0.000000E+00,6.416711E-02,2.925389E+03,2.546769E-02,0.000000E+00,0.000000E+00,3.709676E-02,2.169745E+03,2.546769E-02,0.000000E+00,0.000000E+00,6.394781E-02,2.919267E+03,2.546769E-02,0.000000E+00,0.000000E+00,9.443940E-02,3.770593E+03,2.546769E-02,0.000000E+00,0.000000E+00,6.732834E-02,3.013722E+03,2.546769E-02,0.000000E+00,0.000000E+00,9.423023E-02,3.764754E+03,2.546769E-02,0.000000E+00,0.000000E+00,9.436764E-02,3.768590E+03,2.546769E-02,0.000000E+00,0.000000E+00,6.724014E-02,3.011259E+03,2.546769E-02,0.000000E+00,0.000000E+00,9.412443E-02,3.761800E+03,2.546769E-02,0.000000E+00,0.000000E+00
05:00:00,9.261113E-02,3.719554E+03,2.546769E-02,0.000000E+00,0.000000E+00,6.544133E-02,2.961043E+03,2.546769E-02,0.000000E+00,0.000000E+00,9.250278E-02,3.716529E+03,2.546769E-02,0.000000E+00,0.000000E+00,9.260088E-02,3.719267E+03,2.546769E-02,0.000000E+00,0.000000E+00,6.540488E-02,2.960026E+03,2.546769E-02,0.000000E+00,0.000000E+00,9.243905E-02,3.714750E+03,2.546769E-02,0.000000E+00,0.000000E+00,6.419616E-02,2.926199E+03,2.546769E-02,0.000000E+00,0.000000E+00,3.716379E-02,2.171616E+03,2.546769E-02,0.000000E+00,0.000000E+00,6.402494E-02,2.921420E+03,2.546769E-02,0.000000E+00,0.000000E+00,6.416761E-02,2.925403E+03,2.546769E-02,0.000000E+00,0.000000E+00,3.711232E-02,2.170179E+03,2.546769E-02,0.000000E+00,0.000000E+00,6.394839E-02,2.919283E+03,2.546769E-02,0.000000E+00,0.000000E+00,9.442264E-02,3.770125E+03,2.546769E-02,0.000000E+00,0.000000E+00,6.732606E-02,3.013658E+03,2.546769E-02,0.000000E+00,0.000000E+00,9.421353E-02,3.764287E+03,2.546769E-02,0.000000E+00,0.000000E+00,9.435089E-02,3.768122E+03,2.546769E-02,0.000000E+00,0.000000E+00,6.723790E-02,3.011197E+03,2.546769E-02,0.000000E+00,0.000000E+00,9.410775E-02,3.761334E+03,2.546769E-02,0.000000E+00,0.000000E+00
05:15:00,9.244404E-02,3.714889E+03,2.546769E-02,0.000000E+00,0.000000E+00,6.529444E-02,2.956943E+03,2.546769E-02,0.000000E+00,0.000000E+00,9.233574E-02,3.711865E+03,2.546769E-02,0.000000E+00,0.000000E+00,9.243378E-02,3.714602E+03,2.546769E-02,0.000000E+00,0.000000E+00,6.525800E-02,2.955925E+03,2.546769E-02,0.000000E+00,0.000000E+00,9.227202E-02,3.710086E+03,2.546769E-02,0.000000E+00,0.000000E+00,6.407603E-02,2.922846E+03,2.546769E-02,0.000000E+00,0.000000E+00,3.706598E-02,2.168886E+03,2.546769E-02,0.000000E+00,0.000000E+00,6.390488E-02,2.918069E+03,2.546769E-02,0.000000E+00,0.000000E+00,6.404748E-02,2.922049E+03,2.546769E-02,0.000000E+00,0.000000E+00,3.701452E-02,2.167449E+03,2.546769E-02,0.000000E+00,0.000000E+00,6.382835E-02,2.915933E+03,2.546769E-02,0.000000E+00,0.000000E+00,9.429443E-02,3.766545E+03,2.546769E-02,0.000000E+00,0.000000E+00,6.721697E-02,3.010612E+03,2.546769E-02,0.000000E+00,0.000000E+00,9.408538E-02,3.760709E+03,2.546769E-02,0.000000E+00,0.000000E+00,9.422269E-02,3.764542E+03,2.546769E-02,0.000000E+00,0.000000E+00,6.712883E-02,3.008152E+03,2.546769E-02,0.000000E+00,0.000000E+00,9.397963E-02,3.757757E+03,2.546769E-02,0.000000E+00,0.000000E+00
05:30:00,9.221094E-02,3.708381E+03,2.546769E-02,0.000000E+00,0.000000E+00,6.508507E-02,2.951098E+03,2.546769E-02,0.000000E+00,0.000000E+00,9.210267E-02,3.705358E+03,2.546769E-02,0.000000E+00,0.000000E+00,9.220065E-02,3.708093E+03,2.546769E-02,0.000000E+00,0.000000E+00,6.504862E-02,2.950080E+03,2.546769E-02,0.000000E+00,0.000000E+00,9.203896E-02,3.703579E+03,2.546769E-02,0.000000E+00,0.000000E+00,6.389587E-02,2.917817E+03,2.546769E-02,0.000000E+00,0.000000E+00,3.691245E-02,2.164600E+03,2.546769E-02,0.000000E+00,0.000000E+00,6.372479E-02,2.913042E+03,2.546769E-02,0.000000E+00,0.000000E+00,6.386730E-02,2.917020E+03,2.546769E-02,0.000000E+00,0.000000E+00,3.686100E-02,2.163164E+03,2.546769E-02,0.000000E+00,0.000000E+00,6.364827E-02,2.910906E+03,2.546769E-02,0.000000E+00,0.000000E+00,9.410240E-02,3.761184E+03,2.546769E-02,0.000000E+00,0.000000E+00,6.704726E-02,3.005874E+03,2.546769E-02,0.000000E+00,0.000000E+00,9.389341E-02,3.755350E+03,2.546769E-02,0.000000E+00,0.000000E+00,9.403064E-02,3.759181E+03,2.546769E-02,0.000000E+00,0.000000E+00,6.695914E-02,3.003414E+03,2.546769E-02,0.000000E+00,0.000000E+00,9.378767E-02,3.752398E+03,2.546769E-02,0.000000E+00,0.000000E+00
05:45:00,9.194073E-02,3.700836E+03,2.546769E-02,0.000000E+00,0.000000E+00,6.483880E-02,2.944222E+03,2.546769E-02,0.000000E+00,0.000000E+00,9.183250E-02,3.697815E+03,2.546769E-02,0.000000E+00,0.000000E+00,9.193042E-02,3.700549E+03,2.546769E-02,0.000000E+00,0.000000E+00,6.480236E-02,2.943205E+03,2.546769E-02,0.000000E+00,0.000000E+00,9.176880E-02,3.696037E+03,2.546769E-02,0.000000E+00,0.000000E+00,6.367738E-02,2.911718E+03,2.546769E-02,0.000000E+00,0.000000E+00,3.672158E-02,2.159273E+03,2.546769E-02,0.000000E+00,0.000000E+00,6.350638E-02,2.906945E+03,2.546769E-02,0.000000E+00,0.000000E+00,6.364879E-02,2.910920E+03,2.546769E-02,0.000000E+00,0.000000E+00,3.667014E-02,2.157837E+03,2.546769E-02,0.000000E+00,0.000000E+00,6.342987E-02,2.904809E+03,2.546769E-02,0.000000E+00,0.000000E+00,9.386561E-02,3.754573E+03,2.546769E-02,0.000000E+00,0.000000E+00,6.683368E-02,2.999911E+03,2.546769E-02,0.000000E+00,0.000000E+00,9.365669E-02,3.748740E+03,2.546769E-02,0.000000E+00,0.000000E+00,9.379385E-02,3.752569E+03,2.546769E-02,0.000000E+00,0.000000E+00,6.674559E-02,2.997452E+03,2.546769E-02,0.000000E+00,0.000000E+00,9.355097E-02,3.745789E+03,2.546769E-02,0.000000E+00,0.000000E+00
06:00:00,9.163890E-02,3.692410E+03,2.546769E-02,0.000000E+00,0.000000E+00,6.456023E-02,2.936445E+03,2.546769E-02,0.000000E+00,0.000000E+00,9.153072E-02,3.689389E+03,2.546769E-02,0.000000E+00,0.000000E+00,9.162857E-02,3.692121E+03,2.546769E-02,0.000000E+00,0.000000E+00,6.452379E-02,2.935428E+03,2.546769E-02,0.000000E+00,0.000000E+00,9.146702E-02,3.687611E+03,2.546769E-02,0.000000E+00,0.000000E+00,6.342569E-02,2.904692E+03,2.546769E-02,0.000000E+00,0.000000E+00,3.649763E-02,2.153022E+03,2.546769E-02,0.000000E+00,0.000000E+00,6.325477E-02,2.899921E+03,2.546769E-02,0.000000E+00,0.000000E+00,6.339708E-02,2.903894E+03,2.546769E-02,0.000000E+00,0.000000E+00,3.644621E-02,2.151586E+03,2.546769E-02,0.000000E+00,0.000000E+00,6.317827E-02,2.897786E+03,2.546769E-02,0.000000E+00,0.000000E+00,9.359188E-02,3.746930E+03,2.546769E-02,0.000000E+00,0.000000E+00,6.658304E-02,2.992914E+03,2.546769E-02,0.000000E+00,0.000000E+00,9.338303E-02,3.741100E+03,2.546769E-02,0.000000E+00,0.000000E+00,9.352012E-02,3.744927E+03,2.546769E-02,0.000000E+00,0.000000E+00,6.649497E-02,2.990455E+03,2.546769E-02,0.000000E+00,0.000000E+00,9.327733E-02,3.738149E+03,2.546769E-02,0.000000E+00,0.000000E+00
06:15:00,9.137640E-02,3.685080E+03,2.546769E-02,0.000000E+00,0.000000E+00,6.431923E-02,2.929717E+03,2.546769E-02,0.000000E+00,0.000000E+00,9.126825E-02,3.682061E+03,2.546769E-02,0.000000E+00,0.000000E+00,9.136605E-02,3.684791E+03,2.546769E-02,0.000000E+00,0.000000E+00,6.428279E-02,2.928699E+03,2.546769E-02,0.000000E+00,0.000000E+00,9.120457E-02,3.680283E+03,2.546769E-02,0.000000E+00,0.000000E+00,6.320982E-02,2.898666E+03,2.546769E-02,0.000000E+00,0.000000E+00,3.630852E-02,2.147743E+03,2.546769E-02,0.000000E+00,0.000000E+00,6.303898E-02,2.893897E+03,2.546769E-02,0.000000E+00,0.000000E+00,6.318119E-02,2.897867E+03,2.546769E-02,0.000000E+00,0.000000E+00,3.625711E-02,2.146308E+03,2.546769E-02,0.000000E+00,0.000000E+00,6.296249E-02,2.891762E+03,2.546769E-02,0.000000E+00,0.000000E+00,9.335124E-02,3.740211E+03,2.546769E-02,0.000000E+00,0.000000E+00,6.636439E-02,2.986810E+03,2.546769E-02,0.000000E+00,0.000000E+00,9.314246E-02,3.734383E+03,2.546769E-02,0.000000E+00,0.000000E+00,9.327948E-02,3.738208E+03,2.546769E-02,0.000000E+00,0.000000E+00,6.627635E-02,2.984352E+03,2.546769E-02,0.000000E+00,0.000000E+00,9.303677E-02,3.731432E+03,2.546769E-02,0.000000E+00,0.000000E+00
06:30:00,9.109510E-02,3.677227E+03,2.546769E-02,0.000000E+00,0.000000E+00,6.405792E-02,2.922421E+03,2.546769E-02,0.000000E+00,0.000000E+00,9.098699E-02,3.674209E+03,2.546769E-02,0.000000E+00,0.000000E+00,9.108473E-02,3.676937E+03,2.546769E-02,0.000000E+00,0.000000E+00,6.402148E-02,2.921404E+03,2.546769E-02,0.000000E+00,0.000000E+00,9.092331E-02,3.672431E+03,2.546769E-02,0.000000E+00,0.000000E+00,6.297196E-02,2.892026E+03,2.546769E-02,0.000000E+00,0.000000E+00,3.609651E-02,2.141825E+03,2.546769E-02,0.000000E+00,0.000000E+00,6.280119E-02,2.887260E+03,2.546769E-02,0.000000E+00,0.000000E+00,6.294332E-02,2.891227E+03,2.546769E-02,0.000000E+00,0.000000E+00,3.604511E-02,2.140390E+03,2.546769E-02,0.000000E+00,0.000000E+00,6.272472E-02,2.885125E+03,2.546769E-02,0.000000E+00,0.000000E+00,9.308810E-02,3.732864E+03,2.546769E-02,0.000000E+00,0.000000E+00,6.612197E-02,2.980042E+03,2.546769E-02,0.000000E+00,0.000000E+00,9.287938E-02,3.727038E+03,2.546769E-02,0.000000E+00,0.000000E+00,9.301633E-02,3.730861E+03,2.546769E-02,0.000000E+00,0.000000E+00,6.603395E-02,2.977584E+03,2.546769E-02,0.000000E+00,0.000000E+00,9.277370E-02,3.724088E+03,2.546769E-02,0.000000E+00,0.000000E+00
06:45:00,9.079339E-02,3.668803E+03,2.546769E-02,0.000000E+00,0.000000E+00,6.377502E-02,2.914523E+03,2.546769E-02,0.000000E+00,0.000000E+00,9.068531E-02,3.665786E+03,2.546769E-02,0.000000E+00,0.000000E+00,9.078299E-02,3.668513E+03,2.546769E-02,0.000000E+00,0.000000E+00,6.373858E-02,2.913506E+03,2.546769E-02,0.000000E+00,0.000000E+00,9.062163E-02,3.664008E+03,2.546769E-02,0.000000E+00,0.000000E+00,6.271165E-02,2.884760E+03,2.546769E-02,0.000000E+00,0.000000E+00,3.586146E-02,2.135264E+03,2.546769E-02,0.000000E+00,0.000000E+00,6.254095E-02,2.879995E+03,2.546769E-02,0.000000E+00,0.000000E+00,6.268298E-02,2.883959E+03,2.546769E-02,0.000000E+00,0.000000E+00,3.581007E-02,2.133829E+03,2.546769E-02,0.000000E+00,0.000000E+00,6.246449E-02,2.877860E+03,2.546769E-02,0.000000E+00,0.000000E+00,9.280295E-02,3.724903E+03,2.546769E-02,0.000000E+00,0.000000E+00,6.585639E-02,2.972627E+03,2.546769E-02,0.000000E+00,0.000000E+00,9.259428E-02,3.719078E+03,2.546769E-02,0.000000E+00,0.000000E+00,9.273118E-02,3.722899E+03,2.546769E-02,0.000000E+00,0.000000E+00,6.576839E-02,2.970170E+03,2.546769E-02,0.000000E+00,0.000000E+00,9.248862E-02,3.716128E+03,2.546769E-02,0.000000E+00,0.000000E+00
07:00:00,9.047387E-02,3.659882E+03,2.546769E-02,0.000000E+00,0.000000E+00,6.347314E-02,2.906095E+03,2.546769E-02,0.000000E+00,0.000000E+00,9.036582E-02,3.656865E+03,2.546769E-02,0.000000E+00,0.000000E+00,9.046345E-02,3.659591E+03,2.546769E-02,0.000000E+00,0.000000E+00,6.343670E-02,2.905078E+03,2.546769E-02,0.000000E+00,0.000000E+00,9.030214E-02,3.655088E+03,2.546769E-02,0.000000E+00,0.000000E+00,6.243115E-02,2.876929E+03,2.546769E-02,0.000000E+00,0.000000E+00,3.560553E-02,2.128120E+03,2.546769E-02,0.000000E+00,0.000000E+00,6.226052E-02,2.872166E+03,2.546769E-02,0.000000E+00,0.000000E+00,6.240246E-02,2.876128E+03,2.546769E-02,0.000000E+00,0.000000E+00,3.555414E-02,2.126686E+03,2.546769E-02,0.000000E+00,0.000000E+00,6.218406E-02,2.870032E+03,2.546769E-02,0.000000E+00,0.000000E+00,9.249848E-02,3.716402E+03,2.546769E-02,0.000000E+00,0.000000E+00,6.557031E-02,2.964640E+03,2.546769E-02,0.000000E+00,0.000000E+00,9.228986E-02,3.710578E+03,2.546769E-02,0.000000E+00,0.000000E+00,9.242670E-02,3.714398E+03,2.546769E-02,0.000000E+00,0.000000E+00,6.548233E-02,2.962184E+03,2.546769E-02,0.000000E+00,0.000000E+00,9.218421E-02,3.707628E+03,2.546769E-02,0.000000E+00,0.000000E+00
07:15:00,9.038676E-02,3.657449E+03,2.546769E-02,0.000000E+00,0.000000E+00,6.339896E-02,2.904024E+03,2.546769E-02,0.000000E+00,0.000000E+00,9.027873E-02,3.654433E+03,2.546769E-02,0.000000E+00,0.000000E+00,9.037633E-02,3.657157E+03,2.546769E-02,0.000000E+00,0.000000E+00,6.336252E-02,2.903006E+03,2.546769E-02,0.000000E+00,0.000000E+00,9.021507E-02,3.652655E+03,2.546769E-02,0.000000E+00,0.000000E+00,6.237050E-02,2.875236E+03,2.546769E-02,0.000000E+00,0.000000E+00,3.556475E-02,2.126982E+03,2.546769E-02,0.000000E+00,0.000000E+00,6.219993E-02,2.870474E+03,2.546769E-02,0.000000E+00,0.000000E+00,6.234179E-02,2.874434E+03,2.546769E-02,0.000000E+00,0.000000E+00,3.551338E-02,2.125548E+03,2.546769E-02,0.000000E+00,0.000000E+00,6.212348E-02,2.868340E+03,2.546769E-02,0.000000E+00,0.000000E+00,9.240958E-02,3.713918E+03,2.546769E-02,0.000000E+00,0.000000E+00,6.549594E-02,2.962563E+03,2.546769E-02,0.000000E+00,0.000000E+00,9.220100E-02,3.708096E+03,2.546769E-02,0.000000E+00,0.000000E+00,9.233779E-02,3.711914E+03,2.546769E-02,0.000000E+00,0.000000E+00,6.540798E-02,2.960107E+03,2.546769E-02,0.000000E+00,0.000000E+00,9.209536E-02,3.705146E+03,2.546769E-02,0.000000E+00,0.000000E+00
07:30:00,9.031726E-02,3.655507E+03,2.546769E-02,0.000000E+00,0.000000E+00,6.333914E-02,2.902353E+03,2.546769E-02,0.000000E+00,0.000000E+00,9.020925E-02,3.652492E+03,2.546769E-02,0.000000E+00,0.000000E+00,9.030681E-02,3.655215E+03,2.546769E-02,0.000000E+00,0.000000E+00,6.330270E-02,2.901336E+03,2.546769E-02,0.000000E+00,0.000000E+00,9.014558E-02,3.650714E+03,2.546769E-02,0.000000E+00,0.000000E+00,6.232011E-02,2.873828E+03,2.546769E-02,0.000000E+00,0.000000E+00,3.553090E-02,2.126037E+03,2.546769E-02,0.000000E+00,0.000000E+00,6.214959E-02,2.869068E+03,2.546769E-02,0.000000E+00,0.000000E+00,6.229139E-02,2.873027E+03,2.546769E-02,0.000000E+00,0.000000E+00,3.547954E-02,2.124603E+03,2.546769E-02,0.000000E+00,0.000000E+00,6.207315E-02,2.866935E+03,2.546769E-02,0.000000E+00,0.000000E+00,9.233446E-02,3.711820E+03,2.546769E-02,0.000000E+00,0.000000E+00,6.543220E-02,2.960783E+03,2.546769E-02,0.000000E+00,0.000000E+00,9.212592E-02,3.705998E+03,2.546769E-02,0.000000E+00,0.000000E+00,9.226266E-02,3.709816E+03,2.546769E-02,0.000000E+00,0.000000E+00,6.534425E-02,2.958328E+03,2.546769E-02,0.000000E+00,0.000000E+00,9.202028E-02,3.703049E+03,2.546769E-02,0.000000E+00,0.000000E+00
07:45:00,9.025149E-02,3.653670E+03,2.546769E-02,0.000000E+00,0.000000E+00,6.328143E-02,2.900742E+03,2.546769E-02,0.000000E+00,0.000000E+00,9.014349E-02,3.650655E+03,2.546769E-02,0.000000E+00,0.000000E+00,9.024102E-02,3.653378E+03,2.546769E-02,0.000000E+00,0.000000E+00,6.324499E-02,2.899724E+03,2.546769E-02,0.000000E+00,0.000000E+00,9.007983E-02,3.648878E+03,2.546769E-02,0.000000E+00,0.000000E+00,6.227013E-02,2.872432E+03,2.546769E-02,0.000000E+00,0.000000E+00,3.549578E-02,2.125056E+03,2.546769E-02,0.000000E+00,0.000000E+00,6.209965E-02,2.867674E+03,2.546769E-02,0.000000E+00,0.000000E+00,6.224139E-02,2.871630E+03,2.546769E-02,0.000000E+00,0.000000E+00,3.544442E-02,2.123623E+03,2.546769E-02,0.000000E+00,0.000000E+00,6.202321E-02,2.865540E+03,2.546769E-02,0.000000E+00,0.000000E+00,9.226540E-02,3.709891E+03,2.546769E-02,0.000000E+00,0.000000E+00,6.537246E-02,2.959114E+03,2.546769E-02,0.000000E+00,0.000000E+00,9.205688E-02,3.704070E+03,2.546769E-02,0.000000E+00,0.000000E+00,9.219360E-02,3.707886E+03,2.546769E-02,0.000000E+00,0.000000E+00,6.528452E-02,2.956660E+03,2.546769E-02,0.000000E+00,0.000000E+00,9.195124E-02,3.701121E+03,2.546769E-02,0.000000E+00,0.000000E+00
08:00:00,9.018728E-02,3.651877E+03,2.546769E-02,0.000000E+00,0.000000E+00,6.322431E-02,2.899147E+03,2.546769E-02,0.000000E+00,0.000000E+00,9.007929E-02,3.648862E+03,2.546769E-02,0.000000E+00,0.000000E+00,9.017679E-02,3.651584E+03,2.546769E-02,0.000000E+00,0.000000E+00,6.318786E-02,2.898129E+03,2.546769E-02,0.000000E+00,0.000000E+00,9.001563E-02,3.647085E+03,2.546769E-02,0.000000E+00,0.000000E+00,6.221905E-02,2.871006E+03,2.546769E-02,0.000000E+00,0.000000E+00,3.545837E-02,2.124012E+03,2.546769E-02,0.000000E+00,0.000000E+00,6.204860E-02,2.866248E+03,2.546769E-02,0.000000E+00,0.000000E+00,6.219029E-02,2.870203E+03,2.546769E-02,0.000000E+00,0.000000E+00,3.540702E-02,2.122578E+03,2.546769E-02,0.000000E+00,0.000000E+00,6.197217E-02,2.864115E+03,2.546769E-02,0.000000E+00,0.000000E+00,9.219991E-02,3.708062E+03,2.546769E-02,0.000000E+00,0.000000E+00,6.531485E-02,2.957506E+03,2.546769E-02,0.000000E+00,0.000000E+00,9.199140E-02,3.702241E+03,2.546769E-02,0.000000E+00,0.000000E+00,9.212809E-02,3.706057E+03,2.546769E-02,0.000000E+00,0.000000E+00,6.522692E-02,2.955051E+03,2.546769E-02,0.000000E+00,0.000000E+00,9.188576E-02,3.699292E+03,2.546769E-02,0.000000E+00,0.000000E+00
08:15:00,9.085153E-02,3.670419E+03,2.546769E-02,0.000000E+00,0.000000E+00,6.388190E-02,2.917503E+03,2.546769E-02,0.000000E+00,0.000000E+00,9.074355E-02,3.667405E+03,2.546769E-02,0.000000E+00,0.000000E+00,9.084106E-02,3.670127E+03,2.546769E-02,0.000000E+00,0.000000E+00,6.384546E-02,2.916486E+03,2.546769E-02,0.000000E+00,0.000000E+00,9.067989E-02,3.665628E+03,2.546769E-02,0.000000E+00,0.000000E+00,6.286107E-02,2.888927E+03,2.546769E-02,0.000000E+00,0.000000E+00,3.609900E-02,2.141894E+03,2.546769E-02,0.000000E+00,0.000000E+00,6.269065E-02,2.884169E+03,2.546769E-02,0.000000E+00,0.000000E+00,6.283233E-02,2.888124E+03,2.546769E-02,0.000000E+00,0.000000E+00,3.604767E-02,2.140461E+03,2.546769E-02,0.000000E+00,0.000000E+00,6.261423E-02,2.882036E+03,2.546769E-02,0.000000E+00,0.000000E+00,9.281141E-02,3.725132E+03,2.546769E-02,0.000000E+00,0.000000E+00,6.592353E-02,2.974497E+03,2.546769E-02,0.000000E+00,0.000000E+00,9.260292E-02,3.719312E+03,2.546769E-02,0.000000E+00,0.000000E+00,9.273960E-02,3.723127E+03,2.546769E-02,0.000000E+00,0.000000E+00,6.583562E-02,2.972043E+03,2.546769E-02,0.000000E+00,0.000000E+00,9.249729E-02,3.716363E+03,2.546769E-02,0.000000E+00,0.000000E+00
08:30:00,9.162018E-02,3.691878E+03,2.546769E-02,0.000000E+00,0.000000E+00,6.463555E-02,2.938543E+03,2.546769E-02,0.000000E+00,0.000000E+00,9.151221E-02,3.688864E+03,2.546769E-02,0.000000E+00,0.000000E+00,9.160973E-02,3.691587E+03,2.546769E-02,0.000000E+00,0.000000E+00,6.459913E-02,2.937526E+03,2.546769E-02,0.000000E+00,0.000000E+00,9.144856E-02,3.687087E+03,2.546769E-02,0.000000E+00,0.000000E+00,6.359040E-02,2.909285E+03,2.546769E-02,0.000000E+00,0.000000E+00,3.681711E-02,2.161938E+03,2.546769E-02,0.000000E+00,0.000000E+00,6.341999E-02,2.904528E+03,2.546769E-02,0.000000E+00,0.000000E+00,6.356169E-02,2.908483E+03,2.546769E-02,0.000000E+00,0.000000E+00,3.676580E-02,2.160506E+03,2.546769E-02,0.000000E+00,0.000000E+00,6.334359E-02,2.902395E+03,2.546769E-02,0.000000E+00,0.000000E+00,9.351865E-02,3.744877E+03,2.546769E-02,0.000000E+00,0.000000E+00,6.662004E-02,2.993941E+03,2.546769E-02,0.000000E+00,0.000000E+00,9.331015E-02,3.739056E+03,2.546769E-02,0.000000E+00,0.000000E+00,9.344686E-02,3.742872E+03,2.546769E-02,0.000000E+00,0.000000E+00,6.653214E-02,2.991488E+03,2.546769E-02,0.000000E+00,0.000000E+00,9.320454E-02,3.736108E+03,2.546769E-02,0.000000E+00,0.000000E+00
08:45:00,9.244280E-02,3.714845E+03,2.546769E-02,0.000000E+00,0.000000E+00,6.544036E-02,2.961011E+03,2.546769E-02,0.000000E+00,0.000000E+00,9.233481E-02,3.711831E+03,2.546769E-02,0.000000E+00,0.000000E+00,9.243237E-02,3.714554E+03,2.546769E-02,0.000000E+00,0.000000E+00,6.540395E-02,2.959995E+03,2.546769E-02,0.000000E+00,0.000000E+00,9.227117E-02,3.710054E+03,2.546769E-02,0.000000E+00,0.000000E+00,6.436946E-02,2.931031E+03,2.546769E-02,0.000000E+00,0.000000E+00,3.758095E-02,2.183259E+03,2.546769E-02,0.000000E+00,0.000000E+00,6.419903E-02,2.926274E+03,2.546769E-02,0.000000E+00,0.000000E+00,6.434077E-02,2.930230E+03,2.546769E-02,0.000000E+00,0.000000E+00,3.752965E-02,2.181827E+03,2.546769E-02,0.000000E+00,0.000000E+00,6.412264E-02,2.924142E+03,2.546769E-02,0.000000E+00,0.000000E+00,9.429051E-02,3.766427E+03,2.546769E-02,0.000000E+00,0.000000E+00,6.737710E-02,3.015077E+03,2.546769E-02,0.000000E+00,0.000000E+00,9.408199E-02,3.760605E+03,2.546769E-02,0.000000E+00,0.000000E+00,9.421874E-02,3.764423E+03,2.546769E-02,0.000000E+00,0.000000E+00,6.728921E-02,3.012623E+03,2.546769E-02,0.000000E+00,0.000000E+00,9.397638E-02,3.757657E+03,2.546769E-02,0.000000E+00,0.000000E+00
09:00:00,9.330754E-02,3.738990E+03,2.546769E-02,0.000000E+00,0.000000E+00,6.628674E-02,2.984641E+03,2.546769E-02,0.000000E+00,0.000000E+00,9.319954E-02,3.735975E+03,2.546769E-02,0.000000E+00,0.000000E+00,9.329713E-02,3.738699E+03,2.546769E-02,0.000000E+00,0.000000E+00,6.625034E-02,2.983625E+03,2.546769E-02,0.000000E+00,0.000000E+00,9.313590E-02,3.734198E+03,2.546769E-02,0.000000E+00,0.000000E+00,6.518905E-02,2.953910E+03,2.546769E-02,0.000000E+00,0.000000E+00,3.838327E-02,2.205655E+03,2.546769E-02,0.000000E+00,0.000000E+00,6.501858E-02,2.949152E+03,2.546769E-02,0.000000E+00,0.000000E+00,6.516037E-02,2.953110E+03,2.546769E-02,0.000000E+00,0.000000E+00,3.833199E-02,2.204223E+03,2.546769E-02,0.000000E+00,0.000000E+00,6.494220E-02,2.947020E+03,2.546769E-02,0.000000E+00,0.000000E+00,9.511323E-02,3.789398E+03,2.546769E-02,0.000000E+00,0.000000E+00,6.818331E-02,3.037585E+03,2.546769E-02,0.000000E+00,0.000000E+00,9.490467E-02,3.783576E+03,2.546769E-02,0.000000E+00,0.000000E+00,9.504146E-02,3.787394E+03,2.546769E-02,0.000000E+00,0.000000E+00,6.809541E-02,3.035131E+03,2.546769E-02,0.000000E+00,0.000000E+00,9.479906E-02,3.780627E+03,2.546769E-02,0.000000E+00,0.000000E+00
09:15:00,9.366840E-02,3.749069E+03,2.546769E-02,0.000000E+00,0.000000E+00,6.663358E-02,2.994326E+03,2.546769E-02,0.000000E+00,0.000000E+00,9.356039E-02,3.746054E+03,2.546769E-02,0.000000E+00,0.000000E+00,9.365801E-02,3.748779E+03,2.546769E-02,0.000000E+00,0.000000E+00,6.659718E-02,2.993310E+03,2.546769E-02,0.000000E+00,0.000000E+00,9.349675E-02,3.744277E+03,2.546769E-02,0.000000E+00,0.000000E+00,6.551494E-02,2.963009E+03,2.546769E-02,0.000000E+00,0.000000E+00,3.869513E-02,2.214360E+03,2.546769E-02,0.000000E+00,0.000000E+00,6.534444E-02,2.958250E+03,2.546769E-02,0.000000E+00,0.000000E+00,6.548628E-02,2.962209E+03,2.546769E-02,0.000000E+00,0.000000E+00,3.864385E-02,2.212928E+03,2.546769E-02,0.000000E+00,0.000000E+00,6.526805E-02,2.956118E+03,2.546769E-02,0.000000E+00,0.000000E+00,9.545712E-02,3.799003E+03,2.546769E-02,0.000000E+00,0.000000E+00,6.851290E-02,3.046789E+03,2.546769E-02,0.000000E+00,0.000000E+00,9.524853E-02,3.793180E+03,2.546769E-02,0.000000E+00,0.000000E+00,9.538535E-02,3.797000E+03,2.546769E-02,0.000000E+00,0.000000E+00,6.842499E-02,3.044335E+03,2.546769E-02,0.000000E+00,0.000000E+00,9.514291E-02,3.790232E+03,2.546769E-02,0.000000E+00,0.000000E+00
09:30:00,9.402428E-02,3.759009E+03,2.546769E-02,0.000000E+00,0.000000E+00,6.697818E-02,3.003949E+03,2.546769E-02,0.000000E+00,0.000000E+00,9.391625E-02,3.755993E+03,2.546769E-02,0.000000E+00,0.000000E+00,9.401390E-02,3.758719E+03,2.546769E-02,0.000000E+00,0.000000E+00,6.694178E-02,3.002933E+03,2.546769E-02,0.000000E+00,0.000000E+00,9.385260E-02,3.754216E+03,2.546769E-02,0.000000E+00,0.000000E+00,6.584106E-02,2.972115E+03,2.546769E-02,0.000000E+00,0.000000E+00,3.900933E-02,2.223131E+03,2.546769E-02,0.000000E+00,0.000000E+00,6.567053E-02,2.967354E+03,2.546769E-02,0.000000E+00,0.000000E+00,6.581240E-02,2.971315E+03,2.546769E-02,0.000000E+00,0.000000E+00,3.895804E-02,2.221699E+03,2.546769E-02,0.000000E+00,0.000000E+00,6.559413E-02,2.965222E+03,2.546769E-02,0.000000E+00,0.000000E+00,9.580465E-02,3.808710E+03,2.546769E-02,0.000000E+00,0.000000E+00,6.884805E-02,3.056148E+03,2.546769E-02,0.000000E+00,0.000000E+00,9.559602E-02,3.802886E+03,2.546769E-02,0.000000E+00,0.000000E+00,9.573288E-02,3.806707E+03,2.546769E-02,0.000000E+00,0.000000E+00,6.876012E-02,3.053693E+03,2.546769E-02,0.000000E+00,0.000000E+00,9.549038E-02,3.799937E+03,2.546769E-02,0.000000E+00,0.000000E+00
09:45:00,9.438798E-02,3.769167E+03,2.546769E-02,0.000000E+00,0.000000E+00,6.733208E-02,3.013831E+03,2.546769E-02,0.000000E+00,0.000000E+00,9.427993E-02,3.766151E+03,2.546769E-02,0.000000E+00,0.000000E+00,9.437761E-02,3.768877E+03,2.546769E-02,0.000000E+00,0.000000E+00,6.729569E-02,3.012815E+03,2.546769E-02,0.000000E+00,0.000000E+00,9.421629E-02,3.764374E+03,2.546769E-02,0.000000E+00,0.000000E+00,6.617668E-02,2.981486E+03,2.546769E-02,0.000000E+00,0.000000E+00,3.933365E-02,2.232184E+03,2.546769E-02,0.000000E+00,0.000000E+00,6.600612E-02,2.976725E+03,2.546769E-02,0.000000E+00,0.000000E+00,6.614803E-02,2.980686E+03,2.546769E-02,0.000000E+00,0.000000E+00,3.928236E-02,2.230752E+03,2.546769E-02,0.000000E+00,0.000000E+00,6.592972E-02,2.974592E+03,2.546769E-02,0.000000E+00,0.000000E+00,9.616069E-02,3.818655E+03,2.546769E-02,0.000000E+00,0.000000E+00,6.919312E-02,3.065784E+03,2.546769E-02,0.000000E+00,0.000000E+00,9.595202E-02,3.812830E+03,2.546769E-02,0.000000E+00,0.000000E+00,9.608891E-02,3.816651E+03,2.546769E-02,0.000000E+00,0.000000E+00,6.910519E-02,3.063329E+03,2.546769E-02,0.000000E+00,0.000000E+00,9.584638E-02,3.809880E+03,2.546769E-02,0.000000E+00,0.000000E+00
10:00:00,9.476060E-02,3.779574E+03,2.546769E-02,0.000000E+00,0.000000E+00,6.769567E-02,3.023983E+03,2.546769E-02,0.000000E+00,0.000000E+00,9.465254E-02,3.776557E+03,2.546769E-02,0.000000E+00,0.000000E+00,9.475023E-02,3.779285E+03,2.546769E-02,0.000000E+00,0.000000E+00,6.765927E-02,3.022967E+03,2.546769E-02,0.000000E+00,0.000000E+00,9.458889E-02,3.774780E+03,2.546769E-02,0.000000E+00,0.000000E+00,6.652232E-02,2.991136E+03,2.546769E-02,0.000000E+00,0.000000E+00,3.966817E-02,2.241522E+03,2.546769E-02,0.000000E+00,0.000000E+00,6.635173E-02,2.986375E+03,2.546769E-02,0.000000E+00,0.000000E+00,6.649368E-02,2.990337E+03,2.546769E-02,0.000000E+00,0.000000E+00,3.961688E-02,2.240090E+03,2.546769E-02,0.000000E+00,0.000000E+00,6.627533E-02,2.984242E+03,2.546769E-02,0.000000E+00,0.000000E+00,9.652602E-02,3.828859E+03,2.546769E-02,0.000000E+00,0.000000E+00,6.954827E-02,3.075701E+03,2.546769E-02,0.000000E+00,0.000000E+00,9.631733E-02,3.823033E+03,2.546769E-02,0.000000E+00,0.000000E+00,9.645425E-02,3.826855E+03,2.546769E-02,0.000000E+00,0.000000E+00,6.946032E-02,3.073246E+03,2.546769E-02,0.000000E+00,0.000000E+00,9.621169E-02,3.820083E+03,2.546769E-02,0.000000E+00,0.000000E+00
10:15:00,9.483984E-02,3.781790E+03,2.546769E-02,0.000000E+00,0.000000E+00,6.777038E-02,3.026071E+03,2.546769E-02,0.000000E+00,0.000000E+00,9.473177E-02,3.778773E+03,2.546769E-02,0.000000E+00,0.000000E+00,9.482948E-02,3.781501E+03,2.546769E-02,0.000000E+00,0.000000E+00,6.773398E-02,3.025055E+03,2.546769E-02,0.000000E+00,0.000000E+00,9.466812E-02,3.776996E+03,2.546769E-02,0.000000E+00,0.000000E+00,6.658586E-02,2.992912E+03,2.546769E-02,0.000000E+00,0.000000E+00,3.972496E-02,2.243108E+03,2.546769E-02,0.000000E+00,0.000000E+00,6.641525E-02,2.988150E+03,2.546769E-02,0.000000E+00,0.000000E+00,6.655722E-02,2.992113E+03,2.546769E-02,0.000000E+00,0.000000E+00,3.967366E-02,2.241676E+03,2.546769E-02,0.000000E+00,0.000000E+00,6.633884E-02,2.986017E+03,2.546769E-02,0.000000E+00,0.000000E+00,9.661253E-02,3.831278E+03,2.546769E-02,0.000000E+00,0.000000E+00,6.962825E-02,3.077936E+03,2.546769E-02,0.000000E+00,0.000000E+00,9.640383E-02,3.825452E+03,2.546769E-02,0.000000E+00,0.000000E+00,9.654076E-02,3.829274E+03,2.546769E-02,0.000000E+00,0.000000E+00,6.954029E-02,3.075481E+03,2.546769E-02,0.000000E+00,0.000000E+00,9.629817E-02,3.822502E+03,2.546769E-02,0.000000E+00,0.000000E+00
10:30:00,9.489685E-02,3.783385E+03,2.546769E-02,0.000000E+00,0.000000E+00,6.782571E-02,3.027618E+03,2.546769E-02,0.000000E+00,0.000000E+00,9.478878E-02,3.780368E+03,2.546769E-02,0.000000E+00,0.000000E+00,9.488649E-02,3.783096E+03,2.546769E-02,0.000000E+00,0.000000E+00,6.778931E-02,3.026602E+03,2.546769E-02,0.000000E+00,0.000000E+00,9.472512E-02,3.778591E+03,2.546769E-02,0.000000E+00,0.000000E+00,6.663371E-02,2.994250E+03,2.546769E-02,0.000000E+00,0.000000E+00,3.976893E-02,2.244336E+03,2.546769E-02,0.000000E+00,0.000000E+00,6.646308E-02,2.989487E+03,2.546769E-02,0.000000E+00,0.000000E+00,6.660507E-02,2.993451E+03,2.546769E-02,0.000000E+00,0.000000E+00,3.971762E-02,2.242904E+03,2.546769E-02,0.000000E+00,0.000000E+00,6.638667E-02,2.987354E+03,2.546769E-02,0.000000E+00,0.000000E+00,9.667998E-02,3.833164E+03,2.546769E-02,0.000000E+00,0.000000E+00,6.969196E-02,3.079717E+03,2.546769E-02,0.000000E+00,0.000000E+00,9.647126E-02,3.827337E+03,2.546769E-02,0.000000E+00,0.000000E+00,9.660821E-02,3.831160E+03,2.546769E-02,0.000000E+00,0.000000E+00,6.960400E-02,3.077261E+03,2.546769E-02,0.000000E+00,0.000000E+00,9.636560E-02,3.824387E+03,2.546769E-02,0.000000E+00,0.000000E+00
10:45:00,9.494352E-02,3.784690E+03,2.546769E-02,0.000000E+00,0.000000E+00,6.787186E-02,3.028908E+03,2.546769E-02,0.000000E+00,0.000000E+00,9.483544E-02,3.781673E+03,2.546769E-02,0.000000E+00,0.000000E+00,9.493316E-02,3.784401E+03,2.546769E-02,0.000000E+00,0.000000E+00,6.783546E-02,3.027892E+03,2.546769E-02,0.000000E+00,0.000000E+00,9.477179E-02,3.779896E+03,2.546769E-02,0.000000E+00,0.000000E+00,6.667407E-02,2.995379E+03,2.546769E-02,0.000000E+00,0.000000E+00,3.980663E-02,2.245389E+03,2.546769E-02,0.000000E+00,0.000000E+00,6.650343E-02,2.990616E+03,2.546769E-02,0.000000E+00,0.000000E+00,6.664543E-02,2.994579E+03,2.546769E-02,0.000000E+00,0.000000E+00,3.975531E-02,2.243957E+03,2.546769E-02,0.000000E+00,0.000000E+00,6.642702E-02,2.988482E+03,2.546769E-02,0.000000E+00,0.000000E+00,9.673497E-02,3.834702E+03,2.546769E-02,0.000000E+00,0.000000E+00,6.974486E-02,3.081195E+03,2.546769E-02,0.000000E+00,0.000000E+00,9.652624E-02,3.828875E+03,2.546769E-02,0.000000E+00,0.000000E+00,9.666319E-02,3.832698E+03,2.546769E-02,0.000000E+00,0.000000E+00,6.965689E-02,3.078739E+03,2.546769E-02,0.000000E+00,0.000000E+00,9.642057E-02,3.825925E+03,2.546769E-02,0.000000E+00,0.000000E+00
11:00:00,9.498244E-02,3.785779E+03,2.546769E-02,0.000000E+00,0.000000E+00,6.791076E-02,3.029995E+03,2.546769E-02,0.000000E+00,0.000000E+00,9.487436E-02,3.782761E+03,2.546769E-02,0.000000E+00,0.000000E+00,9.497208E-02,3.785489E+03,2.546769E-02,0.000000E+00,0.000000E+00,6.787436E-02,3.028979E+03,2.546769E-02,0.000000E+00,0.000000E+00,9.481070E-02,3.780984E+03,2.546769E-02,0.000000E+00,0.000000E+00,6.670896E-02,2.996354E+03,2.546769E-02,0.000000E+00,0.000000E+00,3.983958E-02,2.246309E+03,2.546769E-02,0.000000E+00,0.000000E+00,6.653832E-02,2.991591E+03,2.546769E-02,0.000000E+00,0.000000E+00,6.668032E-02,2.995555E+03,2.546769E-02,0.000000E+00,0.000000E+00,3.978826E-02,2.244877E+03,2.546769E-02,0.000000E+00,0.000000E+00,6.646190E-02,2.989458E+03,2.546769E-02,0.000000E+00,0.000000E+00,9.678025E-02,3.835968E+03,2.546769E-02,0.000000E+00,0.000000E+00,6.978902E-02,3.082429E+03,2.546769E-02,0.000000E+00,0.000000E+00,9.657152E-02,3.830141E+03,2.546769E-02,0.000000E+00,0.000000E+00,9.670847E-02,3.833964E+03,2.546769E-02,0.000000E+00,0.000000E+00,6.970104E-02,3.079973E+03,2.546769E-02,0.000000E+00,0.000000E+00,9.646585E-02,3.827191E+03,2.546769E-02,0.000000E+00,0.000000E+00
11:15:00,9.501359E-02,3.786650E+03,2.546769E-02,0.000000E+00,0.000000E+00,6.794243E-02,3.030880E+03,2.546769E-02,0.000000E+00,0.000000E+00,9.490551E-02,3.783633E+03,2.546769E-02,0.000000E+00,0.000000E+00,9.500323E-02,3.786361E+03,2.546769E-02,0.000000E+00,0.000000E+00,6.790603E-02,3.029864E+03,2.546769E-02,0.000000E+00,0.000000E+00,9.484186E-02,3.781856E+03,2.546769E-02,0.000000E+00,0.000000E+00,6.673820E-02,2.997172E+03,2.546769E-02,0.000000E+00,0.000000E+00,3.986765E-02,2.247093E+03,2.546769E-02,0.000000E+00,0.000000E+00,6.656755E-02,2.992408E+03,2.546769E-02,0.000000E+00,0.000000E+00,6.670956E-02,2.996372E+03,2.546769E-02,0.000000E+00,0.000000E+00,3.981633E-02,2.245661E+03,2.546769E-02,0.000000E+00,0.000000E+00,6.649113E-02,2.990275E+03,2.546769E-02,0.000000E+00,0.000000E+00,9.681691E-02,3.836993E+03,2.546769E-02,0.000000E+00,0.000000E+00,6.982537E-02,3.083445E+03,2.546769E-02,0.000000E+00,0.000000E+00,9.660817E-02,3.831166E+03,2.546769E-02,0.000000E+00,0.000000E+00,9.674513E-02,3.834989E+03,2.546769E-02,0.000000E+00,0.000000E+00,6.973740E-02,3.080989E+03,2.546769E-02,0.000000E+00,0.000000E+00,9.650250E-02,3.828216E+03,2.546769E-02,0.000000E+00,0.000000E+00
11:30:00,9.503806E-02,3.787334E+03,2.546769E-02,0.000000E+00,0.000000E+00,6.796772E-02,3.031587E+03,2.546769E-02,0.000000E+00,0.000000E+00,9.492999E-02,3.784317E+03,2.546769E-02,0.000000E+00,0.000000E+00,9.502770E-02,3.787045E+03,2.546769E-02,0.000000E+00,0.000000E+00,6.793132E-02,3.030571E+03,2.546769E-02,0.000000E+00,0.000000E+00,9.486633E-02,3.782540E+03,2.546769E-02,0.000000E+00,0.000000E+00,6.676226E-02,2.997845E+03,2.546769E-02,0.000000E+00,0.000000E+00,3.989108E-02,2.247748E+03,2.546769E-02,0.000000E+00,0.000000E+00,6.659161E-02,2.993081E+03,2.546769E-02,0.000000E+00,0.000000E+00,6.673362E-02,2.997045E+03,2.546769E-02,0.000000E+00,0.000000E+00,3.983976E-02,2.246315E+03,2.546769E-02,0.000000E+00,0.000000E+00,6.651518E-02,2.990948E+03,2.546769E-02,0.000000E+00,0.000000E+00,9.684588E-02,3.837803E+03,2.546769E-02,0.000000E+00,0.000000E+00,6.985459E-02,3.084261E+03,2.546769E-02,0.000000E+00,0.000000E+00,9.663715E-02,3.831976E+03,2.546769E-02,0.000000E+00,0.000000E+00,9.677410E-02,3.835799E+03,2.546769E-02,0.000000E+00,0.000000E+00,6.976661E-02,3.081805E+03,2.546769E-02,0.000000E+00,0.000000E+00,9.653148E-02,3.829026E+03,2.546769E-02,0.000000E+00,0.000000E+00
11:45:00,9.505945E-02,3.787932E+03,2.546769E-02,0.000000E+00,0.000000E+00,6.799011E-02,3.032213E+03,2.546769E-02,0.000000E+00,0.000000E+00,9.495138E-02,3.784915E+03,2.546769E-02,0.000000E+00,0.000000E+00,9.504909E-02,3.787643E+03,2.546769E-02,0.000000E+00,0.000000E+00,6.795371E-02,3.031196E+03,2.546769E-02,0.000000E+00,0.000000E+00,9.488772E-02,3.783138E+03,2.546769E-02,0.000000E+00,0.000000E+00,6.678402E-02,2.998453E+03,2.546769E-02,0.000000E+00,0.000000E+00,3.991252E-02,2.248347E+03,2.546769E-02,0.000000E+00,0.000000E+00,6.661337E-02,2.993689E+03,2.546769E-02,0.000000E+00,0.000000E+00,6.675538E-02,2.997654E+03,2.546769E-02,0.000000E+00,0.000000E+00,3.986120E-02,2.246914E+03,2.546769E-02,0.000000E+00,0.000000E+00,6.653694E-02,2.991556E+03,2.546769E-02,0.000000E+00,0.000000E+00,9.687060E-02,3.838494E+03,2.546769E-02,0.000000E+00,0.000000E+00,6.987989E-02,3.084968E+03,2.546769E-02,0.000000E+00,0.000000E+00,9.666187E-02,3.832667E+03,2.546769E-02,0.000000E+00,0.000000E+00,9.679882E-02,3.836490E+03,2.546769E-02,0.000000E+00,0.000000E+00,6.979191E-02,3.082512E+03,2.546769E-02,0.000000E+00,0.000000E+00,9.655620E-02,3.829717E+03,2.546769E-02,0.000000E+00,0.000000E+00
12:00:00,9.507842E-02,3.788462E+03,2.546769E-02,0.000000E+00,0.000000E+00,6.801019E-02,3.032773E+03,2.546769E-02,0.000000E+00,0.000000E+00,9.497035E-02,3.785445E+03,2.546769E-02,0.000000E+00,0.000000E+00,9.506806E-02,3.788173E+03,2.546769E-02,0.000000E+00,0.000000E+00,6.797379E-02,3.031757E+03,2.546769E-02,0.000000E+00,0.000000E+00,9.490669E-02,3.783668E+03,2.546769E-02,0.000000E+00,0.000000E+00,6.680387E-02,2.999008E+03,2.546769E-02,0.000000E+00,0.000000E+00,3.993228E-02,2.248898E+03,2.546769E-02,0.000000E+00,0.000000E+00,6.663322E-02,2.994244E+03,2.546769E-02,0.000000E+00,0.000000E+00,6.677523E-02,2.998208E+03,2.546769E-02,0.000000E+00,0.000000E+00,3.988096E-02,2.247466E+03,2.546769E-02,0.000000E+00,0.000000E+00,6.655679E-02,2.992111E+03,2.546769E-02,0.000000E+00,0.000000E+00,9.689213E-02,3.839095E+03,2.546769E-02,0.000000E+00,0.000000E+00,6.990219E-02,3.085591E+03,2.546769E-02,0.000000E+00,0.000000E+00,9.668340E-02,3.833268E+03,2.546769E-02,0.000000E+00,0.000000E+00,9.682035E-02,3.837091E+03,2.546769E-02,0.000000E+00,0.000000E+00,6.981422E-02,3.083135E+03,2.546769E-02,0.000000E+00,0.000000E+00,9.657773E-02,3.830318E+03,2.546769E-02,0.000000E+00,0.000000E+00
12:15:00,9.509773E-02,3.789001E+03,2.546769E-02,0.000000E+00,0.000000E+00,6.803044E-02,3.033339E+03,2.546769E-02,0.000000E+00,0.000000E+00,9.498966E-02,3.785984E+03,2.546769E-02,0.000000E+00,0.000000E+00,9.508738E-02,3.788712E+03,2.546769E-02,0.000000E+00,0.000000E+00,6.799404E-02,3.032323E+03,2.546769E-02,0.000000E+00,0.000000E+00,9.492601E-02,3.784207E+03,2.546769E-02,0.000000E+00,0.000000E+00,6.682418E-02,2.999575E+03,2.546769E-02,0.000000E+00,0.000000E+00,3.995246E-02,2.249462E+03,2.546769E-02,0.000000E+00,0.000000E+00,6.665352E-02,2.994811E+03,2.546769E-02,0.000000E+00,0.000000E+00,6.679554E-02,2.998776E+03,2.546769E-02,0.000000E+00,0.000000E+00,3.990114E-02,2.248029E+03,2.546769E-02,0.000000E+00,0.000000E+00,6.657710E-02,2.992678E+03,2.546769E-02,0.000000E+00,0.000000E+00,9.691306E-02,3.839680E+03,2.546769E-02,0.000000E+00,0.000000E+00,6.992386E-02,3.086197E+03,2.546769E-02,0.000000E+00,0.000000E+00,9.670434E-02,3.833853E+03,2.546769E-02,0.000000E+00,0.000000E+00,9.684128E-02,3.837676E+03,2.546769E-02,0.000000E+00,0.000000E+00,6.983588E-02,3.083741E+03,2.546769E-02,0.000000E+00,0.000000E+00,9.659867E-02,3.830903E+03,2.546769E-02,0.000000E+00,0.000000E+00
12:30:00,9.511678E-02,3.789533E+03,2.546769E-02,0.000000E+00,0.000000E+00,6.805025E-02,3.033892E+03,2.546769E-02,0.000000E+00,0.000000E+00,9.500871E-02,3.786516E+03,2.546769E-02,0.000000E+00,0.000000E+00,9.510642E-02,3.789244E+03,2.546769E-02,0.000000E+00,0.000000E+00,6.801386E-02,3.032876E+03,2.546769E-02,0.000000E+00,0.000000E+00,9.494506E-02,3.784739E+03,2.546769E-02,0.000000E+00,0.000000E+00,6.684422E-02,3.000135E+03,2.546769E-02,0.000000E+00,0.000000E+00,3.997236E-02,2.250018E+03,2.546769E-02,0.000000E+00,0.000000E+00,6.667357E-02,2.995371E+03,2.546769E-02,0.000000E+00,0.000000E+00,6.681558E-02,2.999335E+03,2.546769E-02,0.000000E+00,0.000000E+00,3.992104E-02,2.248585E+03,2.546769E-02,0.000000E+00,0.000000E+00,6.659714E-02,2.993238E+03,2.546769E-02,0.000000E+00,0.000000E+00,9.693311E-02,3.840239E+03,2.546769E-02,0.000000E+00,0.000000E+00,6.994460E-02,3.086776E+03,2.546769E-02,0.000000E+00,0.000000E+00,9.672440E-02,3.834413E+03,2.546769E-02,0.000000E+00,0.000000E+00,9.686134E-02,3.838236E+03,2.546769E-02,0.000000E+00,0.000000E+00,6.985662E-02,3.084320E+03,2.546769E-02,0.000000E+00,0.000000E+00,9.661873E-02,3.831463E+03,2.546769E-02,0.000000E+00,0.000000E+00
12:45:00,9.513514E-02,3.790045E+03,2.546769E-02,0.000000E+00,0.000000E+00,6.806930E-02,3.034424E+03,2.546769E-02,0.000000E+00,0.000000E+00,9.502708E-02,3.787029E+03,2.546769E-02,0.000000E+00,0.000000E+00,9.512479E-02,3.789756E+03,2.546769E-02,0.000000E+00,0.000000E+00,6.803291E-02,3.033408E+03,2.546769E-02,0.000000E+00,0.000000E+00,9.496343E-02,3.785252E+03,2.546769E-02,0.000000E+00,0.000000E+00,6.686362E-02,3.000677E+03,2.546769E-02,0.000000E+00,0.000000E+00,3.999167E-02,2.250557E+03,2.546769E-02,0.000000E+00,0.000000E+00,6.669297E-02,2.995913E+03,2.546769E-02,0.000000E+00,0.000000E+00,6.683498E-02,2.999877E+03,2.546769E-02,0.000000E+00,0.000000E+00,3.994035E-02,2.249124E+03,2.546769E-02,0.000000E+00,0.000000E+00,6.661655E-02,2.993780E+03,2.546769E-02,0.000000E+00,0.000000E+00,9.695222E-02,3.840773E+03,2.546769E-02,0.000000E+00,0.000000E+00,6.996434E-02,3.087327E+03,2.546769E-02,0.000000E+00,0.000000E+00,9.674351E-02,3.834946E+03,2.546769E-02,0.000000E+00,0.000000E+00,9.688044E-02,3.838769E+03,2.546769E-02,0.000000E+00,0.000000E+00,6.987637E-02,3.084871E+03,2.546769E-02,0.000000E+00,0.000000E+00,9.663784E-02,3.831996E+03,2.546769E-02,0.000000E+00,0.000000E+00
13:00:00,9.515275E-02,3.790537E+03,2.546769E-02,0.000000E+00,0.000000E+00,6.808752E-02,3.034933E+03,2.546769E-02,0.000000E+00,0.000000E+00,9.504469E-02,3.787520E+03,2.546769E-02,0.000000E+00,0.000000E+00,9.514239E-02,3.790248E+03,2.546769E-02,0.000000E+00,0.000000E+00,6.805113E-02,3.033917E+03,2.546769E-02,0.000000E+00,0.000000E+00,9.498104E-02,3.785743E+03,2.546769E-02,0.000000E+00,0.000000E+00,6.688228E-02,3.001198E+03,2.546769E-02,0.000000E+00,0.000000E+00,4.001030E-02,2.251077E+03,2.546769E-02,0.000000E+00,0.000000E+00,6.671164E-02,2.996434E+03,2.546769E-02,0.000000E+00,0.000000E+00,6.685365E-02,3.000398E+03,2.546769E-02,0.000000E+00,0.000000E+00,3.995897E-02,2.249644E+03,2.546769E-02,0.000000E+00,0.000000E+00,6.663521E-02,2.994301E+03,2.546769E-02,0.000000E+00,0.000000E+00,9.697040E-02,3.841280E+03,2.546769E-02,0.000000E+00,0.000000E+00,6.998315E-02,3.087852E+03,2.546769E-02,0.000000E+00,0.000000E+00,9.676170E-02,3.835454E+03,2.546769E-02,0.000000E+00,0.000000E+00,9.689863E-02,3.839276E+03,2.546769E-02,0.000000E+00,0.000000E+00,6.989518E-02,3.085396E+03,2.546769E-02,0.000000E+00,0.000000E+00,9.665604E-02,3.832504E+03,2.546769E-02,0.000000E+00,0.000000E+00
13:15:00,9.516958E-02,3.791006E+03,2.546769E-02,0.000000E+00,0.000000E+00,6.810474E-02,3.035413E+03,2.546769E-02,0.000000E+00,0.000000E+00,9.506152E-02,3.787990E+03,2.546769E-02,0.000000E+00,0.000000E+00,9.515922E-02,3.790717E+03,2.546769E-02,0.000000E+00,0.000000E+00,6.806835E-02,3.034398E+03,2.546769E-02,0.000000E+00,0.000000E+00,9.499787E-02,3.786213E+03,2.546769E-02,0.000000E+00,0.000000E+00,6.689991E-02,3.001690E+03,2.546769E-02,0.000000E+00,0.000000E+00,4.002774E-02,2.251564E+03,2.546769E-02,0.000000E+00,0.000000E+00,6.672927E-02,2.996926E+03,2.546769E-02,0.000000E+00,0.000000E+00,6.687128E-02,3.000891E+03,2.546769E-02,0.000000E+00,0.000000E+00,3.997642E-02,2.250132E+03,2.546769E-02,0.000000E+00,0.000000E+00,6.665284E-02,2.994793E+03,2.546769E-02,0.000000E+00,0.000000E+00,9.698728E-02,3.841751E+03,2.546769E-02,0.000000E+00,0.000000E+00,7.000048E-02,3.088335E+03,2.546769E-02,0.000000E+00,0.000000E+00,9.677858E-02,3.835925E+03,2.546769E-02,0.000000E+00,0.000000E+00,9.691551E-02,3.839747E+03,2.546769E-02,0.000000E+00,0.000000E+00,6.991250E-02,3.085880E+03,2.546769E-02,0.000000E+00,0.000000E+00,9.667292E-02,3.832975E+03,2.546769E-02,0.000000E+00,0.000000E+00
13:30:00,9.518743E-02,3.791504E+03,2.546769E-02,0.000000E+00,0.000000E+00,6.812281E-02,3.035918E+03,2.546769E-02,0.000000E+00,0.000000E+00,9.507938E-02,3.788488E+03,2.546769E-02,0.000000E+00,0.000000E+00,9.517708E-02,3.791215E+03,2.546769E-02,0.000000E+00,0.000000E+00,6.808642E-02,3.034902E+03,2.546769E-02,0.000000E+00,0.000000E+00,9.501573E-02,3.786711E+03,2.546769E-02,0.000000E+00,0.000000E+00,6.691828E-02,3.002203E+03,2.546769E-02,0.000000E+00,0.000000E+00,4.004583E-02,2.252069E+03,2.546769E-02,0.000000E+00,0.000000E+00,6.674764E-02,2.997439E+03,2.546769E-02,0.000000E+00,0.000000E+00,6.688965E-02,3.001403E+03,2.546769E-02,0.000000E+00,0.000000E+00,3.999451E-02,2.250637E+03,2.546769E-02,0.000000E+00,0.000000E+00,6.667122E-02,2.995306E+03,2.546769E-02,0.000000E+00,0.000000E+00,9.700483E-02,3.842241E+03,2.546769E-02,0.000000E+00,0.000000E+00,7.001834E-02,3.088834E+03,2.546769E-02,0.000000E+00,0.000000E+00,9.679614E-02,3.836415E+03,2.546769E-02,0.000000E+00,0.000000E+00,9.693307E-02,3.840237E+03,2.546769E-02,0.000000E+00,0.000000E+00,6.993037E-02,3.086378E+03,2.546769E-02,0.000000E+00,0.000000E+00,9.669048E-02,3.833465E+03,2.546769E-02,0.000000E+00,0.000000E+00
13:45:00,9.520587E-02,3.792019E+03,2.546769E-02,0.000000E+00,0.000000E+00,6.814135E-02,3.036435E+03,2.546769E-02,0.000000E+00,0.000000E+00,9.509783E-02,3.789003E+03,2.546769E-02,0.000000E+00,0.000000E+00,9.519553E-02,3.791730E+03,2.546769E-02,0.000000E+00,0.000000E+00,6.810496E-02,3.035420E+03,2.546769E-02,0.000000E+00,0.000000E+00,9.503418E-02,3.787226E+03,2.546769E-02,0.000000E+00,0.000000E+00,6.693703E-02,3.002726E+03,2.546769E-02,0.000000E+00,0.000000E+00,4.006425E-02,2.252583E+03,2.546769E-02,0.000000E+00,0.000000E+00,6.676640E-02,2.997963E+03,2.546769E-02,0.000000E+00,0.000000E+00,6.690840E-02,3.001927E+03,2.546769E-02,0.000000E+00,0.000000E+00,4.001294E-02,2.251151E+03,2.546769E-02,0.000000E+00,0.000000E+00,6.668998E-02,2.995830E+03,2.546769E-02,0.000000E+00,0.000000E+00,9.702288E-02,3.842744E+03,2.546769E-02,0.000000E+00,0.000000E+00,7.003658E-02,3.089343E+03,2.546769E-02,0.000000E+00,0.000000E+00,9.681419E-02,3.836918E+03,2.546769E-02,0.000000E+00,0.000000E+00,9.695111E-02,3.840741E+03,2.546769E-02,0.000000E+00,0.000000E+00,6.994861E-02,3.086888E+03,2.546769E-02,0.000000E+00,0.000000E+00,9.670853E-02,3.833969E+03,2.546769E-02,0.000000E+00,0.000000E+00
14:00:00,9.522470E-02,3.792545E+03,2.546769E-02,0.000000E+00,0.000000E+00,6.816021E-02,3.036962E+03,2.546769E-02,0.000000E+00,0.000000E+00,9.511665E-02,3.789528E+03,2.546769E-02,0.000000E+00,0.000000E+00,9.521435E-02,3.792256E+03,2.546769E-02,0.000000E+00,0.000000E+00,6.812382E-02,3.035946E+03,2.546769E-02,0.000000E+00,0.000000E+00,9.505300E-02,3.787752E+03,2.546769E-02,0.000000E+00,0.000000E+00,6.695602E-02,3.003256E+03,2.546769E-02,0.000000E+00,0.000000E+00,4.008288E-02,2.253104E+03,2.546769E-02,0.000000E+00,0.000000E+00,6.678538E-02,2.998493E+03,2.546769E-02,0.000000E+00,0.000000E+00,6.692739E-02,3.002457E+03,2.546769E-02,0.000000E+00,0.000000E+00,4.003157E-02,2.251671E+03,2.546769E-02,0.000000E+00,0.000000E+00,6.670897E-02,2.996360E+03,2.546769E-02,0.000000E+00,0.000000E+00,9.704126E-02,3.843258E+03,2.546769E-02,0.000000E+00,0.000000E+00,7.005511E-02,3.089861E+03,2.546769E-02,0.000000E+00,0.000000E+00,9.683258E-02,3.837432E+03,2.546769E-02,0.000000E+00,0.000000E+00,9.696950E-02,3.841254E+03,2.546769E-02,0.000000E+00,0.000000E+00,6.996714E-02,3.087405E+03,2.546769E-02,0.000000E+00,0.000000E+00,9.672692E-02,3.834482E+03,2.546769E-02,0.000000E+00,0.000000E+00
14:15:00,9.523822E-02,3.792923E+03,2.546769E-02,0.000000E+00,0.000000E+00,6.817419E-02,3.037352E+03,2.546769E-02,0.000000E+00,0.000000E+00,9.513018E-02,3.789906E+03,2.546769E-02,0.000000E+00,0.000000E+00,9.522787E-02,3.792634E+03,2.546769E-02,0.000000E+00,0.000000E+00,6.813780E-02,3.036337E+03,2.546769E-02,0.000000E+00,0.000000E+00,9.506653E-02,3.788130E+03,2.546769E-02,0.000000E+00,0.000000E+00,6.697027E-02,3.003654E+03,2.546769E-02,0.000000E+00,0.000000E+00,4.009728E-02,2.253506E+03,2.546769E-02,0.000000E+00,0.000000E+00,6.679963E-02,2.998891E+03,2.546769E-02,0.000000E+00,0.000000E+00,6.694164E-02,3.002855E+03,2.546769E-02,0.000000E+00,0.000000E+00,4.004597E-02,2.252073E+03,2.546769E-02,0.000000E+00,0.000000E+00,6.672322E-02,2.996758E+03,2.546769E-02,0.000000E+00,0.000000E+00,9.705543E-02,3.843653E+03,2.546769E-02,0.000000E+00,0.000000E+00,7.006974E-02,3.090269E+03,2.546769E-02,0.000000E+00,0.000000E+00,9.684675E-02,3.837828E+03,2.546769E-02,0.000000E+00,0.000000E+00,9.698366E-02,3.841650E+03,2.546769E-02,0.000000E+00,0.000000E+00,6.998178E-02,3.087814E+03,2.546769E-02,0.000000E+00,0.000000E+00,9.674109E-02,3.834878E+03,2.546769E-02,0.000000E+00,0.000000E+00
14:30:00,9.524762E-02,3.793186E+03,2.546769E-02,0.000000E+00,0.000000E+00,6.818440E-02,3.037638E+03,2.546769E-02,0.000000E+00,0.000000E+00,9.513958E-02,3.790170E+03,2.546769E-02,0.000000E+00,0.000000E+00,9.523728E-02,3.792897E+03,2.546769E-02,0.000000E+00,0.000000E+00,6.814802E-02,3.036622E+03,2.546769E-02,0.000000E+00,0.000000E+00,9.507594E-02,3.788393E+03,2.546769E-02,0.000000E+00,0.000000E+00,6.698097E-02,3.003953E+03,2.546769E-02,0.000000E+00,0.000000E+00,4.010854E-02,2.253820E+03,2.546769E-02,0.000000E+00,0.000000E+00,6.681034E-02,2.999190E+03,2.546769E-02,0.000000E+00,0.000000E+00,6.695235E-02,3.003154E+03,2.546769E-02,0.000000E+00,0.000000E+00,4.005723E-02,2.252388E+03,2.546769E-02,0.000000E+00,0.000000E+00,6.673393E-02,2.997057E+03,2.546769E-02,0.000000E+00,0.000000E+00,9.706612E-02,3.843952E+03,2.546769E-02,0.000000E+00,0.000000E+00,7.008119E-02,3.090589E+03,2.546769E-02,0.000000E+00,0.000000E+00,9.685744E-02,3.838127E+03,2.546769E-02,0.000000E+00,0.000000E+00,9.699436E-02,3.841949E+03,2.546769E-02,0.000000E+00,0.000000E+00,6.999323E-02,3.088134E+03,2.546769E-02,0.000000E+00,0.000000E+00,9.675179E-02,3.835177E+03,2.546769E-02,0.000000E+00,0.000000E+00
14:45:00,9.525426E-02,3.793372E+03,2.546769E-02,0.000000E+00,0.000000E+00,6.819203E-02,3.037851E+03,2.546769E-02,0.000000E+00,0.000000E+00,9.514622E-02,3.790355E+03,2.546769E-02,0.000000E+00,0.000000E+00,9.524391E-02,3.793083E+03,2.546769E-02,0.000000E+00,0.000000E+00,6.815564E-02,3.036835E+03,2.546769E-02,0.000000E+00,0.000000E+00,9.508258E-02,3.788579E+03,2.546769E-02,0.000000E+00,0.000000E+00,6.698923E-02,3.004184E+03,2.546769E-02,0.000000E+00,0.000000E+00,4.011758E-02,2.254072E+03,2.546769E-02,0.000000E+00,0.000000E+00,6.681861E-02,2.999421E+03,2.546769E-02,0.000000E+00,0.000000E+00,6.696061E-02,3.003385E+03,2.546769E-02,0.000000E+00,0.000000E+00,4.006627E-02,2.252640E+03,2.546769E-02,0.000000E+00,0.000000E+00,6.674219E-02,2.997288E+03,2.546769E-02,0.000000E+00,0.000000E+00,9.707413E-02,3.844177E+03,2.546769E-02,0.000000E+00,0.000000E+00,7.009013E-02,3.090839E+03,2.546769E-02,0.000000E+00,0.000000E+00,9.686546E-02,3.838351E+03,2.546769E-02,0.000000E+00,0.000000E+00,9.700237E-02,3.842173E+03,2.546769E-02,0.000000E+00,0.000000E+00,7.000217E-02,3.088383E+03,2.546769E-02,0.000000E+00,0.000000E+00,9.675980E-02,3.835402E+03,2.546769E-02,0.000000E+00,0.000000E+00
15:00:00,9.525875E-02,3.793497E+03,2.546769E-02,0.000000E+00,0.000000E+00,6.819759E-02,3.038006E+03,2.546769E-02,0.000000E+00,0.000000E+00,9.515072E-02,3.790481E+03,2.546769E-02,0.000000E+00,0.000000E+00,9.524840E-02,3.793209E+03,2.546769E-02,0.000000E+00,0.000000E+00,6.816121E-02,3.036991E+03,2.546769E-02,0.000000E+00,0.000000E+00,9.508707E-02,3.788705E+03,2.546769E-02,0.000000E+00,0.000000E+00,6.699553E-02,3.004360E+03,2.546769E-02,0.000000E+00,0.000000E+00,4.012478E-02,2.254274E+03,2.546769E-02,0.000000E+00,0.000000E+00,6.682491E-02,2.999598E+03,2.546769E-02,0.000000E+00,0.000000E+00,6.696690E-02,3.003561E+03,2.546769E-02,0.000000E+00,0.000000E+00,4.007347E-02,2.252841E+03,2.546769E-02,0.000000E+00,0.000000E+00,6.674849E-02,2.997465E+03,2.546769E-02,0.000000E+00,0.000000E+00,9.707991E-02,3.844339E+03,2.546769E-02,0.000000E+00,0.000000E+00,7.009695E-02,3.091030E+03,2.546769E-02,0.000000E+00,0.000000E+00,9.687125E-02,3.838513E+03,2.546769E-02,0.000000E+00,0.000000E+00,9.700815E-02,3.842335E+03,2.546769E-02,0.000000E+00,0.000000E+00,7.000899E-02,3.088574E+03,2.546769E-02,0.000000E+00,0.000000E+00,9.676560E-02,3.835564E+03,2.546769E-02,0.000000E+00,0.000000E+00
15:15:00,9.517194E-02,3.791074E+03,2.546769E-02,0.000000E+00,0.000000E+00,6.811650E-02,3.035743E+03,2.546769E-02,0.000000E+00,0.000000E+00,9.506391E-02,3.788058E+03,2.546769E-02,0.000000E+00,0.000000E+00,9.516158E-02,3.790785E+03,2.546769E-02,0.000000E+00,0.000000E+00,6.808012E-02,3.034727E+03,2.546769E-02,0.000000E+00,0.000000E+00,9.500026E-02,3.786282E+03,2.546769E-02,0.000000E+00,0.000000E+00,6.692169E-02,3.002299E+03,2.546769E-02,0.000000E+00,0.000000E+00,4.005690E-02,2.252379E+03,2.546769E-02,0.000000E+00,0.000000E+00,6.675108E-02,2.997537E+03,2.546769E-02,0.000000E+00,0.000000E+00,6.689305E-02,3.001500E+03,2.546769E-02,0.000000E+00,0.000000E+00,4.000559E-02,2.250947E+03,2.546769E-02,0.000000E+00,0.000000E+00,6.667466E-02,2.995404E+03,2.546769E-02,0.000000E+00,0.000000E+00,9.701183E-02,3.842439E+03,2.546769E-02,0.000000E+00,0.000000E+00,7.003336E-02,3.089255E+03,2.546769E-02,0.000000E+00,0.000000E+00,9.680317E-02,3.836613E+03,2.546769E-02,0.000000E+00,0.000000E+00,9.694006E-02,3.840435E+03,2.546769E-02,0.000000E+00,0.000000E+00,6.994540E-02,3.086799E+03,2.546769E-02,0.000000E+00,0.000000E+00,9.669752E-02,3.833664E+03,2.546769E-02,0.000000E+00,0.000000E+00
15:30:00,9.504790E-02,3.787612E+03,2.546769E-02,0.000000E+00,0.000000E+00,6.800103E-02,3.032519E+03,2.546769E-02,0.000000E+00,0.000000E+00,9.493988E-02,3.784596E+03,2.546769E-02,0.000000E+00,0.000000E+00,9.503753E-02,3.787322E+03,2.546769E-02,0.000000E+00,0.000000E+00,6.796464E-02,3.031504E+03,2.546769E-02,0.000000E+00,0.000000E+00,9.487623E-02,3.782819E+03,2.546769E-02,0.000000E+00,0.000000E+00,6.681603E-02,2.999350E+03,2.546769E-02,0.000000E+00,0.000000E+00,3.996040E-02,2.249685E+03,2.546769E-02,0.000000E+00,0.000000E+00,6.664543E-02,2.994588E+03,2.546769E-02,0.000000E+00,0.000000E+00,6.678738E-02,2.998551E+03,2.546769E-02,0.000000E+00,0.000000E+00,3.990908E-02,2.248253E+03,2.546769E-02,0.000000E+00,0.000000E+00,6.656901E-02,2.992455E+03,2.546769E-02,0.000000E+00,0.000000E+00,9.690995E-02,3.839594E+03,2.546769E-02,0.000000E+00,0.000000E+00,6.993857E-02,3.086609E+03,2.546769E-02,0.000000E+00,0.000000E+00,9.670130E-02,3.833770E+03,2.546769E-02,0.000000E+00,0.000000E+00,9.683817E-02,3.837591E+03,2.546769E-02,0.000000E+00,0.000000E+00,6.985061E-02,3.084153E+03,2.546769E-02,0.000000E+00,0.000000E+00,9.659564E-02,3.830820E+03,2.546769E-02,0.000000E+00,0.000000E+00
15:45:00,9.490360E-02,3.783583E+03,2.546769E-02,0.000000E+00,0.000000E+00,6.786610E-02,3.028753E+03,2.546769E-02,0.000000E+00,0.000000E+00,9.479558E-02,3.780568E+03,2.546769E-02,0.000000E+00,0.000000E+00,9.489321E-02,3.783293E+03,2.546769E-02,0.000000E+00,0.000000E+00,6.782970E-02,3.027737E+03,2.546769E-02,0.000000E+00,0.000000E+00,9.473193E-02,3.778791E+03,2.546769E-02,0.000000E+00,0.000000E+00,6.669140E-02,2.995871E+03,2.546769E-02,0.000000E+00,0.000000E+00,3.984613E-02,2.246496E+03,2.546769E-02,0.000000E+00,0.000000E+00,6.652082E-02,2.991110E+03,2.546769E-02,0.000000E+00,0.000000E+00,6.666274E-02,2.995071E+03,2.546769E-02,0.000000E+00,0.000000E+00,3.979480E-02,2.245063E+03,2.546769E-02,0.000000E+00,0.000000E+00,6.644440E-02,2.988976E+03,2.546769E-02,0.000000E+00,0.000000E+00,9.678465E-02,3.836096E+03,2.546769E-02,0.000000E+00,0.000000E+00,6.982156E-02,3.083342E+03,2.546769E-02,0.000000E+00,0.000000E+00,9.657601E-02,3.830272E+03,2.546769E-02,0.000000E+00,0.000000E+00,9.671286E-02,3.834092E+03,2.546769E-02,0.000000E+00,0.000000E+00,6.973360E-02,3.080887E+03,2.546769E-02,0.000000E+00,0.000000E+00,9.647035E-02,3.827322E+03,2.546769E-02,0.000000E+00,0.000000E+00
16:00:00,9.474288E-02,3.779096E+03,2.546769E-02,0.000000E+00,0.000000E+00,6.771489E-02,3.024531E+03,2.546769E-02,0.000000E+00,0.000000E+00,9.463487E-02,3.776081E+03,2.546769E-02,0.000000E+00,0.000000E+00,9.473248E-02,3.778806E+03,2.546769E-02,0.000000E+00,0.000000E+00,6.767849E-02,3.023515E+03,2.546769E-02,0.000000E+00,0.000000E+00,9.457122E-02,3.774304E+03,2.546769E-02,0.000000E+00,0.000000E+00,6.655094E-02,2.991950E+03,2.546769E-02,0.000000E+00,0.000000E+00,3.971661E-02,2.242880E+03,2.546769E-02,0.000000E+00,0.000000E+00,6.638038E-02,2.987190E+03,2.546769E-02,0.000000E+00,0.000000E+00,6.652226E-02,2.991150E+03,2.546769E-02,0.000000E+00,0.000000E+00,3.966528E-02,2.241448E+03,2.546769E-02,0.000000E+00,0.000000E+00,6.630396E-02,2.985056E+03,2.546769E-02,0.000000E+00,0.000000E+00,9.664026E-02,3.832065E+03,2.546769E-02,0.000000E+00,0.000000E+00,6.968597E-02,3.079557E+03,2.546769E-02,0.000000E+00,0.000000E+00,9.643164E-02,3.826241E+03,2.546769E-02,0.000000E+00,0.000000E+00,9.656847E-02,3.830061E+03,2.546769E-02,0.000000E+00,0.000000E+00,6.959801E-02,3.077101E+03,2.546769E-02,0.000000E+00,0.000000E+00,9.632598E-02,3.823291E+03,2.546769E-02,0.000000E+00,0.000000E+00
16:15:00,9.429153E-02,3.766495E+03,2.546769E-02,0.000000E+00,0.000000E+00,6.728323E-02,3.012480E+03,2.546769E-02,0.000000E+00,0.000000E+00,9.418353E-02,3.763480E+03,2.546769E-02,0.000000E+00,0.000000E+00,9.428109E-02,3.766203E+03,2.546769E-02,0.000000E+00,0.000000E+00,6.724681E-02,3.011464E+03,2.546769E-02,0.000000E+00,0.000000E+00,9.411987E-02,3.761702E+03,2.546769E-02,0.000000E+00,0.000000E+00,6.614996E-02,2.980757E+03,2.546769E-02,0.000000E+00,0.000000E+00,3.933824E-02,2.232319E+03,2.546769E-02,0.000000E+00,0.000000E+00,6.597944E-02,2.975997E+03,2.546769E-02,0.000000E+00,0.000000E+00,6.612124E-02,2.979955E+03,2.546769E-02,0.000000E+00,0.000000E+00,3.928690E-02,2.230886E+03,2.546769E-02,0.000000E+00,0.000000E+00,6.590300E-02,2.973863E+03,2.546769E-02,0.000000E+00,0.000000E+00,9.625099E-02,3.821197E+03,2.546769E-02,0.000000E+00,0.000000E+00,6.931334E-02,3.069154E+03,2.546769E-02,0.000000E+00,0.000000E+00,9.604238E-02,3.815373E+03,2.546769E-02,0.000000E+00,0.000000E+00,9.617916E-02,3.819192E+03,2.546769E-02,0.000000E+00,0.000000E+00,6.922537E-02,3.066698E+03,2.546769E-02,0.000000E+00,0.000000E+00,9.593670E-02,3.812423E+03,2.546769E-02,0.000000E+00,0.000000E+00
16:30:00,9.374170E-02,3.751143E+03,2.546769E-02,0.000000E+00,0.000000E+00,6.675958E-02,2.997861E+03,2.546769E-02,0.000000E+00,0.000000E+00,9.363370E-02,3.748128E+03,2.546769E-02,0.000000E+00,0.000000E+00,9.373121E-02,3.750851E+03,2.546769E-02,0.000000E+00,0.000000E+00,6.672313E-02,2.996843E+03,2.546769E-02,0.000000E+00,0.000000E+00,9.357003E-02,3.746351E+03,2.546769E-02,0.000000E+00,0.000000E+00,6.566266E-02,2.967154E+03,2.546769E-02,0.000000E+00,0.000000E+00,3.888124E-02,2.219562E+03,2.546769E-02,0.000000E+00,0.000000E+00,6.549217E-02,2.962395E+03,2.546769E-02,0.000000E+00,0.000000E+00,6.563388E-02,2.966351E+03,2.546769E-02,0.000000E+00,0.000000E+00,3.882987E-02,2.218128E+03,2.546769E-02,0.000000E+00,0.000000E+00,6.541571E-02,2.960261E+03,2.546769E-02,0.000000E+00,0.000000E+00,9.576851E-02,3.807726E+03,2.546769E-02,0.000000E+00,0.000000E+00,6.885342E-02,3.056314E+03,2.546769E-02,0.000000E+00,0.000000E+00,9.555992E-02,3.801903E+03,2.546769E-02,0.000000E+00,0.000000E+00,9.569665E-02,3.805720E+03,2.546769E-02,0.000000E+00,0.000000E+00,6.876544E-02,3.053857E+03,2.546769E-02,0.000000E+00,0.000000E+00,9.545423E-02,3.798952E+03,2.546769E-02,0.000000E+00,0.000000E+00
16:45:00,9.313729E-02,3.734268E+03,2.546769E-02,0.000000E+00,0.000000E+00,6.618274E-02,2.981756E+03,2.546769E-02,0.000000E+00,0.000000E+00,9.302930E-02,3.731253E+03,2.546769E-02,0.000000E+00,0.000000E+00,9.312675E-02,3.733973E+03,2.546769E-02,0.000000E+00,0.000000E+00,6.614627E-02,2.980738E+03,2.546769E-02,0.000000E+00,0.000000E+00,9.296562E-02,3.729475E+03,2.546769E-02,0.000000E+00,0.000000E+00,6.512223E-02,2.952067E+03,2.546769E-02,0.000000E+00,0.000000E+00,3.837381E-02,2.205398E+03,2.546769E-02,0.000000E+00,0.000000E+00,6.495180E-02,2.947310E+03,2.546769E-02,0.000000E+00,0.000000E+00,6.509340E-02,2.951262E+03,2.546769E-02,0.000000E+00,0.000000E+00,3.832242E-02,2.203963E+03,2.546769E-02,0.000000E+00,0.000000E+00,6.487532E-02,2.945175E+03,2.546769E-02,0.000000E+00,0.000000E+00,9.522050E-02,3.792425E+03,2.546769E-02,0.000000E+00,0.000000E+00,6.833047E-02,3.041713E+03,2.546769E-02,0.000000E+00,0.000000E+00,9.501195E-02,3.786603E+03,2.546769E-02,0.000000E+00,0.000000E+00,9.514861E-02,3.790418E+03,2.546769E-02,0.000000E+00,0.000000E+00,6.824249E-02,3.039257E+03,2.546769E-02,0.000000E+00,0.000000E+00,9.490625E-02,3.783652E+03,2.546769E-02,0.000000E+00,0.000000E+00
17:00:00,9.248834E-02,3.716148E+03,2.546769E-02,0.000000E+00,0.000000E+00,6.556105E-02,2.964399E+03,2.546769E-02,0.000000E+00,0.000000E+00,9.238037E-02,3.713134E+03,2.546769E-02,0.000000E+00,0.000000E+00,9.247775E-02,3.715852E+03,2.546769E-02,0.000000E+00,0.000000E+00,6.552456E-02,2.963380E+03,2.546769E-02,0.000000E+00,0.000000E+00,9.231667E-02,3.711355E+03,2.546769E-02,0.000000E+00,0.000000E+00,6.453737E-02,2.935740E+03,2.546769E-02,0.000000E+00,0.000000E+00,3.782307E-02,2.190024E+03,2.546769E-02,0.000000E+00,0.000000E+00,6.436700E-02,2.930984E+03,2.546769E-02,0.000000E+00,0.000000E+00,6.450848E-02,2.934934E+03,2.546769E-02,0.000000E+00,0.000000E+00,3.777167E-02,2.188589E+03,2.546769E-02,0.000000E+00,0.000000E+00,6.429051E-02,2.928849E+03,2.546769E-02,0.000000E+00,0.000000E+00,9.461959E-02,3.775646E+03,2.546769E-02,0.000000E+00,0.000000E+00,6.775535E-02,3.025656E+03,2.546769E-02,0.000000E+00,0.000000E+00,9.441107E-02,3.769825E+03,2.546769E-02,0.000000E+00,0.000000E+00,9.454767E-02,3.773638E+03,2.546769E-02,0.000000E+00,0.000000E+00,6.766737E-02,3.023200E+03,2.546769E-02,0.000000E+00,0.000000E+00,9.430537E-02,3.766874E+03,2.546769E-02,0.000000E+00,0.000000E+00
17:15:00,9.150127E-02,3.688589E+03,2.546769E-02,0.000000E+00,0.000000E+00,6.460672E-02,2.937756E+03,2.546769E-02,0.000000E+00,0.000000E+00,9.139334E-02,3.685575E+03,2.546769E-02,0.000000E+00,0.000000E+00,9.149065E-02,3.688292E+03,2.546769E-02,0.000000E+00,0.000000E+00,6.457023E-02,2.936737E+03,2.546769E-02,0.000000E+00,0.000000E+00,9.132966E-02,3.683797E+03,2.546769E-02,0.000000E+00,0.000000E+00,6.362176E-02,2.910180E+03,2.546769E-02,0.000000E+00,0.000000E+00,3.694876E-02,2.165619E+03,2.546769E-02,0.000000E+00,0.000000E+00,6.345148E-02,2.905427E+03,2.546769E-02,0.000000E+00,0.000000E+00,6.359282E-02,2.909372E+03,2.546769E-02,0.000000E+00,0.000000E+00,3.689737E-02,2.164184E+03,2.546769E-02,0.000000E+00,0.000000E+00,6.337500E-02,2.903292E+03,2.546769E-02,0.000000E+00,0.000000E+00,9.368722E-02,3.749614E+03,2.546769E-02,0.000000E+00,0.000000E+00,6.685400E-02,3.000492E+03,2.546769E-02,0.000000E+00,0.000000E+00,9.347877E-02,3.743794E+03,2.546769E-02,0.000000E+00,0.000000E+00,9.361528E-02,3.747605E+03,2.546769E-02,0.000000E+00,0.000000E+00,6.676604E-02,2.998036E+03,2.546769E-02,0.000000E+00,0.000000E+00,9.337307E-02,3.740844E+03,2.546769E-02,0.000000E+00,0.000000E+00
17:30:00,9.045826E-02,3.659466E+03,2.546769E-02,0.000000E+00,0.000000E+00,6.359562E-02,2.909527E+03,2.546769E-02,0.000000E+00,0.000000E+00,9.035036E-02,3.656454E+03,2.546769E-02,0.000000E+00,0.000000E+00,9.044758E-02,3.659168E+03,2.546769E-02,0.000000E+00,0.000000E+00,6.355911E-02,2.908507E+03,2.546769E-02,0.000000E+00,0.000000E+00,9.028667E-02,3.654676E+03,2.546769E-02,0.000000E+00,0.000000E+00,6.265308E-02,2.883138E+03,2.546769E-02,0.000000E+00,0.000000E+00,3.602230E-02,2.139758E+03,2.546769E-02,0.000000E+00,0.000000E+00,6.248290E-02,2.878388E+03,2.546769E-02,0.000000E+00,0.000000E+00,6.262409E-02,2.882329E+03,2.546769E-02,0.000000E+00,0.000000E+00,3.597090E-02,2.138323E+03,2.546769E-02,0.000000E+00,0.000000E+00,6.240641E-02,2.876253E+03,2.546769E-02,0.000000E+00,0.000000E+00,9.269743E-02,3.721977E+03,2.546769E-02,0.000000E+00,0.000000E+00,6.589454E-02,2.973704E+03,2.546769E-02,0.000000E+00,0.000000E+00,9.248904E-02,3.716159E+03,2.546769E-02,0.000000E+00,0.000000E+00,9.262546E-02,3.719968E+03,2.546769E-02,0.000000E+00,0.000000E+00,6.580661E-02,2.971249E+03,2.546769E-02,0.000000E+00,0.000000E+00,9.238335E-02,3.713209E+03,2.546769E-02,0.000000E+00,0.000000E+00
17:45:00,8.937354E-02,3.629179E+03,2.546769E-02,0.000000E+00,0.000000E+00,6.254200E-02,2.880111E+03,2.546769E-02,0.000000E+00,0.000000E+00,8.926565E-02,3.626167E+03,2.546769E-02,0.000000E+00,0.000000E+00,8.936280E-02,3.628879E+03,2.546769E-02,0.000000E+00,0.000000E+00,6.250546E-02,2.879091E+03,2.546769E-02,0.000000E+00,0.000000E+00,8.920195E-02,3.624388E+03,2.546769E-02,0.000000E+00,0.000000E+00,6.164145E-02,2.854897E+03,2.546769E-02,0.000000E+00,0.000000E+00,3.505357E-02,2.112717E+03,2.546769E-02,0.000000E+00,0.000000E+00,6.147134E-02,2.850149E+03,2.546769E-02,0.000000E+00,0.000000E+00,6.161239E-02,2.854086E+03,2.546769E-02,0.000000E+00,0.000000E+00,3.500216E-02,2.111282E+03,2.546769E-02,0.000000E+00,0.000000E+00,6.139485E-02,2.848013E+03,2.546769E-02,0.000000E+00,0.000000E+00,9.166016E-02,3.693014E+03,2.546769E-02,0.000000E+00,0.000000E+00,6.488741E-02,2.945586E+03,2.546769E-02,0.000000E+00,0.000000E+00,9.145181E-02,3.687197E+03,2.546769E-02,0.000000E+00,0.000000E+00,9.158815E-02,3.691003E+03,2.546769E-02,0.000000E+00,0.000000E+00,6.479948E-02,2.943131E+03,2.546769E-02,0.000000E+00,0.000000E+00,9.134611E-02,3.684247E+03,2.546769E-02,0.000000E+00,0.000000E+00
18:00:00,8.825576E-02,3.597967E+03,2.546769E-02,0.000000E+00,0.000000E+00,6.145444E-02,2.849746E+03,2.546769E-02,0.000000E+00,0.000000E+00,8.814788E-02,3.594956E+03,2.546769E-02,0.000000E+00,0.000000E+00,8.824496E-02,3.597666E+03,2.546769E-02,0.000000E+00,0.000000E+00,6.141787E-02,2.848726E+03,2.546769E-02,0.000000E+00,0.000000E+00,8.808417E-02,3.593177E+03,2.546769E-02,0.000000E+00,0.000000E+00,6.059399E-02,2.825655E+03,2.546769E-02,0.000000E+00,0.000000E+00,3.404948E-02,2.084688E+03,2.546769E-02,0.000000E+00,0.000000E+00,6.042396E-02,2.820909E+03,2.546769E-02,0.000000E+00,0.000000E+00,6.056486E-02,2.824842E+03,2.546769E-02,0.000000E+00,0.000000E+00,3.399806E-02,2.083253E+03,2.546769E-02,0.000000E+00,0.000000E+00,6.034745E-02,2.818773E+03,2.546769E-02,0.000000E+00,0.000000E+00,9.058393E-02,3.662962E+03,2.546769E-02,0.000000E+00,0.000000E+00,6.384074E-02,2.916363E+03,2.546769E-02,0.000000E+00,0.000000E+00,9.037562E-02,3.657147E+03,2.546769E-02,0.000000E+00,0.000000E+00,9.051187E-02,3.660951E+03,2.546769E-02,0.000000E+00,0.000000E+00,6.375282E-02,2.913908E+03,2.546769E-02,0.000000E+00,0.000000E+00,9.026991E-02,3.654196E+03,2.546769E-02,0.000000E+00,0.000000E+00
18:15:00,8.711500E-02,3.566114E+03,2.546769E-02,0.000000E+00,0.000000E+00,6.032963E-02,2.818342E+03,2.546769E-02,0.000000E+00,0.000000E+00,8.700710E-02,3.563102E+03,2.546769E-02,0.000000E+00,0.000000E+00,8.710414E-02,3.565810E+03,2.546769E-02,0.000000E+00,0.000000E+00,6.029304E-02,2.817321E+03,2.546769E-02,0.000000E+00,0.000000E+00,8.694336E-02,3.561322E+03,2.546769E-02,0.000000E+00,0.000000E+00,5.949370E-02,2.794938E+03,2.546769E-02,0.000000E+00,0.000000E+00,3.297880E-02,2.054802E+03,2.546769E-02,0.000000E+00,0.000000E+00,5.932371E-02,2.790193E+03,2.546769E-02,0.000000E+00,0.000000E+00,5.946450E-02,2.794123E+03,2.546769E-02,0.000000E+00,0.000000E+00,3.292736E-02,2.053366E+03,2.546769E-02,0.000000E+00,0.000000E+00,5.924718E-02,2.788057E+03,2.546769E-02,0.000000E+00,0.000000E+00,8.943802E-02,3.630964E+03,2.546769E-02,0.000000E+00,0.000000E+00,6.271299E-02,2.884876E+03,2.546769E-02,0.000000E+00,0.000000E+00,8.922971E-02,3.625149E+03,2.546769E-02,0.000000E+00,0.000000E+00,8.936592E-02,3.628952E+03,2.546769E-02,0.000000E+00,0.000000E+00,6.262506E-02,2.882422E+03,2.546769E-02,0.000000E+00,0.000000E+00,8.912398E-02,3.622198E+03,2.546769E-02,0.000000E+00,0.000000E+00
18:30:00,8.602625E-02,3.535712E+03,2.546769E-02,0.000000E+00,0.000000E+00,5.925092E-02,2.788225E+03,2.546769E-02,0.000000E+00,0.000000E+00,8.591834E-02,3.532699E+03,2.546769E-02,0.000000E+00,0.000000E+00,8.601534E-02,3.535407E+03,2.546769E-02,0.000000E+00,0.000000E+00,5.921430E-02,2.787203E+03,2.546769E-02,0.000000E+00,0.000000E+00,8.585458E-02,3.530919E+03,2.546769E-02,0.000000E+00,0.000000E+00,5.843037E-02,2.765253E+03,2.546769E-02,0.000000E+00,0.000000E+00,3.193971E-02,2.025797E+03,2.546769E-02,0.000000E+00,0.000000E+00,5.826042E-02,2.760509E+03,2.546769E-02,0.000000E+00,0.000000E+00,5.840112E-02,2.764437E+03,2.546769E-02,0.000000E+00,0.000000E+00,3.188826E-02,2.024361E+03,2.546769E-02,0.000000E+00,0.000000E+00,5.818387E-02,2.758372E+03,2.546769E-02,0.000000E+00,0.000000E+00,8.833381E-02,3.600131E+03,2.546769E-02,0.000000E+00,0.000000E+00,6.162185E-02,2.854412E+03,2.546769E-02,0.000000E+00,0.000000E+00,8.812549E-02,3.594315E+03,2.546769E-02,0.000000E+00,0.000000E+00,8.826167E-02,3.598117E+03,2.546769E-02,0.000000E+00,0.000000E+00,6.153392E-02,2.851957E+03,2.546769E-02,0.000000E+00,0.000000E+00,8.801974E-02,3.591363E+03,2.546769E-02,0.000000E+00,0.000000E+00
18:45:00,8.495870E-02,3.505902E+03,2.546769E-02,0.000000E+00,0.000000E+00,5.819095E-02,2.758631E+03,2.546769E-02,0.000000E+00,0.000000E+00,8.485078E-02,3.502890E+03,2.546769E-02,0.000000E+00,0.000000E+00,8.494776E-02,3.505597E+03,2.546769E-02,0.000000E+00,0.000000E+00,5.815431E-02,2.757608E+03,2.546769E-02,0.000000E+00,0.000000E+00,8.478701E-02,3.501109E+03,2.546769E-02,0.000000E+00,0.000000E+00,5.738195E-02,2.735984E+03,2.546769E-02,0.000000E+00,0.000000E+00,3.091300E-02,1.997137E+03,2.546769E-02,0.000000E+00,0.000000E+00,5.721204E-02,2.731241E+03,2.546769E-02,0.000000E+00,0.000000E+00,5.735265E-02,2.735166E+03,2.546769E-02,0.000000E+00,0.000000E+00,3.086154E-02,1.995701E+03,2.546769E-02,0.000000E+00,0.000000E+00,5.713547E-02,2.729104E+03,2.546769E-02,0.000000E+00,0.000000E+00,8.725566E-02,3.570025E+03,2.546769E-02,0.000000E+00,0.000000E+00,6.055327E-02,2.824577E+03,2.546769E-02,0.000000E+00,0.000000E+00,8.704733E-02,3.564209E+03,2.546769E-02,0.000000E+00,0.000000E+00,8.718348E-02,3.568010E+03,2.546769E-02,0.000000E+00,0.000000E+00,6.046532E-02,2.822122E+03,2.546769E-02,0.000000E+00,0.000000E+00,8.694155E-02,3.561256E+03,2.546769E-02,0.000000E+00,0.000000E+00
19:00:00,8.390254E-02,3.476412E+03,2.546769E-02,0.000000E+00,0.000000E+00,5.714084E-02,2.729313E+03,2.546769E-02,0.000000E+00,0.000000E+00,8.379460E-02,3.473399E+03,2.546769E-02,0.000000E+00,0.000000E+00,8.389156E-02,3.476105E+03,2.546769E-02,0.000000E+00,0.000000E+00,5.710417E-02,2.728290E+03,2.546769E-02,0.000000E+00,0.000000E+00,8.373081E-02,3.471618E+03,2.546769E-02,0.000000E+00,0.000000E+00,5.634112E-02,2.706928E+03,2.546769E-02,0.000000E+00,0.000000E+00,2.989222E-02,1.968644E+03,2.546769E-02,0.000000E+00,0.000000E+00,5.617122E-02,2.702185E+03,2.546769E-02,0.000000E+00,0.000000E+00,5.631177E-02,2.706108E+03,2.546769E-02,0.000000E+00,0.000000E+00,2.984075E-02,1.967207E+03,2.546769E-02,0.000000E+00,0.000000E+00,5.609464E-02,2.700048E+03,2.546769E-02,0.000000E+00,0.000000E+00,8.619461E-02,3.540397E+03,2.546769E-02,0.000000E+00,0.000000E+00,5.949933E-02,2.795152E+03,2.546769E-02,0.000000E+00,0.000000E+00,8.598625E-02,3.534581E+03,2.546769E-02,0.000000E+00,0.000000E+00,8.612239E-02,3.538381E+03,2.546769E-02,0.000000E+00,0.000000E+00,5.941138E-02,2.792697E+03,2.546769E-02,0.000000E+00,0.000000E+00,8.588044E-02,3.531627E+03,2.546769E-02,0.000000E+00,0.000000E+00
19:15:00,8.348529E-02,3.464758E+03,2.546769E-02,0.000000E+00,0.000000E+00,5.671977E-02,2.717556E+03,2.546769E-02,0.000000E+00,0.000000E+00,8.337732E-02,3.461744E+03,2.546769E-02,0.000000E+00,0.000000E+00,8.347429E-02,3.464451E+03,2.546769E-02,0.000000E+00,0.000000E+00,5.668309E-02,2.716532E+03,2.546769E-02,0.000000E+00,0.000000E+00,8.331352E-02,3.459963E+03,2.546769E-02,0.000000E+00,0.000000E+00,5.591270E-02,2.694966E+03,2.546769E-02,0.000000E+00,0.000000E+00,2.947266E-02,1.956932E+03,2.546769E-02,0.000000E+00,0.000000E+00,5.574281E-02,2.690224E+03,2.546769E-02,0.000000E+00,0.000000E+00,5.588332E-02,2.694146E+03,2.546769E-02,0.000000E+00,0.000000E+00,2.942119E-02,1.955496E+03,2.546769E-02,0.000000E+00,0.000000E+00,5.566621E-02,2.688086E+03,2.546769E-02,0.000000E+00,0.000000E+00,8.573926E-02,3.527680E+03,2.546769E-02,0.000000E+00,0.000000E+00,5.904280E-02,2.782404E+03,2.546769E-02,0.000000E+00,0.000000E+00,8.553086E-02,3.521862E+03,2.546769E-02,0.000000E+00,0.000000E+00,8.566701E-02,3.525663E+03,2.546769E-02,0.000000E+00,0.000000E+00,5.895484E-02,2.779949E+03,2.546769E-02,0.000000E+00,0.000000E+00,8.542504E-02,3.518908E+03,2.546769E-02,0.000000E+00,0.000000E+00
19:30:00,8.314583E-02,3.455278E+03,2.546769E-02,0.000000E+00,0.000000E+00,5.637014E-02,2.707794E+03,2.546769E-02,0.000000E+00,0.000000E+00,8.303783E-02,3.452263E+03,2.546769E-02,0.000000E+00,0.000000E+00,8.313482E-02,3.454971E+03,2.546769E-02,0.000000E+00,0.000000E+00,5.633345E-02,2.706770E+03,2.546769E-02,0.000000E+00,0.000000E+00,8.297402E-02,3.450482E+03,2.546769E-02,0.000000E+00,0.000000E+00,5.554876E-02,2.684805E+03,2.546769E-02,0.000000E+00,0.000000E+00,2.910987E-02,1.946806E+03,2.546769E-02,0.000000E+00,0.000000E+00,5.537886E-02,2.680063E+03,2.546769E-02,0.000000E+00,0.000000E+00,5.551936E-02,2.683984E+03,2.546769E-02,0.000000E+00,0.000000E+00,2.905840E-02,1.945369E+03,2.546769E-02,0.000000E+00,0.000000E+00,5.530226E-02,2.677924E+03,2.546769E-02,0.000000E+00,0.000000E+00,8.535778E-02,3.517027E+03,2.546769E-02,0.000000E+00,0.000000E+00,5.865388E-02,2.771545E+03,2.546769E-02,0.000000E+00,0.000000E+00,8.514934E-02,3.511208E+03,2.546769E-02,0.000000E+00,0.000000E+00,8.528552E-02,3.515010E+03,2.546769E-02,0.000000E+00,0.000000E+00,5.856591E-02,2.769090E+03,2.546769E-02,0.000000E+00,0.000000E+00,8.504350E-02,3.508253E+03,2.546769E-02,0.000000E+00,0.000000E+00
19:45:00,8.284545E-02,3.446891E+03,2.546769E-02,0.000000E+00,0.000000E+00,5.605703E-02,2.699052E+03,2.546769E-02,0.000000E+00,0.000000E+00,8.273741E-02,3.443874E+03,2.546769E-02,0.000000E+00,0.000000E+00,8.283442E-02,3.446583E+03,2.546769E-02,0.000000E+00,0.000000E+00,5.602032E-02,2.698027E+03,2.546769E-02,0.000000E+00,0.000000E+00,8.267358E-02,3.442093E+03,2.546769E-02,0.000000E+00,0.000000E+00,5.522078E-02,2.675648E+03,2.546769E-02,0.000000E+00,0.000000E+00,2.877943E-02,1.937582E+03,2.546769E-02,0.000000E+00,0.000000E+00,5.505085E-02,2.670905E+03,2.546769E-02,0.000000E+00,0.000000E+00,5.519135E-02,2.674827E+03,2.546769E-02,0.000000E+00,0.000000E+00,2.872795E-02,1.936145E+03,2.546769E-02,0.000000E+00,0.000000E+00,5.497423E-02,2.668766E+03,2.546769E-02,0.000000E+00,0.000000E+00,8.502558E-02,3.507751E+03,2.546769E-02,0.000000E+00,0.000000E+00,5.831061E-02,2.761961E+03,2.546769E-02,0.000000E+00,0.000000E+00,8.481707E-02,3.501930E+03,2.546769E-02,0.000000E+00,0.000000E+00,8.495329E-02,3.505733E+03,2.546769E-02,0.000000E+00,0.000000E+00,5.822262E-02,2.759505E+03,2.546769E-02,0.000000E+00,0.000000E+00,8.471120E-02,3.498974E+03,2.546769E-02,0.000000E+00,0.000000E+00
20:00:00,8.257683E-02,3.439391E+03,2.546769E-02,0.000000E+00,0.000000E+00,5.577481E-02,2.691173E+03,2.546769E-02,0.000000E+00,0.000000E+00,8.246874E-02,3.436373E+03,2.546769E-02,0.000000E+00,0.000000E+00,8.256578E-02,3.439083E+03,2.546769E-02,0.000000E+00,0.000000E+00,5.573808E-02,2.690148E+03,2.546769E-02,0.000000E+00,0.000000E+00,8.240489E-02,3.434591E+03,2.546769E-02,0.000000E+00,0.000000E+00,5.492263E-02,2.667325E+03,2.546769E-02,0.000000E+00,0.000000E+00,2.847660E-02,1.929129E+03,2.546769E-02,0.000000E+00,0.000000E+00,5.475267E-02,2.662580E+03,2.546769E-02,0.000000E+00,0.000000E+00,5.489318E-02,2.666503E+03,2.546769E-02,0.000000E+00,0.000000E+00,2.842511E-02,1.927692E+03,2.546769E-02,0.000000E+00,0.000000E+00,5.467602E-02,2.660441E+03,2.546769E-02,0.000000E+00,0.000000E+00,8.473275E-02,3.499575E+03,2.546769E-02,0.000000E+00,0.000000E+00,5.800482E-02,2.753424E+03,2.546769E-02,0.000000E+00,0.000000E+00,8.452417E-02,3.493752E+03,2.546769E-02,0.000000E+00,0.000000E+00,8.466043E-02,3.497556E+03,2.546769E-02,0.000000E+00,0.000000E+00,5.791680E-02,2.750967E+03,2.546769E-02,0.000000E+00,0.000000E+00,8.441826E-02,3.490796E+03,2.546769E-02,0.000000E+00,0.000000E+00
20:15:00,8.238507E-02,3.434038E+03,2.546769E-02,0.000000E+00,0.000000E+00,5.556789E-02,2.685396E+03,2.546769E-02,0.000000E+00,0.000000E+00,8.227693E-02,3.431019E+03,2.546769E-02,0.000000E+00,0.000000E+00,8.237402E-02,3.433729E+03,2.546769E-02,0.000000E+00,0.000000E+00,5.553115E-02,2.684371E+03,2.546769E-02,0.000000E+00,0.000000E+00,8.221306E-02,3.429236E+03,2.546769E-02,0.000000E+00,0.000000E+00,5.469748E-02,2.661039E+03,2.546769E-02,0.000000E+00,0.000000E+00,2.824370E-02,1.922628E+03,2.546769E-02,0.000000E+00,0.000000E+00,5.452747E-02,2.656293E+03,2.546769E-02,0.000000E+00,0.000000E+00,5.466801E-02,2.660216E+03,2.546769E-02,0.000000E+00,0.000000E+00,2.819219E-02,1.921190E+03,2.546769E-02,0.000000E+00,0.000000E+00,5.445080E-02,2.654153E+03,2.546769E-02,0.000000E+00,0.000000E+00,8.451762E-02,3.493570E+03,2.546769E-02,0.000000E+00,0.000000E+00,5.777477E-02,2.747002E+03,2.546769E-02,0.000000E+00,0.000000E+00,8.430895E-02,3.487745E+03,2.546769E-02,0.000000E+00,0.000000E+00,8.444527E-02,3.491550E+03,2.546769E-02,0.000000E+00,0.000000E+00,5.768672E-02,2.744544E+03,2.546769E-02,0.000000E+00,0.000000E+00,8.420301E-02,3.484787E+03,2.546769E-02,0.000000E+00,0.000000E+00
20:30:00,8.222661E-02,3.429616E+03,2.546769E-02,0.000000E+00,0.000000E+00,5.539351E-02,2.680529E+03,2.546769E-02,0.000000E+00,0.000000E+00,8.211840E-02,3.426595E+03,2.546769E-02,0.000000E+00,0.000000E+00,8.221554E-02,3.429307E+03,2.546769E-02,0.000000E+00,0.000000E+00,5.535675E-02,2.679503E+03,2.546769E-02,0.000000E+00,0.000000E+00,8.205452E-02,3.424812E+03,2.546769E-02,0.000000E+00,0.000000E+00,5.450398E-02,2.655638E+03,2.546769E-02,0.000000E+00,0.000000E+00,2.804027E-02,1.916950E+03,2.546769E-02,0.000000E+00,0.000000E+00,5.433390E-02,2.650890E+03,2.546769E-02,0.000000E+00,0.000000E+00,5.447448E-02,2.654814E+03,2.546769E-02,0.000000E+00,0.000000E+00,2.798874E-02,1.915511E+03,2.546769E-02,0.000000E+00,0.000000E+00,5.425721E-02,2.648749E+03,2.546769E-02,0.000000E+00,0.000000E+00,8.433882E-02,3.488580E+03,2.546769E-02,0.000000E+00,0.000000E+00,5.757987E-02,2.741562E+03,2.546769E-02,0.000000E+00,0.000000E+00,8.413007E-02,3.482752E+03,2.546769E-02,0.000000E+00,0.000000E+00,8.426645E-02,3.486560E+03,2.546769E-02,0.000000E+00,0.000000E+00,5.749178E-02,2.739103E+03,2.546769E-02,0.000000E+00,0.000000E+00,8.402409E-02,3.479794E+03,2.546769E-02,0.000000E+00,0.000000E+00
20:45:00,8.209335E-02,3.425898E+03,2.546769E-02,0.000000E+00,0.000000E+00,5.524439E-02,2.676367E+03,2.546769E-02,0.000000E+00,0.000000E+00,8.198509E-02,3.422876E+03,2.546769E-02,0.000000E+00,0.000000E+00,8.208227E-02,3.425588E+03,2.546769E-02,0.000000E+00,0.000000E+00,5.520761E-02,2.675340E+03,2.546769E-02,0.000000E+00,0.000000E+00,8.192118E-02,3.421091E+03,2.546769E-02,0.000000E+00,0.000000E+00,5.433600E-02,2.650949E+03,2.546769E-02,0.000000E+00,0.000000E+00,2.786116E-02,1.911950E+03,2.546769E-02,0.000000E+00,0.000000E+00,5.416586E-02,2.646200E+03,2.546769E-02,0.000000E+00,0.000000E+00,5.430648E-02,2.650125E+03,2.546769E-02,0.000000E+00,0.000000E+00,2.780961E-02,1.910511E+03,2.546769E-02,0.000000E+00,0.000000E+00,5.408913E-02,2.644058E+03,2.546769E-02,0.000000E+00,0.000000E+00,8.418929E-02,3.484407E+03,2.546769E-02,0.000000E+00,0.000000E+00,5.741381E-02,2.736927E+03,2.546769E-02,0.000000E+00,0.000000E+00,8.398044E-02,3.478577E+03,2.546769E-02,0.000000E+00,0.000000E+00,8.411688E-02,3.482386E+03,2.546769E-02,0.000000E+00,0.000000E+00,5.732569E-02,2.734467E+03,2.546769E-02,0.000000E+00,0.000000E+00,8.387443E-02,3.475618E+03,2.546769E-02,0.000000E+00,0.000000E+00
21:00:00,8.198158E-02,3.422779E+03,2.546769E-02,0.000000E+00,0.000000E+00,5.511711E-02,2.672814E+03,2.546769E-02,0.000000E+00,0.000000E+00,8.187327E-02,3.419756E+03,2.546769E-02,0.000000E+00,0.000000E+00,8.197049E-02,3.422470E+03,2.546769E-02,0.000000E+00,0.000000E+00,5.508031E-02,2.671787E+03,2.546769E-02,0.000000E+00,0.000000E+00,8.180933E-02,3.417971E+03,2.546769E-02,0.000000E+00,0.000000E+00,5.419051E-02,2.646888E+03,2.546769E-02,0.000000E+00,0.000000E+00,2.770373E-02,1.907556E+03,2.546769E-02,0.000000E+00,0.000000E+00,5.402031E-02,2.642137E+03,2.546769E-02,0.000000E+00,0.000000E+00,5.416098E-02,2.646064E+03,2.546769E-02,0.000000E+00,0.000000E+00,2.765216E-02,1.906116E+03,2.546769E-02,0.000000E+00,0.000000E+00,5.394356E-02,2.639995E+03,2.546769E-02,0.000000E+00,0.000000E+00,8.406452E-02,3.480927E+03,2.546769E-02,0.000000E+00,0.000000E+00,5.727256E-02,2.732984E+03,2.546769E-02,0.000000E+00,0.000000E+00,8.385559E-02,3.475094E+03,2.546769E-02,0.000000E+00,0.000000E+00,8.399209E-02,3.478905E+03,2.546769E-02,0.000000E+00,0.000000E+00,5.718440E-02,2.730523E+03,2.546769E-02,0.000000E+00,0.000000E+00,8.374953E-02,3.472133E+03,2.546769E-02,0.000000E+00,0.000000E+00
21:15:00,8.193295E-02,3.421424E+03,2.546769E-02,0.000000E+00,0.000000E+00,5.504455E-02,2.670790E+03,2.546769E-02,0.000000E+00,0.000000E+00,8.182458E-02,3.418398E+03,2.546769E-02,0.000000E+00,0.000000E+00,8.192187E-02,3.421114E+03,2.546769E-02,0.000000E+00,0.000000E+00,5.500774E-02,2.669762E+03,2.546769E-02,0.000000E+00,0.000000E+00,8.176062E-02,3.416613E+03,2.546769E-02,0.000000E+00,0.000000E+00,5.408958E-02,2.644071E+03,2.546769E-02,0.000000E+00,0.000000E+00,2.758024E-02,1.904109E+03,2.546769E-02,0.000000E+00,0.000000E+00,5.391930E-02,2.639318E+03,2.546769E-02,0.000000E+00,0.000000E+00,5.406005E-02,2.643247E+03,2.546769E-02,0.000000E+00,0.000000E+00,2.752865E-02,1.902669E+03,2.546769E-02,0.000000E+00,0.000000E+00,5.384252E-02,2.637175E+03,2.546769E-02,0.000000E+00,0.000000E+00,8.397490E-02,3.478427E+03,2.546769E-02,0.000000E+00,0.000000E+00,5.716039E-02,2.729854E+03,2.546769E-02,0.000000E+00,0.000000E+00,8.376588E-02,3.472592E+03,2.546769E-02,0.000000E+00,0.000000E+00,8.390246E-02,3.476405E+03,2.546769E-02,0.000000E+00,0.000000E+00,5.707219E-02,2.727392E+03,2.546769E-02,0.000000E+00,0.000000E+00,8.365980E-02,3.469630E+03,2.546769E-02,0.000000E+00,0.000000E+00
21:30:00,8.195979E-02,3.422175E+03,2.546769E-02,0.000000E+00,0.000000E+00,5.504303E-02,2.670748E+03,2.546769E-02,0.000000E+00,0.000000E+00,8.185136E-02,3.419148E+03,2.546769E-02,0.000000E+00,0.000000E+00,8.194873E-02,3.421866E+03,2.546769E-02,0.000000E+00,0.000000E+00,5.500621E-02,2.669720E+03,2.546769E-02,0.000000E+00,0.000000E+00,8.178740E-02,3.417363E+03,2.546769E-02,0.000000E+00,0.000000E+00,5.405729E-02,2.643170E+03,2.546769E-02,0.000000E+00,0.000000E+00,2.751912E-02,1.902403E+03,2.546769E-02,0.000000E+00,0.000000E+00,5.388691E-02,2.638415E+03,2.546769E-02,0.000000E+00,0.000000E+00,5.402777E-02,2.642346E+03,2.546769E-02,0.000000E+00,0.000000E+00,2.746751E-02,1.900962E+03,2.546769E-02,0.000000E+00,0.000000E+00,5.381012E-02,2.636271E+03,2.546769E-02,0.000000E+00,0.000000E+00,8.395698E-02,3.477929E+03,2.546769E-02,0.000000E+00,0.000000E+00,5.711575E-02,2.728609E+03,2.546769E-02,0.000000E+00,0.000000E+00,8.374787E-02,3.472091E+03,2.546769E-02,0.000000E+00,0.000000E+00,8.388454E-02,3.475906E+03,2.546769E-02,0.000000E+00,0.000000E+00,5.702752E-02,2.726146E+03,2.546769E-02,0.000000E+00,0.000000E+00,8.364176E-02,3.469129E+03,2.546769E-02,0.000000E+00,0.000000E+00
21:45:00,8.203245E-02,3.424205E+03,2.546769E-02,0.000000E+00,0.000000E+00,5.508654E-02,2.671963E+03,2.546769E-02,0.000000E+00,0.000000E+00,8.192396E-02,3.421177E+03,2.546769E-02,0.000000E+00,0.000000E+00,8.202140E-02,3.423897E+03,2.546769E-02,0.000000E+00,0.000000E+00,5.504970E-02,2.670935E+03,2.546769E-02,0.000000E+00,0.000000E+00,8.185998E-02,3.419391E+03,2.546769E-02,0.000000E+00,0.000000E+00,5.407092E-02,2.643552E+03,2.546769E-02,0.000000E+00,0.000000E+00,2.750147E-02,1.901910E+03,2.546769E-02,0.000000E+00,0.000000E+00,5.390045E-02,2.638793E+03,2.546769E-02,0.000000E+00,0.000000E+00,5.404141E-02,2.642728E+03,2.546769E-02,0.000000E+00,0.000000E+00,2.744984E-02,1.900469E+03,2.546769E-02,0.000000E+00,0.000000E+00,5.382363E-02,2.636649E+03,2.546769E-02,0.000000E+00,0.000000E+00,8.399179E-02,3.478902E+03,2.546769E-02,0.000000E+00,0.000000E+00,5.712232E-02,2.728793E+03,2.546769E-02,0.000000E+00,0.000000E+00,8.378258E-02,3.473062E+03,2.546769E-02,0.000000E+00,0.000000E+00,8.391934E-02,3.476880E+03,2.546769E-02,0.000000E+00,0.000000E+00,5.703404E-02,2.726329E+03,2.546769E-02,0.000000E+00,0.000000E+00,8.367643E-02,3.470099E+03,2.546769E-02,0.000000E+00,0.000000E+00
22:00:00,8.214349E-02,3.427307E+03,2.546769E-02,0.000000E+00,0.000000E+00,5.516865E-02,2.674256E+03,2.546769E-02,0.000000E+00,0.000000E+00,8.203494E-02,3.424276E+03,2.546769E-02,0.000000E+00,0.000000E+00,8.213246E-02,3.426999E+03,2.546769E-02,0.000000E+00,0.000000E+00,5.513181E-02,2.673228E+03,2.546769E-02,0.000000E+00,0.000000E+00,8.197094E-02,3.422490E+03,2.546769E-02,0.000000E+00,0.000000E+00,5.412388E-02,2.645030E+03,2.546769E-02,0.000000E+00,0.000000E+00,2.752180E-02,1.902478E+03,2.546769E-02,0.000000E+00,0.000000E+00,5.395330E-02,2.640269E+03,2.546769E-02,0.000000E+00,0.000000E+00,5.409438E-02,2.644207E+03,2.546769E-02,0.000000E+00,0.000000E+00,2.747014E-02,1.901036E+03,2.546769E-02,0.000000E+00,0.000000E+00,5.387645E-02,2.638123E+03,2.546769E-02,0.000000E+00,0.000000E+00,8.407055E-02,3.481102E+03,2.546769E-02,0.000000E+00,0.000000E+00,5.717245E-02,2.730193E+03,2.546769E-02,0.000000E+00,0.000000E+00,8.386123E-02,3.475259E+03,2.546769E-02,0.000000E+00,0.000000E+00,8.399808E-02,3.479079E+03,2.546769E-02,0.000000E+00,0.000000E+00,5.708413E-02,2.727728E+03,2.546769E-02,0.000000E+00,0.000000E+00,8.375505E-02,3.472295E+03,2.546769E-02,0.000000E+00,0.000000E+00
22:15:00,8.257905E-02,3.439467E+03,2.546769E-02,0.000000E+00,0.000000E+00,5.556602E-02,2.685350E+03,2.546769E-02,0.000000E+00,0.000000E+00,8.247044E-02,3.436435E+03,2.546769E-02,0.000000E+00,0.000000E+00,8.256806E-02,3.439160E+03,2.546769E-02,0.000000E+00,0.000000E+00,5.552918E-02,2.684321E+03,2.546769E-02,0.000000E+00,0.000000E+00,8.240643E-02,3.434648E+03,2.546769E-02,0.000000E+00,0.000000E+00,5.447816E-02,2.654920E+03,2.546769E-02,0.000000E+00,0.000000E+00,2.783124E-02,1.911115E+03,2.546769E-02,0.000000E+00,0.000000E+00,5.430745E-02,2.650155E+03,2.546769E-02,0.000000E+00,0.000000E+00,5.444869E-02,2.654097E+03,2.546769E-02,0.000000E+00,0.000000E+00,2.777956E-02,1.909672E+03,2.546769E-02,0.000000E+00,0.000000E+00,5.423059E-02,2.648009E+03,2.546769E-02,0.000000E+00,0.000000E+00,8.444063E-02,3.491435E+03,2.546769E-02,0.000000E+00,0.000000E+00,5.750683E-02,2.739528E+03,2.546769E-02,0.000000E+00,0.000000E+00,8.423121E-02,3.485589E+03,2.546769E-02,0.000000E+00,0.000000E+00,8.436817E-02,3.489412E+03,2.546769E-02,0.000000E+00,0.000000E+00,5.741847E-02,2.737062E+03,2.546769E-02,0.000000E+00,0.000000E+00,8.412501E-02,3.482624E+03,2.546769E-02,0.000000E+00,0.000000E+00
22:30:00,8.311444E-02,3.454414E+03,2.546769E-02,0.000000E+00,0.000000E+00,5.605803E-02,2.699085E+03,2.546769E-02,0.000000E+00,0.000000E+00,8.300577E-02,3.451381E+03,2.546769E-02,0.000000E+00,0.000000E+00,8.310350E-02,3.454109E+03,2.546769E-02,0.000000E+00,0.000000E+00,5.602119E-02,2.698057E+03,2.546769E-02,0.000000E+00,0.000000E+00,8.294175E-02,3.449594E+03,2.546769E-02,0.000000E+00,0.000000E+00,5.492298E-02,2.667336E+03,2.546769E-02,0.000000E+00,0.000000E+00,2.822365E-02,1.922068E+03,2.546769E-02,0.000000E+00,0.000000E+00,5.475214E-02,2.662568E+03,2.546769E-02,0.000000E+00,0.000000E+00,5.489356E-02,2.666515E+03,2.546769E-02,0.000000E+00,0.000000E+00,2.817196E-02,1.920625E+03,2.546769E-02,0.000000E+00,0.000000E+00,5.467526E-02,2.660422E+03,2.546769E-02,0.000000E+00,0.000000E+00,8.490778E-02,3.504477E+03,2.546769E-02,0.000000E+00,0.000000E+00,5.793332E-02,2.751435E+03,2.546769E-02,0.000000E+00,0.000000E+00,8.469826E-02,3.498628E+03,2.546769E-02,0.000000E+00,0.000000E+00,8.483535E-02,3.502455E+03,2.546769E-02,0.000000E+00,0.000000E+00,5.784493E-02,2.748967E+03,2.546769E-02,0.000000E+00,0.000000E+00,8.459204E-02,3.495663E+03,2.546769E-02,0.000000E+00,0.000000E+00
22:45:00,8.371122E-02,3.471076E+03,2.546769E-02,0.000000E+00,0.000000E+00,5.661078E-02,2.714517E+03,2.546769E-02,0.000000E+00,0.000000E+00,8.360248E-02,3.468040E+03,2.546769E-02,0.000000E+00,0.000000E+00,8.370033E-02,3.470772E+03,2.546769E-02,0.000000E+00,0.000000E+00,5.657394E-02,2.713488E+03,2.546769E-02,0.000000E+00,0.000000E+00,8.353846E-02,3.466253E+03,2.546769E-02,0.000000E+00,0.000000E+00,5.542963E-02,2.681479E+03,2.546769E-02,0.000000E+00,0.000000E+00,2.867522E-02,1.934673E+03,2.546769E-02,0.000000E+00,0.000000E+00,5.525865E-02,2.676706E+03,2.546769E-02,0.000000E+00,0.000000E+00,5.540026E-02,2.680659E+03,2.546769E-02,0.000000E+00,0.000000E+00,2.862350E-02,1.933229E+03,2.546769E-02,0.000000E+00,0.000000E+00,5.518176E-02,2.674560E+03,2.546769E-02,0.000000E+00,0.000000E+00,8.544699E-02,3.519531E+03,2.546769E-02,0.000000E+00,0.000000E+00,5.843017E-02,2.765305E+03,2.546769E-02,0.000000E+00,0.000000E+00,8.523735E-02,3.513679E+03,2.546769E-02,0.000000E+00,0.000000E+00,8.537457E-02,3.517510E+03,2.546769E-02,0.000000E+00,0.000000E+00,5.834173E-02,2.762837E+03,2.546769E-02,0.000000E+00,0.000000E+00,8.513111E-02,3.510713E+03,2.546769E-02,0.000000E+00,0.000000E+00
23:00:00,8.435937E-02,3.489172E+03,2.546769E-02,0.000000E+00,0.000000E+00,5.721595E-02,2.731411E+03,2.546769E-02,0.000000E+00,0.000000E+00,8.425058E-02,3.486134E+03,2.546769E-02,0.000000E+00,0.000000E+00,8.434853E-02,3.488869E+03,2.546769E-02,0.000000E+00,0.000000E+00,5.717911E-02,2.730383E+03,2.546769E-02,0.000000E+00,0.000000E+00,8.418654E-02,3.484347E+03,2.546769E-02,0.000000E+00,0.000000E+00,5.598954E-02,2.697108E+03,2.546769E-02,0.000000E+00,0.000000E+00,2.917904E-02,1.948736E+03,2.546769E-02,0.000000E+00,0.000000E+00,5.581841E-02,2.692332E+03,2.546769E-02,0.000000E+00,0.000000E+00,5.596021E-02,2.696290E+03,2.546769E-02,0.000000E+00,0.000000E+00,2.912730E-02,1.947291E+03,2.546769E-02,0.000000E+00,0.000000E+00,5.574150E-02,2.690185E+03,2.546769E-02,0.000000E+00,0.000000E+00,8.604585E-02,3.536251E+03,2.546769E-02,0.000000E+00,0.000000E+00,5.898675E-02,2.780844E+03,2.546769E-02,0.000000E+00,0.000000E+00,8.583610E-02,3.530396E+03,2.546769E-02,0.000000E+00,0.000000E+00,8.597345E-02,3.534230E+03,2.546769E-02,0.000000E+00,0.000000E+00,5.889827E-02,2.778374E+03,2.546769E-02,0.000000E+00,0.000000E+00,8.572983E-02,3.527429E+03,2.546769E-02,0.000000E+00,0.000000E+00
23:15:00,8.498302E-02,3.506584E+03,2.546769E-02,0.000000E+00,0.000000E+00,5.780280E-02,2.747795E+03,2.546769E-02,0.000000E+00,0.000000E+00,8.487417E-02,3.503545E+03,2.546769E-02,0.000000E+00,0.000000E+00,8.497223E-02,3.506282E+03,2.546769E-02,0.000000E+00,0.000000E+00,5.776596E-02,2.746766E+03,2.546769E-02,0.000000E+00,0.000000E+00,8.481013E-02,3.501757E+03,2.546769E-02,0.000000E+00,0.000000E+00,5.653624E-02,2.712369E+03,2.546769E-02,0.000000E+00,0.000000E+00,2.967465E-02,1.962569E+03,2.546769E-02,0.000000E+00,0.000000E+00,5.636497E-02,2.707588E+03,2.546769E-02,0.000000E+00,0.000000E+00,5.650695E-02,2.711552E+03,2.546769E-02,0.000000E+00,0.000000E+00,2.962288E-02,1.961124E+03,2.546769E-02,0.000000E+00,0.000000E+00,5.628804E-02,2.705441E+03,2.546769E-02,0.000000E+00,0.000000E+00,8.663818E-02,3.552789E+03,2.546769E-02,0.000000E+00,0.000000E+00,5.954096E-02,2.796316E+03,2.546769E-02,0.000000E+00,0.000000E+00,8.642833E-02,3.546930E+03,2.546769E-02,0.000000E+00,0.000000E+00,8.656579E-02,3.550768E+03,2.546769E-02,0.000000E+00,0.000000E+00,5.945243E-02,2.793845E+03,2.546769E-02,0.000000E+00,0.000000E+00,8.632204E-02,3.543963E+03,2.546769E-02,0.000000E+00,0.000000E+00
23:30:00,8.562358E-02,3.524467E+03,2.546769E-02,0.000000E+00,0.000000E+00,5.841112E-02,2.764778E+03,2.546769E-02,0.000000E+00,0.000000E+00,8.551468E-02,3.521427E+03,2.546769E-02,0.000000E+00,0.000000E+00,8.561283E-02,3.524167E+03,2.546769E-02,0.000000E+00,0.000000E+00,5.837429E-02,2.763749E+03,2.546769E-02,0.000000E+00,0.000000E+00,8.545063E-02,3.519639E+03,2.546769E-02,0.000000E+00,0.000000E+00,5.710696E-02,2.728301E+03,2.546769E-02,0.000000E+00,0.000000E+00,3.019789E-02,1.977175E+03,2.546769E-02,0.000000E+00,0.000000E+00,5.693556E-02,2.723517E+03,2.546769E-02,0.000000E+00,0.000000E+00,5.707772E-02,2.727485E+03,2.546769E-02,0.000000E+00,0.000000E+00,3.014610E-02,1.975729E+03,2.546769E-02,0.000000E+00,0.000000E+00,5.685862E-02,2.721369E+03,2.546769E-02,0.000000E+00,0.000000E+00,8.725359E-02,3.569971E+03,2.546769E-02,0.000000E+00,0.000000E+00,6.012224E-02,2.812544E+03,2.546769E-02,0.000000E+00,0.000000E+00,8.704365E-02,3.564110E+03,2.546769E-02,0.000000E+00,0.000000E+00,8.718121E-02,3.567950E+03,2.546769E-02,0.000000E+00,0.000000E+00,6.003367E-02,2.810072E+03,2.546769E-02,0.000000E+00,0.000000E+00,8.693734E-02,3.561142E+03,2.546769E-02,0.000000E+00,0.000000E+00
23:45:00,8.628425E-02,3.542913E+03,2.546769E-02,0.000000E+00,0.000000E+00,5.904235E-02,2.782400E+03,2.546769E-02,0.000000E+00,0.000000E+00,8.617532E-02,3.539872E+03,2.546769E-02,0.000000E+00,0.000000E+00,8.627355E-02,3.542614E+03,2.546769E-02,0.000000E+00,0.000000E+00,5.900553E-02,2.781372E+03,2.546769E-02,0.000000E+00,0.000000E+00,8.611127E-02,3.538084E+03,2.546769E-02,0.000000E+00,0.000000E+00,5.770331E-02,2.744948E+03,2.546769E-02,0.000000E+00,0.000000E+00,3.074888E-02,1.992554E+03,2.546769E-02,0.000000E+00,0.000000E+00,5.753180E-02,2.740160E+03,2.546769E-02,0.000000E+00,0.000000E+00,5.767412E-02,2.744133E+03,2.546769E-02,0.000000E+00,0.000000E+00,3.069707E-02,1.991108E+03,2.546769E-02,0.000000E+00,0.000000E+00,5.745485E-02,2.738012E+03,2.546769E-02,0.000000E+00,0.000000E+00,8.789142E-02,3.587779E+03,2.546769E-02,0.000000E+00,0.000000E+00,6.072900E-02,2.829484E+03,2.546769E-02,0.000000E+00,0.000000E+00,8.768141E-02,3.581916E+03,2.546769E-02,0.000000E+00,0.000000E+00,8.781907E-02,3.585759E+03,2.546769E-02,0.000000E+00,0.000000E+00,6.064040E-02,2.827010E+03,2.546769E-02,0.000000E+00,0.000000E+00,8.757509E-02,3.578948E+03,2.546769E-02,0.000000E+00,0.000000E+00
24:00:00,8.696419E-02,3.561896E+03,2.546769E-02,0.000000E+00,0.000000E+00,5.969517E-02,2.800625E+03,2.546769E-02,0.000000E+00,0.000000E+00,8.685523E-02,3.558855E+03,2.546769E-02,0.000000E+00,0.000000E+00,8.695354E-02,3.561599E+03,2.546769E-02,0.000000E+00,0.000000E+00,5.965836E-02,2.799597E+03,2.546769E-02,0.000000E+00,0.000000E+00,8.679119E-02,3.557067E+03,2.546769E-02,0.000000E+00,0.000000E+00,5.832404E-02,2.762275E+03,2.546769E-02,0.000000E+00,0.000000E+00,3.132612E-02,2.008667E+03,2.546769E-02,0.000000E+00,0.000000E+00,5.815243E-02,2.757485E+03,2.546769E-02,0.000000E+00,0.000000E+00,5.829490E-02,2.761462E+03,2.546769E-02,0.000000E+00,0.000000E+00,3.127429E-02,2.007220E+03,2.546769E-02,0.000000E+00,0.000000E+00,5.807547E-02,2.755337E+03,2.546769E-02,0.000000E+00,0.000000E+00,8.854989E-02,3.606163E+03,2.546769E-02,0.000000E+00,0.000000E+00,6.135908E-02,2.847074E+03,2.546769E-02,0.000000E+00,0.000000E+00,8.833983E-02,3.600299E+03,2.546769E-02,0.000000E+00,0.000000E+00,8.847758E-02,3.604144E+03,2.546769E-02,0.000000E+00,0.000000E+00,6.127046E-02,2.844600E+03,2.546769E-02,0.000000E+00,0.000000E+00,8.823351E-02,3.597331E+03,2.546769E-02,0.000000E+00,0.000000E+00
Coinc Peak   ,9.525875E-02,2.546769E-02,3.793497E+03,0.000000E+00,6.819759E-02,2.546769E-02,3.038006E+03,0.000000E+00,9.515072E-02,2.546769E-02,3.790481E+03,0.000000E+00,9.524840E-02,2.546769E-02,3.793209E+03,0.000000E+00,6.816121E-02,2.546769E-02,3.036991E+03,0.000000E+00,9.508707E-02,2.546769E-02,3.788705E+03,0.000000E+00,6.699553E-02,2.546769E-02,3.004360E+03,0.000000E+00,4.012478E-02,2.546769E-02,2.254274E+03,0.000000E+00,6.682491E-02,2.546769E-02,2.999598E+03,0.000000E+00,6.696690E-02,2.546769E-02,3.003561E+03,0.000000E+00,4.007347E-02,2.546769E-02,2.252841E+03,0.000000E+00,6.674849E-02,2.546769E-02,2.997465E+03,0.000000E+00,9.707991E-02,2.546769E-02,3.844339E+03,0.000000E+00,7.009695E-02,2.546769E-02,3.091030E+03,0.000000E+00,9.687125E-02,2.546769E-02,3.838513E+03,0.000000E+00,9.700815E-02,2.546769E-02,3.842335E+03,0.000000E+00,7.000899E-02,2.546769E-02,3.088574E+03,0.000000E+00,9.676560E-02,2.546769E-02,3.835564E+03,0.000000E+00
NonCoinc Peak,9.525875E-02,2.546769E-02,3.793497E+03,0.000000E+00,6.819759E-02,2.546769E-02,3.038006E+03,0.000000E+00,9.515072E-02,2.546769E-02,3.790481E+03,0.000000E+00,9.524840E-02,2.546769E-02,3.793209E+03,0.000000E+00,6.816121E-02,2.546769E-02,3.036991E+03,0.000000E+00,9.508707E-02,2.546769E-02,3.788705E+03,0.000000E+00,6.699553E-02,2.546769E-02,3.004360E+03,0.000000E+00,4.012478E-02,2.546769E-02,2.254274E+03,0.000000E+00,6.682491E-02,2.546769E-02,2.999598E+03,0.000000E+00,6.696690E-02,2.546769E-02,3.003561E+03,0.000000E+00,4.007347E-02,2.546769E-02,2.252841E+03,0.000000E+00,6.674849E-02,2.546769E-02,2.997465E+03,0.000000E+00,9.707991E-02,2.546769E-02,3.844339E+03,0.000000E+00,7.009695E-02,2.546769E-02,3.091030E+03,0.000000E+00,9.687125E-02,2.546769E-02,3.838513E+03,0.000000E+00,9.700815E-02,2.546769E-02,3.842335E+03,0.000000E+00,7.000899E-02,2.546769E-02,3.088574E+03,0.000000E+00,9.676560E-02,2.546769E-02,3.835564E+03,0.000000E+00
