,power_predictions,power_schedule,slacked_power_schedule,power,temperature_predictions,temperature,actions
0,1.319060046582076,0.0,0.0,1.3300773409071205,21.067152595969855,20.999990745964567,0.0
1,1.3181473857365211,0.0,0.0,1.333143542680751,21.18910043786581,21.000000101728016,0.0
2,1.333823716687084,0.0,0.0,1.3340285928674098,21.143448036710783,20.99986678329365,0.0
3,1.3256727261499437,0.0,0.0,1.3348504719116665,21.207050310790386,20.99986975088969,0.0
4,1.335573504081439,0.0,0.0,1.3356089676119345,21.128803050402734,20.999884553542948,0.0
5,1.3279068079479213,0.0,0.0,1.336303835746567,21.16406131738884,20.99990548407051,0.0
6,1.3365977633608217,0.0,0.0,1.337469893965572,21.13536423095295,20.99990656773071,0.0
7,1.3297327541866344,0.0,0.0,1.3385576295001975,21.1251440682636,20.999917476847084,0.0
8,1.3372833615915567,0.0,0.0,1.3395667519149193,21.126810466831376,20.99992861806258,0.0
9,1.3303678401222494,0.0,0.0,1.3404969714230648,21.095266538002146,20.999938734988667,0.0
10,1.337593756273129,0.0,0.0,1.3393186517547497,21.119356281442727,20.999932194231313,0.0
11,1.32762875754522,0.0,0.0,1.3381220771954763,21.064653588088785,20.999936674363685,0.0
12,1.3343662392457674,0.0,0.0,1.3369061140954863,21.1082805250385,20.999941675570252,0.0
13,1.324582788181897,0.0,0.0,1.3356695960796423,21.061268744994766,20.999945912389624,0.0
14,1.332372540255875,0.0,0.0,1.3348844028106623,21.094640282085663,20.99996283112014,0.0
15,1.3226742036710986,0.0,0.0,1.3340604871929627,21.055303754367284,20.99996050619033,0.0
16,1.330131297066783,0.0,0.0,1.3331968765223874,21.08130137487266,20.999961063290275,0.0
17,1.3204401595315431,0.0,0.0,1.3322925711369626,21.055029002778156,20.999962569552736,0.0
18,1.3315731962971664,0.0,0.0,1.333646269983597,21.07436156550047,21.000018925757963,0.0
19,1.3249127492544424,0.0,0.0,1.3350032366581006,21.031534254220347,21.00000889086044,0.0
20,1.3342336117126457,0.0,0.0,1.3363634830075732,21.072895790168953,21.000003354895533,0.0
21,1.327444742729183,0.0,0.0,1.3377270209364511,21.009610833925162,21.00000101889243,0.0
22,1.3405372674719038,0.0,0.0,1.3396806598767863,21.07513941876701,21.00013198141149,0.0
23,1.3374252096319785,0.0,0.0,1.3416472622994395,20.95544544584596,20.999306204104684,0.0
24,1.3444382787268667,0.0,0.0,1.3436269606198403,21.075024998550326,20.999927590992062,0.0
25,1.34090032816024,0.0,0.0,1.3456198765947311,20.9433838156085,21.000049657549415,0.0
26,1.3520302352450455,0.0,0.0,1.3464399755893606,21.0669925956164,20.999822562060853,0.0
27,1.3490920859436497,0.0,0.0,1.3472301946081295,20.914008329122947,20.999899716628207,0.0
28,1.353176719091689,0.0,0.0,1.347990444968412,21.067414309764036,20.9998711524132,0.0
29,1.3495762887936906,0.0,0.0,1.3487206640651774,20.918801854981194,20.999850630159884,0.0
30,1.3613214682751078,0.0,0.0,1.3474569845485855,21.056945213441875,20.9998606332513,0.0
31,1.3548691960458423,0.0,0.0,1.3461874824213416,20.929114497411668,21.000034721252717,0.0
32,1.3596175296228143,0.0,0.0,1.3449117331210083,21.06010994138871,21.00003333756753,0.0
33,1.3522895005752822,0.0,0.0,1.3436293078260326,20.918422471035594,20.999945962095435,0.0
34,1.366618045174881,0.0,0.0,1.3455385546455494,21.055027186275687,20.999945198479026,0.0
35,1.3618592260020546,0.0,0.0,1.3474600571450863,20.941354261820294,21.000463322714083,0.0
36,1.367087422305427,0.0,0.0,1.349393923427339,21.04690212004018,21.000100134320945,0.0
37,1.3643995359660832,0.0,0.0,1.3513402783303143,20.960795965153096,21.00003521530069,0.0
38,1.3738098046653624,0.0,0.0,1.3514131202928823,21.048863527953518,21.000035024085435,0.0
39,1.3724695527594326,0.0,0.0,1.3514798614922574,21.02324076220342,21.000033088606326,0.0
40,1.373194958804977,0.0,0.0,1.3515404920026268,21.052929299479747,20.99943326935591,0.0
41,1.3728454452810896,0.0,0.0,1.3515950045918255,21.02627136805603,20.999846294447753,0.0
42,1.3773719728806713,0.0,0.0,1.3530992662375447,21.059243524526522,20.999906185858762,0.0
43,1.3787581168259686,0.0,0.0,1.3546117085961564,21.07977678207735,20.99991496712546,0.0
44,1.3780243456558638,0.0,0.0,1.3561323996073205,21.058551712614133,20.99982917841268,0.0
45,1.3817555275395847,0.0,0.0,1.3576614048817828,21.072667126280137,20.9998485783607,0.0
46,1.3813432844243856,0.0,0.0,1.3589947392500732,21.051607092757525,20.999883296897355,0.0
47,1.3853423436826229,0.0,0.0,1.3603311743859976,21.080206036300822,21.000062155104484,0.0
48,1.3817513382590243,0.0,0.0,1.3616707211187438,21.052749882781733,21.00058932996577,0.0
49,1.3866250727663245,0.0,0.0,1.3630133903279864,21.067037650806224,21.000052699920303,0.0
50,1.3864246986696038,0.0,0.0,1.3647907004146416,21.069903721851997,20.999906516393978,0.0
51,1.3876513399266108,0.0,0.0,1.3665809470969397,21.072876725436263,20.999882529291387,0.0
52,1.3875221837567753,0.0,0.0,1.3683843067243653,21.082618612957575,20.999869066826285,0.0
53,1.3889945732813298,0.0,0.0,1.3702009576552208,21.069205287092846,20.99987523264177,0.0
54,1.3901860970655324,0.0,0.0,1.3697580211388485,21.100789902133833,20.999808254838367,0.0
55,1.3838649422132114,0.0,0.0,1.3693128146126434,21.102904246076825,20.999790915054337,0.0
56,1.389592631073492,0.0,0.0,1.3688653180588515,21.102993973573664,20.998956306230074,0.0
57,1.3837761673565863,0.0,0.0,1.3684155113069498,21.09884613404419,20.99957223851705,0.0
58,1.3879651260773,0.0,0.0,1.3675088844582457,21.112391558377357,20.99972612747291,0.0
59,1.3779805115147212,0.0,0.0,1.3665927722572129,21.12665201012073,20.999736314455635,0.0
60,1.3866603254441703,0.0,0.0,1.3656670025879138,21.11194644498417,20.99974025599545,0.0
61,1.3763536837228787,0.0,0.0,1.3647314166236644,21.122148327767967,20.999838441722712,0.0
62,1.382630745537517,0.0,0.0,1.3600730171743494,21.106600222648595,21.000554625130956,0.0
63,1.3699194903907368,0.0,0.0,1.3554932606168322,21.145884083514826,21.00000812511555,0.0
64,1.3776333396464833,0.0,0.0,1.3509879806407876,21.07363768721162,20.999936169372713,0.0
65,1.3628008256500437,0.0,0.0,1.346553099176201,21.17444138703949,20.99994406377037,0.0
66,1.365345294668421,0.0,0.0,1.344546033637146,21.069373979033557,21.00005382598651,0.0
67,1.3563313272757558,0.0,0.0,1.3425140453509337,21.213287131300067,20.999988617736314,0.0
68,1.3607388876582538,0.0,0.0,1.340455853786896,21.059223140662393,20.99998564055559,0.0
69,1.351119292490353,0.0,0.0,1.338370172032759,21.225156708559943,20.99999439139198,0.0
70,1.349667296626408,0.0,0.0,1.3346505504817927,21.06298444000892,20.999238429665766,0.0
71,1.3402285874494333,0.0,0.0,1.3309248935535805,21.23863793226755,20.999811529961846,0.0
72,1.3408577312019427,0.0,0.0,1.327188983678494,21.04401477225325,20.999922707462375,0.0
73,1.334083207789404,0.0,0.0,1.3234385805505477,21.251960533331626,20.999950584628227,0.0
74,1.3275935830892414,2.5,2.25,1.3239254679991745,21.052401629005846,20.999815763619893,0.0
75,1.3297029285010966,2.5,2.25,1.3244007067853267,21.241669426718463,20.99977958538881,0.0
76,1.3288691509012402,2.5,2.25,1.3248642639326147,21.05929226532647,20.999770620795704,0.0
77,1.328779451364193,2.5,2.25,1.3253161302879115,21.240242148573124,20.999766370682106,0.0
78,1.3195470262718663,2.5,2.25,1.3217344174799295,21.065278139054232,20.999812208702053,0.0
79,1.324713655970556,2.5,2.25,1.3181132381981768,21.198401807582165,20.999986275594235,0.0
80,1.3114544538121458,2.5,2.25,1.3144486939143223,21.04443490322936,21.000547977248484,0.0
81,1.3199671506581574,2.5,2.25,1.3107368728669082,21.187654364734957,20.99997697239241,0.0
82,1.30209237312516,2.5,2.25,1.3069521074001822,21.01201837810549,20.99995617295091,0.0
83,1.3132293043896774,2.5,2.25,1.3030782159694752,21.11212845697444,20.999945961403686,0.0
84,1.2949298155809958,2.5,2.25,1.299110276269057,20.983653847209418,20.999749114731333,0.0
85,1.3067100189313425,2.5,2.25,1.2950432812589356,21.097263541974353,20.999715049107955,0.0
86,1.2874493001102367,0.0,0.0,1.2909686151283986,20.939328094458343,20.999789356870963,0.0
87,1.296525671423102,0.0,0.0,1.2868210648633893,21.026314081889474,20.998899496361336,0.0
88,1.2801803422800695,0.0,0.0,1.2825963881534588,20.903722519856615,20.999647123397256,0.0
89,1.2892346271969755,0.0,0.0,1.2782902807659497,21.011424808434505,20.99979846988511,0.0
90,1.2740659850564588,0.0,0.0,1.274061585289023,20.85611092049478,20.999674295575943,0.0
91,1.2791612746994145,0.0,0.0,1.2697763786850065,20.96123926192977,20.999694242753268,0.0
92,1.2669062334723997,0.0,0.0,1.2654311600806056,20.813719506094976,21.000110468308623,0.0
93,1.271504922811861,0.0,0.0,1.261022427471097,20.96177109716457,21.000267657658302,0.0
94,1.2607694268449607,0.0,0.0,1.256996725379716,20.781865679588986,20.999855162540193,0.0
95,1.2582114788677181,0.0,0.0,1.2529217738135474,20.98569655057096,20.999823849383816,0.0
96,1.2531996635958995,0.0,0.0,1.2487950556757499,20.744603148878113,20.999830297698363,0.0
97,1.2522709340957663,0.0,0.0,1.244614056427297,20.991277726091866,20.999835085413906,0.0
98,1.2482656361146682,0.0,0.0,1.2403013925145112,20.71382314647413,20.9998209416279,0.0
99,1.2475583370049905,0.0,0.0,1.2358866081485442,20.983458974714488,20.999827934837505,0.0
100,1.239587561092651,0.0,0.0,1.2313665103080753,20.70270571520326,20.99983303164346,0.0
101,1.2412701663750605,0.0,0.0,1.2267378487036118,20.972249218140803,20.99983602371396,0.0
102,1.2321449264305921,0.0,0.0,1.225118179376079,20.681968261983375,21.00002949766867,0.0
103,1.2388189176069377,0.0,0.0,1.2234801883315838,20.976000429607677,21.000073216249998,0.0
104,1.2279223360564493,0.0,0.0,1.2218237088906405,20.664155693015342,21.000091976205635,0.0
105,1.2366358950579934,0.0,0.0,1.2201485985799487,20.9657031582266,21.000113131774942,0.0
106,1.2216409894696005,0.0,0.0,1.2195860548119104,20.63887275014454,20.99991124852687,0.0
107,1.2381072122819536,0.0,0.0,1.2190214200140586,20.95526196662162,20.999908374789005,0.0
108,1.2198220312794879,0.0,0.0,1.2184546850119216,20.631330945521018,20.99992906342202,0.0
109,1.2373168700138961,0.0,0.0,1.2178858477703811,20.95025526614201,20.99994842632494,0.0
110,1.2127309336762442,0.0,0.0,1.2173148946454644,20.599555110926637,20.99999703409295,0.0
111,1.2403764047436043,0.0,0.0,1.2167418203494025,20.931885410579827,20.999996083354535,0.0
112,1.2110439604389565,0.0,0.0,1.2161666254327121,20.598696401930734,20.999996304083133,0.0
113,1.2394876208858407,0.0,0.0,1.2155893007038125,20.931024353951152,20.99999854236511,0.0
114,1.2047278764928362,0.0,0.0,1.215009759579651,20.574846184209377,21.00017672617723,0.0
115,1.2425481053634548,0.0,0.0,1.214428081045942,20.919918248148047,20.99988738808745,0.0
116,1.2030336894649958,0.0,0.0,1.213844248296127,20.57402780355021,21.00003422692701,0.0
117,1.2416276435776716,0.0,0.0,1.2132582655539372,20.91994048826443,20.999911994320996,0.0
118,1.1984409327907288,0.0,0.0,1.2144280006793897,20.55790674290792,20.998464549818294,0.0
119,1.245089075940608,0.0,0.0,1.2155891389307993,20.917732945860422,20.999631777530254,0.0
120,1.2010085124415437,0.0,0.0,1.2167417389403694,20.543097810854746,20.99974980675852,0.0
121,1.246150843388078,0.0,0.0,1.2178858477703811,20.9048582565609,20.999758480987104,0.0
122,1.1995652430816652,0.0,0.0,1.2190214200140588,20.520387517649738,20.999825861908356,0.0
123,1.2503312708211856,0.0,0.0,1.2201485985799487,20.881757007851185,21.00012117009863,0.0
124,1.2011716673177113,0.0,0.0,1.221267416169345,20.510496630418253,21.000114897825764,0.0
125,1.251933350261969,0.0,0.0,1.2223779307189524,20.8738100914569,21.00008857196969,0.0
126,1.2058404610141724,0.0,0.0,1.2223779307189524,20.50782428895733,20.99996881406912,0.0
127,1.256673436317077,0.0,0.0,1.2223779307189524,20.830322136690373,20.999986997834014,0.0
128,1.20604530804617,0.0,0.0,1.2223779307189524,20.50384207890578,20.99994631219938,0.0
129,1.256684703472006,0.0,0.0,1.2223779307189524,20.82628961259281,21.00006486650797,0.0
130,1.2175200528290466,0.0,0.0,1.228339352104335,20.52013045804116,21.001287123428167,0.0
131,1.2625275818963164,0.0,0.0,1.23405854435584,20.774642186261044,21.000184804958323,0.0
132,1.2258892090553724,0.0,0.0,1.2395430009083086,20.509618633568305,20.999871851808,0.0
133,1.2694857292631911,0.0,0.0,1.244800041942494,20.75358967421793,20.999850088064207,0.0
134,1.2451334712057007,0.0,0.0,1.2502840279787972,20.5546407033748,21.000153389307094,0.0
135,1.2799371404321134,0.0,0.0,1.2555149374171348,20.694464859103967,21.00006547667548,0.0
136,1.2533245832311182,0.0,0.0,1.260501593162118,20.583226265999127,20.99978275643235,0.0
137,1.2877843865827594,0.0,0.0,1.2652525855998598,20.728157158414938,20.999905400167474,0.0
138,1.2664039765031652,0.0,0.0,1.2714875877888532,20.64286296731976,20.999975991747384,0.0
139,1.2970545516947816,0.0,0.0,1.2773581031331005,20.723809044053887,20.99996969080508,0.0
140,1.2739736221145412,0.0,0.0,1.282883408209152,20.698072684129137,21.000069393641464,0.0
141,1.3061303988818793,0.0,0.0,1.288082100042843,20.75297595016878,20.99994533697403,0.0
142,1.2915384363122882,0.0,0.0,1.2959225448857146,20.767745650800183,20.999940947500406,0.0
143,1.3156349996241588,0.0,0.0,1.3036682939864028,20.792418992645874,21.000008317280944,0.0
144,1.30054196719755,0.0,0.0,1.3113519921459325,20.839137597623854,20.999993580562705,0.0
145,1.3247537190044234,0.0,0.0,1.3190062865193426,20.86338484377406,20.99999315796017,0.0
146,1.3222836813674916,0.0,0.0,1.323441989134835,20.862902870160063,20.99992570271806,0.0
147,1.3346423733010218,0.0,0.0,1.3278576704326686,21.000657903949882,20.99991932789004,0.0
148,1.331994421661141,0.0,0.0,1.3322609431176857,20.92145270362044,20.99992390958355,0.0
149,1.3429902420682556,0.0,0.0,1.3366594145462554,21.024418550737796,20.999926743478415,0.0
150,1.3431966687325585,0.0,0.0,1.3399427018197656,20.979018604177377,21.00011526158773,0.0
151,1.3499465285606491,0.0,0.0,1.343257037153662,21.100645502235274,21.00012324952829,0.0
152,1.3482370198661062,0.0,0.0,1.3466044208774286,21.016188274267094,21.00007145714691,0.0
153,1.3510346203911072,0.0,0.0,1.3499868799716568,21.13048874234149,20.999155493346752,0.0
154,1.359045289400154,0.0,0.0,1.3542402749600786,21.05798588106363,20.99975460589296,0.0
155,1.3565450191934334,0.0,0.0,1.3585632069059754,21.17069754454164,20.999861167836688,0.0
156,1.3716307643816688,0.0,0.0,1.3629588056200899,21.0825136482367,20.999840648887204,0.0
157,1.3612211731203758,0.0,0.0,1.3674303015825706,21.124117559608294,20.999825801895323,0.0
158,1.37534145222735,0.0,0.0,1.3660774249784389,21.09915098765739,20.999856870442645,0.0
159,1.3661231966926175,0.0,0.0,1.3647314166236644,21.053848833108308,21.000461062807723,0.0
160,1.37196338339623,0.0,0.0,1.3633921715326884,21.09690086983775,20.999937715837817,0.0
161,1.3640207588006077,0.0,0.0,1.3620595971018854,21.03716076901246,20.99989157387015,0.0
162,1.3672558169167088,0.0,0.0,1.3630699776957238,21.124287792246072,21.00009036472713,0.0
163,1.3675341135356507,0.0,0.0,1.3640561277108236,21.01923607844128,21.00005086955083,0.0
164,1.369534097463024,0.0,0.0,1.3650179735204424,21.13794473697458,21.00002416241545,0.0
165,1.368378068029096,0.0,0.0,1.3659554542031058,21.011817492367193,20.999890380116728,0.0
166,1.3740629218201408,0.0,0.0,1.4144370348529671,21.153633395564828,21.00002046592681,0.0
167,1.4178156832119424,0.0,0.0,1.4723840210152765,21.068916362177266,21.000011502689212,0.0
168,1.4559219707537874,0.0,0.0,1.5127934348515986,21.161026023517493,20.999985194961813,0.0
169,1.3058107059592179,0.0,0.0,1.5559628528221925,21.109638002029744,21.00016547267327,0.0
170,1.4760430378069553,2.0,1.8,1.506542033311767,21.167566971002252,20.99998284884423,0.0
171,1.4621318166571493,2.0,1.8,1.453736198668082,21.26026364848129,20.99996168445573,0.0
172,1.3955705998499655,2.0,1.8,1.3921085450665187,21.179120826585535,20.999981084814443,0.0
173,1.3702595868738907,2.0,1.8,1.3382022946364058,20.973858739945534,20.999979566049184,0.0
174,1.3173159534024572,2.0,1.8,1.3360484949969897,21.10924542943157,20.999839628186265,0.0
175,1.3277905043537173,2.0,1.8,1.3338891568864957,20.94840683112953,21.00001598325498,0.0
176,1.3199399729399341,2.0,1.8,1.3317235576139574,21.099079904091646,21.000401311238758,0.0
177,1.3184268641964547,2.0,1.8,1.3295509729232229,21.064935896197635,21.0000108845929,0.0
178,1.3134027594831656,2.0,1.8,1.3248531758993054,21.046801066084463,20.999885328469663,0.0
179,1.3166533384581447,2.0,1.8,1.3201360387614252,21.087744282815514,20.999861534465477,0.0
180,1.303492252082635,2.0,1.8,1.3153930559691973,21.0176811809312,20.999863616594418,0.0
181,1.3106345019217194,2.0,1.8,1.3106177266697072,21.067554223803516,20.999865219793687,0.0
182,1.2973348506253144,0.0,0.0,1.3089969441984148,20.993439016769777,20.999922049987514,0.0
183,1.3074836217646113,0.0,0.0,1.3073632132673847,21.046448993277536,20.999937238728574,0.0
184,1.2943333484573303,0.0,0.0,1.305716200460732,20.97683228293115,20.998786047991945,0.0
185,1.3040801285742323,0.0,0.0,1.3040555636904243,21.040311701687447,20.99960112917099,0.0
186,1.2953331008893416,0.0,0.0,1.3023809714779777,20.965737904008893,20.999899783664286,0.0
187,1.3005203700999908,0.0,0.0,1.300692080691036,21.038410216643047,20.999812609489588,0.0
188,1.2924150992446155,0.0,0.0,1.2989885627572382,20.95490830731916,20.999826157648883,0.0
189,1.2971918033457326,0.0,0.0,1.29727007455327,21.02905979885708,21.00034239181747,0.0
190,1.290999643058099,0.0,0.0,1.2961787613344764,20.988199928320974,21.000387098024216,0.0
191,1.2883129005916403,0.0,0.0,1.2950755168326742,21.046992270204324,20.999926961109523,0.0
192,1.289183075412413,0.0,0.0,1.2939602201193499,20.98236228333773,20.999966612910093,0.0
193,1.286498922446603,0.0,0.0,1.2928327376620383,21.045808890704535,20.999970997069003,0.0
194,1.2880902077040977,0.0,0.0,1.2919616821670663,20.966020026626726,20.999888821206213,0.0
195,1.2855881802537656,0.0,0.0,1.291074281286538,21.065135541520615,20.999961026943993,0.0
196,1.286378521965081,0.0,0.0,1.2901704520151462,20.966407090511293,20.999962920956754,0.0
197,1.2839138899766644,0.0,0.0,1.2892500894236896,21.06713126968125,20.999964257066104,0.0
198,1.283258179648083,0.0,0.0,1.2877908501889308,20.940109870873837,20.99990352431042,0.0
199,1.2823172474340472,0.0,0.0,1.2863228405933933,21.078788732113964,20.999893706708306,0.0
200,1.2804991065217308,0.0,0.0,1.2848458854676608,20.929892020416396,20.99989310449707,0.0
201,1.280104321629757,0.0,0.0,1.2833598355243148,21.07501887730919,20.999893466648604,0.0
202,1.2766134053444351,0.0,0.0,1.2824569409397955,20.90899773527742,20.999890936013735,0.0
203,1.2788156281882772,0.0,0.0,1.281515619335743,21.074546273679275,20.99989326841446,0.0
204,1.2746580097928426,0.0,0.0,1.2805356775939587,20.916595350189,20.999899961405625,0.0
205,1.2764250354613491,0.0,0.0,1.2795169016906616,21.08076332642682,20.99990545744742,0.0
206,1.2709010002485028,0.0,0.0,1.2779344597796323,20.894059157447863,20.999915084552832,0.0
207,1.2745315501092291,0.0,0.0,1.2763419318224651,21.063622977286233,20.999905614756766,0.0
208,1.2675246556429913,0.0,0.0,1.274739146459759,20.879776586532873,20.99990214046661,0.0
209,1.2721715669472247,0.0,0.0,1.2731259318084829,21.059894470828606,20.99989829637419,0.0
210,1.2640913149334891,0.0,0.0,1.2750173672052416,20.87348069989097,20.999958933600553,0.0
211,1.2737986165461128,0.0,0.0,1.276918636178668,21.03719079318594,20.999965110870246,0.0
212,1.2687622663552078,0.0,0.0,1.278829835887248,20.914823637730148,20.999965502730124,0.0
213,1.2756760334177242,0.0,0.0,1.2807510629028345,21.054563082814525,20.999975656178822,0.0
214,1.2738814506287324,0.0,0.0,1.2821942598132468,20.943797789949805,20.999946068266627,0.0
215,1.2793513461413395,0.0,0.0,1.2836428598989296,21.02982887599568,20.99894039764481,0.0
216,1.2768947462057074,0.0,0.0,1.2850969131780576,20.958085359686482,20.99996691538682,0.0
217,1.2797843757636131,0.0,0.0,1.2865564700683432,21.024548594887225,21.00000987889311,0.0
218,1.2779160612463933,0.0,0.0,1.287546418461841,20.946369995428263,21.000023352656292,0.0
219,1.2809629214210325,0.0,0.0,1.288538187710495,21.00023899663051,20.99993914924339,0.0
220,1.2749012568654268,0.0,0.0,1.289531782842697,20.94262961079886,21.000027853698114,0.0
221,1.2790200740397968,0.0,0.0,1.2905272089053699,20.993560371040687,21.00022588181043,0.0
222,1.2717639304483568,0.0,0.0,1.2919931566117182,20.933934098609395,20.999901541654125,0.0
223,1.27184350724343,0.0,0.0,1.2934589682223934,20.99361918479541,20.999938579438606,0.0
224,1.265391363049389,0.0,0.0,1.2949247215762492,20.93117123821077,20.999905724767103,0.0
225,1.2668070886801146,0.0,0.0,1.2963905147843677,20.998594417658268,20.999956247756774,0.0
226,1.2693921694539831,0.0,0.0,1.2907607158520724,20.927010692566654,20.999888040928738,0.0
227,1.2659072184098832,0.0,0.0,1.2851508188440381,20.9594838270499,20.999929262254998,0.0
228,1.2450671816939636,0.0,0.0,1.2795564512399895,20.851932062798717,20.999930727129648,0.0
229,1.2551424859043163,0.0,0.0,1.273973320673519,20.952776015755855,20.999929881856715,0.0
230,1.2391334011506665,0.0,0.0,1.2776669903183755,20.87183916798758,21.000332571108917,0.0
231,1.2533685209300562,0.0,0.0,1.281198177417971,20.94006566279962,20.999990691572904,0.0
232,1.2495728226288225,0.0,0.0,1.284569902153366,20.830843185414484,20.999959863135896,0.0
233,1.2591483642065033,0.0,0.0,1.287785106755644,20.89725577349483,20.99995831925663,0.0
234,1.2672169520171537,0.0,0.0,1.2935176914379698,20.890532445822174,20.999898277537298,0.0
235,1.2786380117048424,0.0,0.0,1.2991410373834493,20.91716884268231,20.9999923935596,0.0
236,1.2773095034812652,0.0,0.0,1.3046634678613958,20.956687664357315,21.00000408834182,0.0
237,1.2899873575051017,0.0,0.0,1.310093228911115,20.961691800014083,21.000018983210797,0.0
238,1.3014068823316434,0.0,0.0,1.315812417039704,21.062392046276162,21.000073241565307,0.0
239,1.3165369911965457,0.0,0.0,1.321434453363462,21.047209749427925,21.00011076655257,0.0
240,1.3148510679951781,0.0,0.0,1.3269694623563177,21.117956019017225,21.000118032610896,0.0
241,1.330414727519684,0.0,0.0,1.332427432264773,21.083980698475745,21.000225841129968,0.0
242,1.3403547696664388,0.0,0.0,1.3364763594224343,21.186687381163395,21.001205877653096,0.0
243,1.35186902583999,0.0,0.0,1.3404916715898634,21.129022004396795,21.00024484537328,0.0
244,1.3497267420971015,0.0,0.0,1.3444774865127873,21.2117721861441,21.000034464610483,0.0
245,1.352078078812323,0.0,0.0,1.34843789951225,21.153574467293804,20.999980716351164,0.0
246,1.3667430619577816,0.0,0.0,1.3503357395494684,21.234354484201578,20.99981250587175,0.0
247,1.3494902979925372,0.0,0.0,1.352203067856947,21.140386916734414,20.999752707851158,0.0
248,1.364783732434025,0.0,0.0,1.354040638432165,21.22103629938429,20.999628624638436,0.0
249,1.3435580868043369,0.0,0.0,1.3558492014469483,21.202624802612416,20.999521296305712,0.0
250,1.3659804321480549,0.0,0.0,1.356270218977525,21.188630804919992,20.99946909742838,0.0
251,1.3546222534039658,0.0,0.0,1.3566652267912858,21.14103862382132,20.997963686493826,0.0
252,1.3639478283426127,0.0,0.0,1.3570343354384147,21.134742754185773,20.998997455424618,0.0
253,1.3533711721635375,0.0,0.0,1.3573776456378046,21.082686552472158,20.999184399699754,0.0
254,1.36104725945657,0.0,0.0,1.3543552844723061,21.103239942062253,20.999217603349244,0.0
255,1.3579376054464558,0.0,0.0,1.3513580959791482,21.034294952388006,20.999105886009666,0.0
256,1.3535347441266037,0.0,0.0,1.3483857671660076,21.053669757702078,20.99920557525922,0.0
257,1.3501510400774044,0.0,0.0,1.345438003808191,21.019085557262184,20.999953346628068,0.0
258,1.346468555809975,0.0,0.0,1.3455664105189873,21.063799123638603,21.000467536441704,0.0
259,1.3499109644007634,0.0,0.0,1.345688322412432,21.05087016210336,20.999881117547293,0.0
260,1.3480895308959944,0.0,0.0,1.345803752837922,21.05356531132821,20.999712696116934,0.0
261,1.3510558085231053,0.0,0.0,1.3459127160418276,21.05617238748234,20.99967129111063,0.0
262,1.3530325295295902,0.0,0.0,1.3790254433805649,21.19164444343431,20.999983562471783,0.0
263,1.390953029189709,0.0,0.0,1.4153727525148656,21.12825945048447,20.999987009890962,0.0
264,1.420987211485553,0.0,0.0,1.4578320551065826,21.23814449965908,20.99999270652396,0.0
265,1.4273916250518301,0.0,0.0,1.4921626301131359,21.32204606373683,20.999973292382265,0.0
266,1.4532400976250222,2.5,2.25,1.4652059221652705,21.245189120060335,20.999903947337444,0.0
267,1.45031968292342,2.5,2.25,1.4278254603371399,21.22095524814019,20.999920832631616,0.0
268,1.3884958087443788,2.5,2.25,1.3955435250535022,21.164564715048297,20.99991654989141,0.0
269,1.3787561870216334,2.5,2.25,1.3665927722572129,20.955272269530244,20.999924527857154,0.0
270,1.3433179121077359,2.5,2.25,1.3699975138368894,21.15226329103651,20.999857730582274,0.0
271,1.3598553496181318,2.5,2.25,1.3734370470817103,20.97117076448425,20.99978161515328,0.0
272,1.3643471622112557,2.5,2.25,1.376913872820971,21.19054110753703,20.99977762550125,0.0
273,1.3673525286630397,2.5,2.25,1.3804305042319174,21.039125674258564,20.99982654539545,0.0
274,1.3664775063824366,2.5,2.25,1.3813741079551014,21.197965573474704,21.000560630862257,0.0
275,1.366904339187291,2.5,2.25,1.3823204828424291,21.054313091454567,21.00001445826235,0.0
276,1.3672044858896124,2.5,2.25,1.3832696865967178,21.19619969330701,20.999937644235523,0.0
277,1.3683430912724763,2.5,2.25,1.3842217642489,21.048002127881194,20.99993240099007,0.0
278,1.3643578894555153,0.0,0.0,1.3859022580794116,21.173502015131223,20.99989706847147,0.0
279,1.3670865947820974,0.0,0.0,1.3875936202132524,21.038699392326393,20.999932679123017,0.0
280,1.3672791220312952,0.0,0.0,1.3892961006133127,21.173786869621573,20.99997030752312,0.0
281,1.3698168401776618,0.0,0.0,1.3910099380848502,21.0393670728964,20.99993433400989,0.0
282,1.3674971685771076,0.0,0.0,1.3919891371667301,21.14666663853845,20.999749011192357,0.0
283,1.3751583672429346,0.0,0.0,1.392971685875688,21.035726853054584,20.9984249465283,0.0
284,1.3688627532319306,0.0,0.0,1.3939576305598338,21.14496913537369,20.99944765675315,0.0
285,1.3763492934816854,0.0,0.0,1.3949470310886665,21.033919852697778,20.999644691621388,0.0
286,1.3885640788235367,0.0,0.0,1.3957026020020926,21.08818009856803,20.99975746729719,0.0
287,1.3810233882891985,0.0,0.0,1.3964605713755391,20.97070670992529,21.000024170611667,0.0
288,1.3901279664722095,0.0,0.0,1.3972209661770518,21.087507484706776,21.0004029053125,0.0
289,1.382393212167328,0.0,0.0,1.397983791709619,20.971740942616545,20.99999029023724,0.0
290,1.3917384952625438,0.0,0.0,1.3974598771001387,21.073503288459417,20.999973736791247,0.0
291,1.3823741014710345,0.0,0.0,1.3969364240964126,20.961482171195303,20.99998229838052,0.0
292,1.3902801294176386,0.0,0.0,1.396413432088648,21.072430734392217,20.99998762667583,0.0
293,1.3816730552480205,0.0,0.0,1.3958909004681264,20.957438577723945,20.999991412651067,0.0
294,1.3893665859381965,0.0,0.0,1.3953688286272001,21.07088661317007,20.999999411433638,0.0
295,1.3811513308527523,0.0,0.0,1.3948472159592908,20.960836508578055,21.00000327803219,0.0
296,1.38810000726898,0.0,0.0,1.3943260618588866,21.072569554387947,21.000005430649463,0.0
297,1.380411605678535,0.0,0.0,1.39380536572154,20.959259475885435,21.000006458322513,0.0
298,1.3871579014717197,0.0,0.0,1.393285126943864,21.08044336481253,20.999996788922836,0.0
299,1.379723680341303,0.0,0.0,1.3927653449235329,20.979714313153394,20.99999332351841,0.0
300,1.385842762924854,0.0,0.0,1.3922460190592774,21.08200278461608,20.9999760576072,0.0
301,1.3788640496517584,0.0,0.0,1.3917271487508827,20.978284457319052,21.000032790829156,0.0
302,1.3856188308612065,0.0,0.0,1.3916571608818504,21.08936085689891,21.00010955895595,0.0
303,1.3788508281051168,0.0,0.0,1.3915813169510398,21.001896970979434,21.00007875528276,0.0
304,1.3856165413676187,0.0,0.0,1.3914996197186933,21.090849419621662,21.000066470696026,0.0
305,1.3788451009562759,0.0,0.0,1.3914120689450697,21.000464222847935,20.999944150071162,0.0
306,1.3884951065707347,0.0,0.0,1.3943135768276083,21.089639204908114,20.99994413957272,0.0
307,1.3836574198439677,0.0,0.0,1.3972483716770356,21.01430030957224,20.99991340480714,0.0
308,1.3959482319298222,0.0,0.0,1.4002179401056947,21.08582394243174,20.99989346756399,0.0
309,1.3904148668042668,0.0,0.0,1.4032237770213205,21.021211195820733,20.99985531535919,0.0
310,1.4027789959882766,0.0,0.0,1.4062674959122266,21.076079256384617,20.99999047385417,0.0
311,1.3979944648696436,0.0,0.0,1.4093505385748646,21.02049049713279,20.998727859608447,0.0
312,1.409428166969345,0.0,0.0,1.4124744546250128,21.06938284380888,20.99962951570219,0.0
313,1.4026615741577546,0.0,0.0,1.41564082855409,21.02584719335475,20.999797014725193,0.0
314,1.412022291949291,0.0,0.0,1.4139851645365822,21.058149398244375,20.999750408928346,0.0
315,1.4016576548783413,0.0,0.0,1.4123413848593451,20.993267214319193,21.0002632513193,0.0
316,1.4061313861743787,0.0,0.0,1.4107093469766505,21.040150520264593,21.000168602754457,0.0
317,1.3959231737218756,0.0,0.0,1.4090889202671197,20.97426817830498,21.000207104845874,0.0
318,1.3996849134564295,0.0,0.0,1.4093123502136817,21.0216261860952,20.9999080454359,0.0
319,1.3922057308250093,0.0,0.0,1.4095354818607926,20.98223264086046,20.999910699560967,0.0
320,1.3998705678497376,0.0,0.0,1.40975832688085,21.028441325255013,20.999931009738116,0.0
321,1.3928282728461807,0.0,0.0,1.4099808804921992,21.032165653131923,20.999942600480807,0.0
322,1.395652677216499,0.0,0.0,1.4075597380434135,21.058963842201184,21.001408788406184,0.0
323,1.404796483421309,0.0,0.0,1.4051642698663822,21.109512156331654,21.000374967441964,0.0
324,1.3835549835260605,0.0,0.0,1.4027940233369398,21.08006362615443,21.000175321799734,0.0
325,1.4099674333848122,0.0,0.0,1.4004485570874181,21.134397219411053,21.00011336455279,0.0
326,1.377175033294983,0.0,0.0,1.4005090811456329,21.13875125603743,21.000009863178754,0.0
327,1.418843305851146,0.0,0.0,1.4005596168819003,21.160437497307463,20.999121894546025,0.0
328,1.3736619442019435,0.0,0.0,1.4006001668963428,21.160496211777403,20.999605919107804,0.0
329,1.4076590994267175,0.0,0.0,1.4006307377419864,21.15799393929012,20.999672437254315,0.0
330,1.3749886517087238,0.0,0.0,1.4020205886145467,21.19205128952582,21.000096424624594,0.0
331,1.4133532936993074,0.0,0.0,1.4034161910445095,21.11677021610289,21.00016875557883,0.0
332,1.3782127462164628,0.0,0.0,1.4048177776199036,21.19312526981515,21.000146801697607,0.0
333,1.4148787356848411,0.0,0.0,1.4062255937786494,21.11510750998963,21.000384486909944,0.0
334,1.3861316959818337,0.0,0.0,1.4080436459419965,21.18644253643085,21.00046270909202,0.0
335,1.4114375314759395,0.0,0.0,1.4098682251836836,21.08652658239754,21.000963261065127,0.0
336,1.3915554744468814,0.0,0.0,1.4116999453552883,21.161694593511136,21.000220034825183,0.0
337,1.4051076325087666,0.0,0.0,1.4135394068845692,21.07662012742833,21.000075167874378,0.0
338,1.3971008586952314,0.0,0.0,1.4147408634817933,21.120768420448737,21.000050500845333,0.0
339,1.3893652686498095,0.0,0.0,1.4159336670894338,21.062369428374854,21.00003345358845,0.0
340,1.399123043251576,0.0,0.0,1.4171180770306706,21.079409972615196,20.99997624808728,0.0
341,1.3862120637914939,0.0,0.0,1.4182943538519917,21.05415559065632,20.999936487888466,0.0
342,1.4035610516101455,0.0,0.0,1.4194626111880473,21.051767947086667,20.999893214852033,0.0
343,1.396317854916599,0.0,0.0,1.4206231866596821,21.021142113255674,20.99988110109756,0.0
344,1.403177264594443,0.0,0.0,1.4217763048545555,21.035465764236978,20.998561570122877,0.0
345,1.383352859619209,0.0,0.0,1.42292216536712,21.00399986328195,20.99946753178838,0.0
346,1.4054479345046444,0.0,0.0,1.4233453244787464,21.051209346105214,20.99967115271084,0.0
347,1.3990806292034537,0.0,0.0,1.4237441330604796,21.07575800248951,20.999656646567246,0.0
348,1.4008794894196839,0.0,0.0,1.424118527744466,21.043212980787427,20.999674468402418,0.0
349,1.3939423437331147,0.0,0.0,1.4244684387056572,21.06120358517045,20.999862848564067,0.0
350,1.4044921887703645,0.0,0.0,1.4247936326667323,21.072227986235397,21.000830041369916,0.0
351,1.4155812353468553,0.0,0.0,1.4250941646169963,21.116363220050577,21.000103320145108,0.0
352,1.4043318602462573,0.0,0.0,1.4256516841679527,21.06772330104167,20.999960859865215,0.0
353,1.4118749508509691,0.0,0.0,1.426212845683366,21.1123969926958,20.999969396238477,0.0
354,1.4068174163730538,0.0,0.0,1.4254402140566602,21.096915034659176,21.000079585223812,0.0
355,1.4279057767516472,0.0,0.0,1.4246685616663854,21.155644046366476,21.000012410966786,0.0
356,1.4057297542585325,0.0,0.0,1.423897886652089,21.093970883693345,20.999999937842492,0.0
357,1.4240236328771192,0.0,0.0,1.4231281871580275,21.155463740622483,21.000000166518262,0.0
358,1.4084149539915265,0.0,0.0,1.425977272572182,21.123834500076402,20.999227264561668,0.0
359,1.4275718171936373,0.0,0.0,1.4288666821194236,21.161018480537646,20.999735393603817,0.0
360,1.412757573915599,0.0,0.0,1.431797401541435,21.132856953841802,20.999835368825025,0.0
361,1.4314764730667127,0.0,0.0,1.4347704451556342,21.17181309177957,20.999854884746036,0.0
362,1.4175426326633196,2.5,2.25,1.4375556630348978,21.15448192704863,20.999845148812174,0.0
363,1.423338015704642,2.5,2.25,1.440378208055259,21.144451477708724,20.999835259854645,0.0
364,1.4195145757541674,2.5,2.25,1.4432388253517376,21.16174380578977,20.99983337722398,0.0
365,1.4256834631897852,2.5,2.25,1.4461382696254579,21.15829969307132,20.9998920970073,0.0
366,1.4227646985264475,2.5,2.25,1.446622345116317,21.1647456832922,21.000546731933028,0.0
367,1.4107629899853518,2.5,2.25,1.4471067464445824,21.123964949049277,21.000031724903074,0.0
368,1.4220720570764553,2.5,2.25,1.4475914860651167,21.163525107748576,20.9998969971823,0.0
369,1.4100561816789035,2.5,2.25,1.4480765597006648,21.12245976377131,20.99987024058178,0.0
370,1.4233993497438577,2.5,2.25,1.448561979598612,21.15390665187976,20.9998622970494,0.0
371,1.4040083212309737,2.5,2.25,1.4490477431000357,21.103037390360154,20.999856271817404,0.0
372,1.423454935853945,2.5,2.25,1.4495338612908857,21.153230571708878,20.999859216921152,0.0
373,1.4037666624000185,2.5,2.25,1.4500203321893348,21.103472368814444,20.99863828259444,0.0
374,1.425056038311358,0.0,0.0,1.4496231107297648,21.138392860290114,20.999450183509794,0.0
375,1.4040407037217935,0.0,0.0,1.449220739758495,21.07074312271226,20.999663062798675,0.0
376,1.4238062597391643,0.0,0.0,1.4488132204671378,21.132664686323967,20.999708583001347,0.0
377,1.4025249756411873,0.0,0.0,1.4484005399730633,21.065743863562528,20.99972080545586,0.0
378,1.428502543721646,0.0,0.0,1.4466235514574486,21.117295572180268,21.000439927265422,0.0
379,1.4118709261971283,0.0,0.0,1.4448516436969594,21.042369376403858,21.00024249706166,0.0
380,1.425814157433876,0.0,0.0,1.4430847949324053,21.10705856855918,20.999980008428928,0.0
381,1.4100848396748586,0.0,0.0,1.4413229835286678,21.0380993614168,20.999943588091558,0.0
382,1.4337895463401922,0.0,0.0,1.4386896644507183,21.064081947908303,20.999925562931534,0.0
383,1.4268142995191675,0.0,0.0,1.4360675589737726,21.0416226059256,20.99994060284048,0.0
384,1.4296136019180903,0.0,0.0,1.4334565956228142,21.053973113742213,20.999950561790044,0.0
385,1.4219008138047904,0.0,0.0,1.4308567035289768,21.04368694487938,20.999928379326896,0.0
386,1.426162907530176,0.0,0.0,1.429531852007683,21.032511360243426,20.999947188133092,0.0
387,1.4196500250881114,0.0,0.0,1.428199211238431,21.039523153311688,20.99995228963217,0.0
388,1.424012242226005,0.0,0.0,1.4268587974113838,21.02543538769165,20.999958502488052,0.0
389,1.4162417298727645,0.0,0.0,1.425510647117565,21.046136468506454,20.999962956046563,0.0
390,1.421035510269617,0.0,0.0,1.4241545502675554,21.01677642854147,20.999967848862664,0.0
391,1.413873463667626,0.0,0.0,1.4227907594529337,21.05919329467124,20.999970557102674,0.0
392,1.418310329327208,0.0,0.0,1.421419291871982,21.013918138942223,20.99997238622631,0.0
393,1.4103542036159613,0.0,0.0,1.420040178679524,21.067912883354627,20.99997373338819,0.0
394,1.4147304054296421,0.0,0.0,1.4186536872904287,21.009647381229225,20.999978275673016,0.0
395,1.4073100739700104,0.0,0.0,1.4172596132783648,21.074369548175,20.999980727037734,0.0
396,1.4119171945581026,0.0,0.0,1.4158579815131507,21.01004357807432,20.999982269682476,0.0
397,1.4038446775193616,0.0,0.0,1.4144488241836635,21.07766525822116,20.999983444897254,0.0
398,1.4085550345673064,0.0,0.0,1.411835781967625,21.01326577806334,20.999981252541854,0.0
399,1.3970910452713958,0.0,0.0,1.409234024812808,21.067175633301442,20.999974979330805,0.0
400,1.4044046408735291,0.0,0.0,1.4066434797707943,21.033110738013836,20.999974440697777,0.0
401,1.38781174247014,0.0,0.0,1.4040640745205473,21.06254647411074,20.99997249211482,0.0
402,1.4010908451470139,0.0,0.0,1.403060135710382,21.030957540156965,21.00001179311189,0.0
403,1.38021359440855,0.0,0.0,1.4020603693636449,21.028782792692844,20.999996257006252,0.0
404,1.4000518766705512,0.0,0.0,1.4010647508076104,21.03434038601523,20.99999022117277,0.0
405,1.3781923959969524,0.0,0.0,1.4000732588885034,21.03162638221795,20.999283587810837,0.0
406,1.4003985945969983,0.0,0.0,1.3975373159805773,21.02184046293713,20.99977807044288,0.0
407,1.3712667016618876,0.0,0.0,1.3950121308114727,21.010847939733683,20.999855706927477,0.0
408,1.3969384410940924,0.0,0.0,1.392497635072871,21.043367324454156,20.99989059681201,0.0
409,1.3664765926417033,0.0,0.0,1.389993761033549,21.01597426163223,20.99987899884517,0.0
410,1.3963371690031297,0.0,0.0,1.390492452415938,21.023517859920588,20.999903870056738,0.0
411,1.364070813502051,0.0,0.0,1.3909898126365745,20.97855252968134,21.000001358881285,0.0
412,1.3967611523610977,0.0,0.0,1.3914858511622765,21.008576444608266,21.0003054309488,0.0
413,1.3637220557318113,0.0,0.0,1.3919805632342541,20.970719663481983,21.000788838654202,0.0
414,1.3964240124806295,0.0,0.0,1.3905119694396701,20.98352018266146,20.999996715005928,0.0
415,1.3628602926640285,0.0,0.0,1.389036302513378,20.95859797050979,21.000046138489772,0.0
416,1.394231300941875,0.0,0.0,1.3875536042880583,20.996594753495906,21.000059638118792,0.0
417,1.3602165202879903,0.0,0.0,1.3860638959917315,20.96379575001648,21.000062603695707,0.0
418,1.3906791163004253,0.0,0.0,1.3847827716105918,20.98317191014223,20.998893451981328,0.0
419,1.3516936594703233,0.0,0.0,1.3834818888785176,20.931540439143877,20.999755151649794,0.0
420,1.3883458108139821,0.0,0.0,1.382161236798742,20.984402345301582,20.999928732150412,0.0
421,1.3477415247182574,0.0,0.0,1.3808208050224704,20.930906853165432,20.999961423325068,0.0
422,1.3839167696163313,0.0,0.0,1.38033547589896,20.96088134852031,20.999888198067357,0.0
423,1.3288284269634965,0.0,0.0,1.3798379760441626,20.873489691083208,20.999873622804266,0.0
424,1.3815312599570322,0.0,0.0,1.3793282522944985,20.955789881539268,20.99986883387389,0.0
425,1.324174089090936,0.0,0.0,1.3788062478835201,20.86260137733306,20.999990346655572,0.0
426,1.3733092529627484,0.0,0.0,1.3782715302813788,20.93608232327915,21.000848653598773,0.0
427,1.2719445875441548,0.0,0.0,1.37772440635181,20.80603100014319,21.000189553228743,0.0
428,1.3706397074736667,0.0,0.0,1.3771648206905338,20.933036586793456,21.000068659498723,0.0
429,1.2593084452673828,0.0,0.0,1.376592703703398,20.791266903357286,21.000155647988123,0.0
430,1.3539509069989135,0.0,0.0,1.3768383790633991,20.90325658696651,21.000107838582977,0.0
431,1.1761816498414919,0.0,0.0,1.3770827654825424,20.762025975188624,20.998393097989528,0.0
432,1.3509483078796136,0.0,0.0,1.376216149962961,20.891046422693684,20.99958526222791,0.0
433,1.1621561511556566,0.0,0.0,1.3775675842830526,20.748368683123882,20.999875529530136,0.0
434,1.334025155903023,0.0,0.0,1.377887438606401,20.8618664273867,21.000809623036726,0.0
435,1.1092594309406147,0.0,0.0,1.3782048667541842,20.751087420578198,21.000909954627375,0.0
436,1.3268748814119584,0.0,0.0,1.3785198410848536,20.847378165314236,21.00085281509703,0.0
437,1.0788600729375089,0.0,0.0,1.3788323097898076,20.723737414863283,21.00075709300753,0.0
438,1.3146565298910182,0.0,0.0,1.116735945264475,20.816727628013826,20.99933725577015,0.0
439,1.0490477830227376,0.0,0.0,1.111313349758609,20.758865191019034,20.999824758994077,0.0
440,1.0773685772808919,0.0,0.0,1.1094558186289718,20.681612072984365,20.999944910739387,0.0
441,0.8815708637014418,0.0,0.0,1.111497693481268,20.89148458625083,21.000029756466233,0.0
442,1.0242355887962227,0.0,0.0,1.1077367340190225,21.03297131801747,20.999617022076585,0.0
443,0.7601552491045993,0.0,0.0,1.1143641984306776,20.99632287847779,20.999583806408527,0.0
444,1.0430656496109503,0.0,0.0,1.1223466314489772,21.041819558208104,20.999718148918998,0.0
445,0.823208202644401,0.0,0.0,1.1323685265120362,21.010844497216183,20.99950120972214,0.0
446,1.0336557524355108,0.0,0.0,1.1186177528684729,21.013784366203367,20.99993392997074,0.0
447,0.8948818158094751,0.0,0.0,1.1210652559924092,20.996486396356918,21.00002054740535,0.0
448,1.0074395809100734,0.0,0.0,1.4907296752954893,20.993849431325003,21.001501912729307,0.0
449,0.821035936281316,0.0,0.0,1.477721031308291,20.97911176831625,21.00013207915647,0.0
450,1.4207806193397685,0.0,0.0,1.4264303560894394,20.835734221048682,20.999919090124056,0.0
451,1.3582271350558517,0.0,0.0,1.409330699517163,20.888095777264066,20.999641042513286,0.0
452,1.353877235775128,0.0,0.0,1.3959844366591854,20.908824891067727,20.999849792665866,0.0
453,1.1977685194980054,0.0,0.0,1.2713433341962257,20.69677465089338,20.999315657173117,0.0
454,1.0863309208434906,0.0,0.0,0.9857300685164561,21.138394181780345,21.000793913341546,0.0
455,0.9185106968445375,0.0,0.0,0.9726612295186353,20.906290383633344,21.001594956901258,0.0
456,0.8690861275125455,0.0,0.0,0.9623818517067018,20.953666542797045,21.00175038262236,0.0
457,0.7794490619842658,0.0,0.0,0.9528718475046106,20.61272674654882,21.00194519821072,0.0
458,0.9823471651409298,2.5,2.25,0.9411207152709251,20.90786830908685,21.00117153714263,0.0
459,0.8085766423895462,2.5,2.25,0.9355532724593147,21.120619632557727,21.00103013772929,0.0
460,0.978629876807364,2.5,2.25,1.3073641869420654,20.928651874102005,21.001077723073628,0.0
461,0.8324303088155294,2.5,2.25,1.2975796262288888,21.182615790715825,21.000639460848326,0.0
462,1.2555077868045708,2.5,2.25,1.295911441479244,20.744584134719044,20.999266069503975,0.0
463,1.2647001012500003,2.5,2.25,1.295544644426158,21.084676439545365,20.999069557848973,0.0
464,1.2061451487840287,2.5,2.25,1.2937229829673385,20.798628762135515,20.99913109688933,0.0
465,0.9436425214266385,2.5,2.25,1.24235777833397,21.037663265631416,20.999181206828574,0.0
466,1.0445870368489234,2.5,2.25,0.9329302480840718,21.084484393722594,21.002813630718755,0.0
467,0.8300270485176148,2.5,2.25,0.9248089154904211,21.102124147338504,21.006229787354865,0.0
468,0.8945060153990307,2.5,2.25,0.9196065724319151,21.03253790957283,21.00140599009154,0.0
469,0.791548740183925,2.5,2.25,0.9260053936214363,20.63070221118128,20.999946403710304,0.0
470,0.8948265510666777,0.0,0.0,0.9514919811715012,20.922162591398855,21.000094417554415,0.0
471,0.8608126195933029,0.0,0.0,0.9609610512712701,21.077676898013515,21.001062882991082,0.0
472,0.932711066357034,0.0,0.0,0.973262537322058,21.099928765253214,20.995738294044237,0.0
473,0.8914552811876298,0.0,0.0,0.9929464615114818,21.136490954399445,20.995280922974967,0.0
474,0.9346227185091267,0.0,0.0,1.0242441178100206,21.1177892923468,20.99684501697213,0.0
475,0.8923116540842229,0.0,0.0,1.411298979618471,21.12538023529753,20.997074171497424,0.0
476,1.3340848916135253,0.0,0.0,1.4205016722162567,20.972619908047026,20.998406270628827,0.0
477,1.3029469926122217,0.0,0.0,1.4264316354650226,20.823852051102005,20.998929197531254,0.0
478,1.3789087077743294,0.0,0.0,1.3546796731157908,20.86855138521494,21.003944958653825,0.0
479,1.3609616079499394,0.0,0.0,1.0327026223043214,20.83934365097795,21.006992982214467,0.0
480,1.087195209051445,0.0,0.0,1.013470013738447,20.657883453000565,21.01463693987504,0.0
481,0.939953627294735,0.0,0.0,0.9823928823669992,20.63867796491938,21.015641596670104,0.0
482,0.9551722158628713,0.0,0.0,0.9789974863085233,20.386851460598546,21.00356156906863,0.0
483,0.9138183961457103,0.0,0.0,0.9879532266556466,20.80804103529972,21.00342635610159,0.0
484,0.8543566571641887,0.0,0.0,0.9909164394827448,20.961503518482196,20.997599422638263,0.0
485,0.8089928234155773,0.0,0.0,1.007437925082861,20.965509258407888,20.997898000252096,0.0
486,0.9172676541329796,0.0,0.0,1.0022274458642288,20.91473711424696,21.006066419861412,0.0
487,0.8831961779285138,0.0,0.0,0.9859273735377382,20.8075410697312,21.00686367713285,0.0
488,0.8632257917847603,0.0,0.0,0.9763943325818063,20.945349074338292,21.007043869918466,0.0
489,0.8239759414847457,0.0,0.0,0.9635184819558347,20.815760599516686,21.007071621619886,0.0
490,0.8479401879060926,0.0,0.0,0.9609325313581645,20.799813216310177,21.002575888878837,0.0
491,0.832575524425379,0.0,0.0,0.9765069280377471,20.72889151399483,20.993882613167813,0.0
492,0.885587476082047,0.0,0.0,0.9997137213602798,20.75998065205573,20.994292515450528,0.0
493,0.8951698638911331,0.0,0.0,1.0149141242863395,20.744122462631832,20.994575059301926,0.0
494,0.9747593685681122,0.0,0.0,1.0186867151238936,20.70428590528483,20.996417126949822,0.0
495,0.9672019327504049,0.0,0.0,1.0199097846355063,20.60631358795424,20.99662216043583,0.0
496,0.9482189438605337,0.0,0.0,1.022547089943211,20.875082844808517,20.99672926233983,0.0
497,0.921213507107996,0.0,0.0,1.0240896052892532,20.67489670256655,20.996679727674547,0.0
498,0.997420785625206,0.0,0.0,1.0029146955275958,20.818511200961478,21.002325544819385,0.0
499,0.9379221922357694,0.0,0.0,0.9824576894788815,20.60517094983751,21.003219630252154,0.0
500,0.8902854423466521,0.0,0.0,0.9683860697050124,20.77471177989815,21.00361623044556,0.0
501,0.8334593633450774,0.0,0.0,0.9540894005060336,20.642752891766637,21.00266243445222,0.0
502,0.9452239380920313,0.0,0.0,0.9340118638415037,20.524153434994997,21.002285969994926,0.0
503,0.8790263919500313,0.0,0.0,1.283413898312178,20.544380433515848,21.001468942165584,0.0
504,1.258913627956512,0.0,0.0,1.2681338126429234,20.89002496316002,21.00086154700005,0.0
505,1.1990159457603489,0.0,0.0,1.2537409093207774,20.75716385574312,21.000937899587,0.0
506,1.2259783091145477,0.0,0.0,1.2540039669796765,20.80807720788346,20.9993402907821,0.0
507,1.0044582694236028,0.0,0.0,1.223451169994445,20.898521239799905,20.999084338661614,0.0
508,0.9964261056381678,0.0,0.0,1.2034172724793843,20.983136910004212,20.99899167225888,0.0
509,0.7851334730803815,0.0,0.0,1.1435654359426604,20.812471269203026,20.99893074404363,0.0
510,0.8387378540629071,0.0,0.0,0.8835054615927388,20.932060287689247,21.000841256615907,0.0
511,0.5729933768037561,0.0,0.0,0.864683366724889,20.79496219622535,21.001665017882903,0.0
512,0.8365054519833848,0.0,0.0,0.8432598388131448,20.90939777276916,21.00186470462029,0.0
513,0.6264832254752317,0.0,0.0,0.8199637653943812,20.677049261372566,21.002028603810636,0.0
514,0.910614334047936,0.0,0.0,0.823963670191346,20.471881299540062,21.00352430819328,0.0
515,0.9319190637631425,0.0,0.0,1.1594732781311126,20.650880068079292,21.003743633964817,0.0
516,1.1689909815877315,0.0,0.0,1.1370211674722475,20.822423376585732,21.002495870592288,0.0
517,1.1586683832270235,0.0,0.0,1.115295044006559,20.969288051861785,21.00240495721922,0.0
518,1.1049472518165546,0.0,0.0,1.0912788428927014,20.89882694896319,21.000071159700646,0.0
519,0.9057768263944251,0.0,0.0,1.064860381530224,20.540542955514738,20.999731511125695,0.0
520,1.0025679792322055,0.0,0.0,1.0400911356114964,20.858561537318185,20.999684048407065,0.0
521,0.6072739409305853,0.0,0.0,0.9289851581239036,20.77875639688767,20.9997028813665,0.0
522,0.776240698971393,0.0,0.0,0.6557151059866263,20.76774168239504,21.010768612436145,0.0
523,0.6137958505627068,0.0,0.0,0.6234012532205523,20.759497668063798,21.016321436605303,0.0
524,0.6382258777037921,0.0,0.0,0.6002087761551377,20.69019645525026,21.0178453173056,0.0
525,0.6890398981667158,0.0,0.0,0.5776741558345242,20.52503122347882,21.018829806775695,0.0
526,0.587660090460686,0.0,0.0,0.5616111432431379,20.977539318137968,21.000352495072484,0.0
527,0.5954623560005265,0.0,0.0,0.5672872254296235,21.126783925801163,21.000142535066097,0.0
528,0.5541728064457802,0.0,0.0,0.5475030972512946,20.93370243538517,21.0001433498437,0.0
529,0.5688370697865461,0.0,0.0,0.87888367497536,21.11574050970074,21.000139565737847,0.0
530,0.8245745586982505,0.0,0.0,0.8463120045477082,20.962237811008364,21.000164074733952,0.0
531,0.5697944234449933,0.0,0.0,0.825935533537359,20.914103688545797,21.011494268152365,0.0
532,0.6716233557699656,0.0,0.0,0.7913579142477223,20.983648305281992,21.01301012952386,0.0
533,0.7429616333482905,0.0,0.0,0.7681707478520038,21.067624740466304,21.013404463133984,0.0
534,0.6339543249445059,0.0,0.0,0.5974784031659024,20.668751387440725,21.00715377166983,0.0
535,0.574859224314341,0.0,0.0,0.42593233457681945,20.92180267161385,21.007837289558935,0.0
536,0.24729744210348203,0.0,0.0,0.4170932255676362,20.96879260175115,21.00916372975204,0.0
537,0.4809959949847953,0.0,0.0,0.4110692561123381,20.934128768464742,21.009532929553366,0.0
538,0.30488424985991314,0.0,0.0,0.39861012086221703,20.80698256764423,21.022169272885378,0.0
539,0.5465740780534742,0.0,0.0,0.3743830784471017,20.882133324585084,21.022105993766697,0.0
540,0.29199414062878315,0.0,0.0,0.3613472677824191,20.84914267559145,21.02157175505848,0.0
541,0.5875302744009705,0.0,0.0,0.3432899153117376,20.8084303586787,21.020858623745212,0.0
542,0.2711691839378354,0.0,0.0,0.3090783412416981,20.882554546792445,21.007415691354137,0.0
543,0.523566321633759,0.0,0.0,0.3094500342485025,20.75488422035085,21.007012228808456,0.0
544,0.2502735887183314,0.0,0.0,0.6058034290608734,20.921161254789105,21.007303722606636,0.0
545,0.4906898216581952,0.0,0.0,0.5913315129631936,20.71920618492086,21.00599588449535,0.0
546,0.4750963766058076,0.0,0.0,0.538939423619603,21.13728607534549,21.006650765746418,0.0
547,0.38109918735767545,0.0,0.0,0.5171046330368211,21.121016872438858,21.006972237398923,0.0
548,0.35959216694872553,0.0,0.0,0.37736959029840095,20.78159500150083,21.007038346400545,0.0
549,0.5122167652814142,0.0,0.0,0.18770118630128316,20.766660581454353,21.007654673671762,0.0
550,0.07027354203855762,0.0,0.0,0.13669984346610387,21.214395730080174,20.98625247083986,0.0
551,0.24263962839285502,0.0,0.0,0.15529920370033867,21.076583091515158,20.984679049854197,0.0
552,0.11572802873590493,0.0,0.0,0.15594546751099736,21.095270276602392,20.984418818290106,0.0
553,0.3431097832182094,0.0,0.0,0.16530590254252792,20.767939554127473,20.984176442418857,0.0
554,0.10716577148636919,2.5,2.25,0.16991606153270594,21.082493727647975,20.981383900244044,0.0
555,0.29342684859158685,2.5,2.25,0.4905955595869176,20.84997014124961,20.98097097440439,0.0
556,0.2594175308266504,2.5,2.25,0.5005287024073917,21.098422344561,20.9839069461102,0.0
557,0.3474548455271389,2.5,2.25,0.5081737876897331,21.47134428739137,20.983939952547352,0.0
558,0.34035671469315076,2.5,2.25,0.5125603198319713,20.8319425109897,20.99846445316318,0.0
559,0.4543413939672586,2.5,2.25,0.48586642681097847,21.072819912512866,21.000063413462918,0.0
560,0.3735094975653216,2.5,2.25,0.19757301391429571,20.84464716919004,21.00024720118517,0.0
561,0.4579641032524574,2.5,2.25,0.19434228585104163,20.77574663827487,21.000287831862728,0.0
562,0.12442859725132127,2.5,2.25,0.1924026619478921,21.245607778897828,20.99104944055107,0.0
563,0.28627969275094867,2.5,2.25,0.2046881743735911,20.880826133271448,20.991049599687997,0.0
564,0.14900355508126706,2.5,2.25,0.20674300497849696,21.088257077410354,20.991461091754626,0.0
565,0.29020119080122797,2.5,2.25,0.21196129495751367,20.863224320526616,20.99184618841339,0.0
566,0.15519873209604174,0.0,0.0,0.23559649896706608,21.09006780192548,21.009421337483225,0.0
567,0.28648301252147723,0.0,0.0,0.22402773223502875,20.916395895901985,21.009501240969424,0.0
568,0.16961971620034855,0.0,0.0,0.5382686814996888,21.067499985664625,21.008967065664255,0.0
569,0.30086722098986274,0.0,0.0,0.5309530737555471,20.877623470568665,21.007330158375886,0.0
570,0.45388649863127684,0.0,0.0,0.5395224004600558,21.00395501709894,21.012730944757433,0.0
571,0.3570417485256122,0.0,0.0,0.5121636546691424,21.197534432583733,21.010931530102464,0.0
572,0.417298301929248,0.0,0.0,0.22801435635546694,20.97873025366877,21.0117164930946,0.0
573,0.5360152940527622,0.0,0.0,0.22379336160877883,20.914406073947994,21.013848932205345,0.0
574,0.13728547211562792,0.0,0.0,0.23185074288088398,21.20484038844528,20.996203456734225,0.0
575,0.2663299139337101,0.0,0.0,0.2568486421869374,20.988354976464244,20.997264355747397,0.0
576,0.19170501839396625,0.0,0.0,0.2596047731736416,21.02251336626785,20.99912638987735,0.0
577,0.31772962534628246,0.0,0.0,0.2675690452811244,20.921447945988884,21.001291960768132,0.0
578,0.1980005449093749,0.0,0.0,0.2735284405064313,21.005577140234852,21.006937540592496,0.0
579,0.29739710084775406,0.0,0.0,0.2707314976216793,20.914521267960012,21.007078332394634,0.0
580,0.2075936321125671,0.0,0.0,0.2718153327823701,20.989469147722307,21.007066989945848,0.0
581,0.298862254118924,0.0,0.0,0.2703773597179213,20.904213169695826,21.007017033900354,0.0
582,0.20722517656050066,0.0,0.0,0.2685859384569855,20.99555337116261,21.00406122104113,0.0
583,0.27235056726136575,0.0,0.0,0.2697588679277326,20.912896334976555,21.00459449469271,0.0
584,0.2058216957730833,0.0,0.0,0.2664980291550463,20.995174289471258,21.00532740229709,0.0
585,0.26849785278731675,0.0,0.0,0.26331159630460504,20.919238019815403,21.006593095927833,0.0
586,0.1983582972580069,0.0,0.0,0.2598040914043076,21.003102765084556,21.01242253983687,0.0
587,0.2497549124926578,0.0,0.0,0.24907255459202907,20.905299515062953,21.013438668867785,0.0
588,0.1848203171005668,0.0,0.0,0.24212745135667121,21.020304258304513,21.01424711654726,0.0
589,0.24415190937183673,0.0,0.0,0.23279307460155516,20.92233356850395,21.013822990542685,0.0
590,0.17295146120796023,0.0,0.0,0.2224974306224237,21.037156781990856,20.992309684880603,0.0
591,0.23711921730738383,0.0,0.0,0.2431519329420099,20.91284187128727,20.991137021154458,0.0
592,0.1800509376867644,0.0,0.0,0.2442895413055775,21.01392483488329,20.991871629999448,0.0
593,0.23059938335567676,0.0,0.0,0.25219824308817285,20.90811222325077,20.99274212060357,0.0
594,0.1935327246396189,0.0,0.0,0.24668249038531342,20.98980717550795,20.990547670057893,0.0
595,0.24914418248035552,0.0,0.0,0.25291040218421534,20.82111122340103,20.99040005940181,0.0
596,0.19769826015720415,0.0,0.0,0.25814238806445167,20.989509745569293,20.990353595014554,0.0
597,0.2536155583782512,0.0,0.0,0.2646442807781153,20.81622787089536,20.990339106078444,0.0
598,0.22043962916677529,0.0,0.0,0.5854459990783004,20.954949070017907,20.990328931143356,0.0
599,0.29061805818946895,0.0,0.0,0.6169879891535419,20.71763483359259,20.992682387525083,0.0
600,0.5987997065011548,0.0,0.0,0.6250906939303328,21.08732359763479,20.992738873107637,0.0
601,0.29567473814796075,0.0,0.0,0.634079900186159,20.81705309134206,20.992649048282615,0.0
602,0.6212768227333366,0.0,0.0,0.6450744109189768,20.96355725679671,20.99666834934979,0.0
603,0.4883086664086441,0.0,0.0,0.6251303145352021,20.657697640246987,20.99735674016016,0.0
604,0.5711099379440467,0.0,0.0,0.5485891100333519,20.910640257896738,20.997614638761497,0.0
605,0.46205572968700237,0.0,0.0,0.3032902180798241,20.595937995908763,20.997747757046284,0.0
606,0.266488027162191,0.0,0.0,0.35580808506505196,21.1434175888887,21.000139023653638,0.0
607,0.23851701717043128,0.0,0.0,0.35279233451669023,20.995214332349082,21.00024207635789,0.0
608,0.3372711792823021,0.0,0.0,0.3505873509115962,20.704230337287854,21.000250357292035,0.0
609,0.4160004251501086,0.0,0.0,0.6616337368219657,20.451294835983376,21.000273687368168,0.0
610,0.641505961165844,0.0,0.0,0.6749399851393778,20.795263234971777,20.9975032294,0.0
611,0.33993770048033234,0.0,0.0,0.6723352651887756,20.670451452028477,20.99735694543225,0.0
612,0.5792169048531712,0.0,0.0,0.6661120395958104,20.704153373571017,20.997474616475596,0.0
613,0.4532182462542256,0.0,0.0,0.6598465270362058,20.69735469036738,20.997618574019114,0.0
614,0.5923990613355439,0.0,0.0,0.6601101767426528,20.774946660867002,20.988968140408424,0.0
615,0.5505194565790514,0.0,0.0,0.5491111465771285,20.752010437832364,20.987614360809825,0.0
616,0.4068724221033684,0.0,0.0,0.37401856939504363,20.95274519583339,20.98595420500898,0.0
617,0.4978659259353898,0.0,0.0,0.3782778608112062,20.849689184712485,20.983435678492494,0.0
618,0.3375010464167023,0.0,0.0,0.34715428595017467,20.81186758515655,20.99993487639332,0.0
619,0.4978580584022235,0.0,0.0,0.3259516779910793,20.813881264323374,21.000218055597138,0.0
620,0.2720996971539926,0.0,0.0,0.29394792787984925,20.82113846908025,21.000140791258403,0.0
621,0.48378377289430685,0.0,0.0,0.257385129574645,20.677508930640325,21.000199082219275,0.0
622,0.19849232610381107,0.0,0.0,0.5442267317130962,20.879275618793983,20.996921831568923,0.0
623,0.43279190479400775,0.0,0.0,0.5242581831513151,20.735261920500196,20.99717861329513,0.0
624,0.40752158888564827,0.0,0.0,0.48079263883823964,21.00276201015184,20.997157077471805,0.0
625,0.311436378623985,0.0,0.0,0.4592148893850304,20.7938782173977,20.997083974273526,0.0
626,0.3202351731901355,0.0,0.0,0.35183392438952943,20.739795275441175,21.01136018447889,0.0
627,0.44879988808612714,0.0,0.0,0.10451695277940994,20.670592435002593,21.013450065027982,0.0
628,0.03154137201814211,0.0,0.0,0.08029902212116424,21.292412257659176,21.014864116036968,0.0
629,0.29667166741377926,0.0,0.0,0.0586219334787727,21.17317818811743,21.012571505020187,0.0
630,0.024953342684223,0.0,0.0,0.04403076253260157,21.238369307848345,21.01802033793178,0.0
631,0.35622086789832064,0.0,0.0,0.023711635052252586,21.186709662682656,21.01553973619094,0.0
632,0.0,0.0,0.0,0.022938110571485395,21.314318319397017,21.01550731288058,0.0
633,0.31509136242513924,0.0,0.0,0.02286989178052417,21.334457497051254,21.0153012836523,0.0
634,0.0,0.0,0.0,0.02252664839348771,21.314547745090344,21.0040483050831,0.0
635,0.28164927115917826,0.0,0.0,0.0442763888322816,21.338490733697345,21.003981597584062,0.0
636,0.0,0.0,0.0,0.3445600228603883,21.276634328309974,21.004082409669838,0.0
637,0.28189758153594047,0.0,0.0,0.35164617818995897,21.285304100621314,21.00366444234558,0.0
638,0.19174679212990586,0.0,0.0,0.34379453515287484,20.66883183809436,21.004579941936683,0.0
639,0.47000695075081467,0.0,0.0,0.3507614173263838,20.65616283813667,21.004753772105147,0.0
640,0.2787837329297619,0.0,0.0,0.22142445965506463,20.703873915663536,21.00489456794632,0.0
641,0.4648186605801805,0.0,0.0,0.07105023331760933,20.638099881866577,21.005251179822054,0.0
642,0.014295219041658758,0.0,0.0,0.030706519343379007,21.261584742851653,21.006791066893754,0.0
643,0.29111978978210895,0.0,0.0,0.022038668333096204,21.1009381762638,21.00700300421427,0.0
644,0.0,0.0,0.0,0.016063406583145718,21.2989496222809,21.006922012943548,0.0
645,0.24215222970364292,0.0,0.0,0.009882209918512533,21.26084981797975,21.006914428862007,0.0
646,0.0,0.0,0.0,0.0,21.35185117580905,20.99823808852264,0.0
647,0.1816872169100886,0.0,0.0,0.05428146839494783,21.24464791559054,21.000110366625904,0.0
648,0.0034212620123024173,0.0,0.0,0.40886238567699623,21.329244432807577,21.00009455993112,0.0
649,0.2130044120882616,0.0,0.0,0.4556494300626914,21.17125462632263,21.000113368031876,0.0
650,0.36785032553324537,2.5,2.25,0.5092069342680925,20.85458647002389,21.000104050760662,0.0
651,0.5187691526751428,2.5,2.25,0.5518138332489638,20.986574999700608,21.00012752937021,0.0
652,0.5380253013326302,2.5,2.25,0.5970727710009451,21.024023669937385,21.00014677204072,0.0
653,0.6176867085174471,2.5,2.25,0.34441263714046055,21.007789765996453,21.000197768994717,0.0
654,0.17430600932057283,2.5,2.25,0.33474175719738175,21.28214900567133,21.029940400052404,0.0
655,0.2917539483019316,2.5,2.25,0.28706448331529716,20.884830810576688,21.005538169750455,0.0
656,0.27114550766307255,2.5,2.25,0.306098830151057,20.96571595990322,21.010326810345003,0.0
657,0.3592461978624564,2.5,2.25,0.2782593051466293,20.71241309273135,21.011923394366566,0.0
658,0.28282319873320017,2.5,2.25,0.2728997864641344,20.965113899939137,21.00966579369321,0.0
659,0.36467048574845573,2.5,2.25,0.2703676934323809,20.654132102348942,21.009146509090666,0.0
660,0.2571914502242961,2.5,2.25,0.5859224195695903,20.995371913743583,21.009144270606804,0.0
661,0.3598537426142113,2.5,2.25,0.576559677280033,20.711213870006628,21.007516098049418,0.0
662,0.5385713129118405,0.0,0.0,0.5901787145001747,20.94917931660866,21.007915705243075,0.0
663,0.405913717230461,0.0,0.0,0.5852037366291092,21.082468190591257,21.00830374835275,0.0
664,0.54730381187861,0.0,0.0,0.43674252368605093,21.015899887409297,21.00903964723559,0.0
665,0.5613825073658056,0.0,0.0,0.2851984852543438,20.771641539596114,21.010771598730294,0.0
666,0.17146595791277297,0.0,0.0,0.29841434270123973,21.12211525171952,21.013343941435703,0.0
667,0.28038761193741,0.0,0.0,0.3002290128943934,20.84059694895181,21.013155046005632,0.0
668,0.29753805409429934,0.0,0.0,0.304158946022058,20.909662355761775,21.01300477435276,0.0
669,0.4362241923506429,0.0,0.0,0.3063768819459752,20.645984895255655,21.012993427149492,0.0
670,0.27980987676009905,0.0,0.0,0.3235536952762597,21.009373741574905,20.991799587904378,0.0
671,0.385892988510528,0.0,0.0,0.3614352256268965,20.769124736263056,20.990890318787688,0.0
672,0.34381104206133783,0.0,0.0,0.37702381544416314,20.989245927916848,20.991080713035643,0.0
673,0.4533898615992743,0.0,0.0,0.39991971040048063,20.78139483657281,20.991188021707796,0.0
674,0.3713846514525483,0.0,0.0,0.4235721446485497,21.0412672198615,20.994886674564746,0.0
675,0.4660761753514534,0.0,0.0,0.4395212427259352,20.76988934572023,20.995530195666397,0.0
676,0.4132894333012642,0.0,0.0,0.45765096771453584,21.036458430959392,20.995487139103897,0.0
677,0.5085086580291752,0.0,0.0,0.4747255382885477,20.80652352089578,20.99356074280925,0.0
678,0.45606575300219465,0.0,0.0,0.49485304336475794,21.079442493876478,20.99454853652471,0.0
679,0.523516791130964,0.0,0.0,0.5143968803681217,20.818281887552654,20.984019597426016,0.0
680,0.513468717352966,0.0,0.0,0.5459660502030851,21.081773066464745,20.996471473514536,0.0
681,0.5634871471418785,0.0,0.0,0.5490807220123425,20.884934857662856,20.99524082401043,0.0
682,0.5760173390327408,0.0,0.0,0.5714197022363646,21.12408529869568,20.989661934458574,0.0
683,0.5643414384919783,0.0,0.0,0.5944428744205886,20.910196029913877,20.987285685803354,0.0
684,0.6521316990361627,0.0,0.0,0.6158280862389811,21.163032072793953,20.988629818765183,0.0
685,0.6080944433619907,0.0,0.0,0.6347040696887796,20.97308888469247,20.989499697756077,0.0
686,0.6967315336966161,0.0,0.0,0.6487017460412283,21.171554284051155,21.00002072098752,0.0
687,0.6221138228431163,0.0,0.0,0.6530568338326085,21.048536244181776,21.000164368943146,0.0
688,0.7096368372058861,0.0,0.0,0.6590591885246284,21.15030738063478,21.000206976849036,0.0
689,0.6165288221827603,0.0,0.0,0.6665749548407081,21.0497665568052,21.000181825118645,0.0
690,0.7254720248484653,0.0,0.0,0.6533247213916911,21.111357132156805,21.00507805875081,0.0
691,0.6417497564648674,0.0,0.0,0.9870838091676716,21.050392873977867,21.002055849814113,0.0
692,0.8148838890656787,0.0,0.0,0.9772802572067004,20.931205482229313,21.003647455384023,0.0
693,0.88416805532596,0.0,0.0,0.9554831781176419,20.98211968034485,21.00814865206493,0.0
694,0.9930141426748781,0.0,0.0,0.9302721449355473,20.885591128328873,21.00380652202236,0.0
695,0.8884493505234233,0.0,0.0,0.8308657103273434,20.482485709181972,21.003918175398287,0.0
696,0.7347457304882552,0.0,0.0,0.5783779311729205,20.71984324840038,21.00516363652991,0.0
697,0.7057505636986464,0.0,0.0,0.5678803931204628,20.768376489821872,21.00896181820728,0.0
698,0.5666183336227282,0.0,0.0,0.5723471343311592,20.788864411587813,20.99527904846055,0.0
699,0.5881855357603232,0.0,0.0,0.5889757448428178,20.475244904591364,20.99845859600288,0.0
700,0.6710938848542035,0.0,0.0,0.5843393452941873,21.035972778868874,21.00178241204689,0.0
701,0.6555425833028243,0.0,0.0,0.9282233579795554,20.95284473551382,21.0052068333064,0.0
702,0.8039982549469216,0.0,0.0,0.9770139386613852,20.67563795834969,21.001668177501855,0.0
703,0.8467754961110889,0.0,0.0,0.9786503778052672,20.81056163769476,21.000998435270755,0.0
704,0.9848721674779962,0.0,0.0,0.9739841213221219,20.90203257217228,21.00088437244967,0.0
705,0.8723022804223853,0.0,0.0,0.9692536793543065,20.628620318201335,21.000869168518037,0.0
706,1.1170831528765686,0.0,0.0,0.998303757911293,20.493475758517558,20.99570511441707,0.0
707,1.0066661261924765,0.0,0.0,1.016072164923652,20.92199913909194,20.995262219989772,0.0
708,1.1914556293400993,0.0,0.0,0.9383427027934288,20.59988679459838,20.995118095756304,0.0
709,1.0898996132925574,0.0,0.0,0.715571492481994,20.926952279546484,20.994245432653955,0.0
710,0.6632243585117319,0.0,0.0,0.7250060435611623,20.825867573709388,21.009290949644853,0.0
711,0.8474037666205138,0.0,0.0,0.7100910871533979,20.617721958072988,21.011595419085907,0.0
712,0.7893912326859668,0.0,0.0,0.6811286844490756,21.00275384488105,21.01875395045094,0.0
713,0.772259650405937,0.0,0.0,0.6331810419320223,20.71526064207258,21.019257122737045,0.0
714,0.685717981985255,0.0,0.0,0.9288416376513284,21.02190260152341,21.000224945007748,0.0
715,0.6060053502662599,0.0,0.0,0.8472260038729144,21.03975158676804,21.00007269092746,0.0
716,0.8517728357014681,0.0,0.0,0.7815429344595266,21.48625038744144,21.00008084482966,0.0
717,0.7203624389200969,0.0,0.0,0.7248530738959156,21.15915597599502,21.000058715475994,0.0
718,0.5129577568320423,0.0,0.0,0.7016342680647029,20.773934845771457,21.00210343053134,0.0
719,0.4179974913397967,0.0,0.0,0.6738669443918325,20.72728828427394,21.00310407087105,0.0
720,0.5160017019740601,0.0,0.0,0.5026503625994869,20.90030239949004,21.0041755809782,0.0
721,0.480498246974968,0.0,0.0,0.31631584217190595,20.889876459202668,21.004178362729032,0.0
722,0.19006602585528742,0.0,0.0,0.3201998652859217,20.968710886608655,21.00145801082057,0.0
723,0.41200784962673165,0.0,0.0,0.33882161056726967,20.97718084612865,21.00127264345025,0.0
724,0.3344825751690834,0.0,0.0,0.35335732929250496,20.707783848045736,21.001141225275372,0.0
725,0.5946280475933959,0.0,0.0,0.3685854694358839,20.778362132681636,21.000946670700188,0.0
726,0.33351687163035293,0.0,0.0,0.3808928595760652,20.749452207995425,21.003255345015656,0.0
727,0.5763843495332012,0.0,0.0,0.3925204614451531,20.572553264167226,21.00315489823499,0.0
728,0.35005238682575246,0.0,0.0,0.4028148201196797,20.71678417679175,21.003028258952934,0.0
729,0.5866987160515184,0.0,0.0,0.7387913692442053,20.57651427844887,21.00305536650985,0.0
730,0.7295784159638445,0.0,0.0,0.7352124335042384,20.529270827507396,20.997693292206513,0.0
731,0.5393725406291745,0.0,0.0,0.740998854978156,20.618131284900652,20.997204952910412,0.0
732,0.616558902249619,0.0,0.0,0.7405844999823599,20.69381824316753,20.99732440923412,0.0
733,0.511345521499943,0.0,0.0,0.6080005074264305,20.81202551536167,20.99748001195405,0.0
734,0.33803417021481397,0.0,0.0,0.416417064089389,20.736558870590045,21.00080976413935,0.0
735,0.4670176445997781,0.0,0.0,0.4083286665202485,20.87929244819166,21.00118770086171,0.0
736,0.3189215192209296,0.0,0.0,0.4055347734965411,20.725918766553715,21.00119297915522,0.0
737,0.4542282330016979,0.0,0.0,0.4017813650900493,20.697234978939658,21.001183846516437,0.0
738,0.3335011463363178,0.0,0.0,0.39283257787801823,20.729390560145234,21.000187731067143,0.0
739,0.5813945316061221,0.0,0.0,0.4026558761153189,20.648650657051643,21.000190303299803,0.0
740,0.34881679828354384,0.0,0.0,0.39725735076947327,20.75975263836255,21.0001901460328,0.0
741,0.5942717233553308,0.0,0.0,0.7017215194710996,20.70823336151757,21.000106673286595,0.0
742,0.7421545672824506,0.0,0.0,0.6722143397055689,20.656963162996544,21.000184163101533,0.0
743,0.6549545649596434,0.0,0.0,0.6814080039387086,20.71619306280759,21.000188773356463,0.0
744,0.5752407637809602,0.0,0.0,0.696441991072771,20.910816476242694,21.00020791674303,0.0
745,0.6774987899994068,0.0,0.0,0.7298117388488841,21.170423051280167,21.000231975521046,0.0
746,0.7067726012506297,2.5,2.25,0.7613009208063497,21.036202583509823,21.000209000231315,0.0
747,0.6784178615956155,2.5,2.25,0.4678348447673062,21.098139697971224,20.999927647347917,0.0
748,0.2952856547243259,2.5,2.25,0.5382631693310301,21.19173918525094,21.000215376550244,0.0
749,0.3856809588700383,2.5,2.25,0.6060497245650743,21.126532388397223,21.000242182969096,0.0
750,0.6561401673118117,2.5,2.25,0.6518381201061281,20.971599380482978,21.00030762030937,0.0
751,0.6314376408004522,2.5,2.25,0.7980931405620643,20.859984642626767,21.00035730673155,0.0
752,0.7639282960685005,2.5,2.25,0.8546434926458437,20.84697204274814,21.000335922660383,0.0
753,0.8388346101436077,2.5,2.25,1.3441658536929817,21.156638908474,20.999872929654444,0.0
754,1.2998313703691067,2.5,2.25,1.3530344253995443,21.146976666033606,21.000261692635085,0.0
755,1.279610516618792,2.5,2.25,1.3618390362707227,21.230628466645346,21.000103953418343,0.0
756,1.3059039410057676,2.5,2.25,1.3705760092561985,21.205717788624845,21.000131647196838,0.0
757,1.2084667554534991,2.5,2.25,1.3792416557872653,21.265827434065507,21.000198384588284,0.0
758,1.3715563892436902,0.0,0.0,1.381041941637957,21.123159638998647,21.0002400114651,0.0
759,1.318123313586903,0.0,0.0,1.154139449422971,21.1021468151456,20.998868723704422,0.0
760,1.1628964724764437,0.0,0.0,1.1807350958620861,20.84818157795566,20.998900658646544,0.0
761,1.1942474809882266,0.0,0.0,1.2039420781380585,20.88925650232634,20.998983309647056,0.0
762,1.1567191204355176,0.0,0.0,1.2404784588020668,20.65759988617928,21.000356463790006,0.0
763,1.2221689593929148,0.0,0.0,1.2588559760151559,20.74543445093119,21.00039584201495,0.0
764,1.2538386959785757,0.0,0.0,1.2751336373734672,20.992956042800454,20.99999329741639,0.0
765,1.2395386635569041,0.0,0.0,1.2894967615065982,21.09058365541958,21.00029796504189,0.0
766,1.234884051182227,0.0,0.0,1.3536599814212795,21.020425311690566,20.99870235915773,0.0
767,1.2358081681113502,0.0,0.0,1.388236625454052,21.14670490170175,20.99976387174681,0.0
768,1.3612945978753372,0.0,0.0,1.387146917786892,21.033300617424132,20.999977074408864,0.0
769,1.3084905407047174,0.0,0.0,1.3860638959917315,21.18909658759677,21.000056352445267,0.0
770,1.3674362015837234,0.0,0.0,1.3888732341442802,21.059896618346574,21.000095169064913,0.0
771,1.3126998913270955,0.0,0.0,1.391711132508485,21.04404529305212,21.00006613907191,0.0
772,1.3781757517711672,0.0,0.0,1.393706046503411,21.07881864953227,21.000043459196373,0.0
773,1.3270674585056943,0.0,0.0,1.3755016610672417,21.024864144795544,21.000157305952026,0.0
774,1.3614136966641008,0.0,0.0,1.3685838231560283,21.09307813538074,21.00039953123057,0.0
775,1.3374902957349395,0.0,0.0,1.3616106639519534,20.953717428629997,21.000942015183636,0.0
776,1.3514835685434774,0.0,0.0,1.35346757006405,21.07915990971472,21.001003886926533,0.0
777,1.342826742731601,0.0,0.0,1.345404253258364,20.95664531155485,21.00155641193948,0.0
778,1.3338706148569577,0.0,0.0,1.3677034045557694,21.074930271008473,21.00020065203093,0.0
779,1.347540345109868,0.0,0.0,1.3933329566730113,20.9462933118042,21.00012893579782,0.0
780,1.3974365744525723,0.0,0.0,1.4115003604702112,21.08659487281219,20.999749323215404,0.0
781,1.3710405609027458,0.0,0.0,1.4128879320351497,21.016006600509833,20.99997987169986,0.0
782,1.4038774423632758,0.0,0.0,1.4075060251255822,21.11574127948097,21.00064377294892,0.0
783,1.382783732995092,0.0,0.0,1.4022840613392538,21.01390038476724,21.000816628516354,0.0
784,1.3962912458264052,0.0,0.0,1.3972156753405578,21.126441518035197,20.99997836793727,0.0
785,1.379580707650403,0.0,0.0,1.3922946005490706,20.987074854872056,20.999939604224863,0.0
786,1.3883214812714846,0.0,0.0,1.3896146830614486,21.127595998389033,21.000329368758493,0.0
787,1.378001475880089,0.0,0.0,1.3869779346934867,20.961596944512408,21.000084591053955,0.0
788,1.384185624686928,0.0,0.0,1.3843830664075036,21.132726832304268,21.00008123100183,0.0
789,1.3747927251500005,0.0,0.0,1.3818287958506112,20.96296421630544,21.000201325551973,0.0
790,1.3813395838720768,0.0,0.0,1.3820458144354684,21.12370577145887,20.99998100338001,0.0
791,1.3783866152781867,0.0,0.0,1.3822516513456924,20.934013570352153,20.999947454152096,0.0
792,1.3821203599845135,0.0,0.0,1.3824463224135461,21.1205252036528,20.999905832892786,0.0
793,1.3758355228739125,0.0,0.0,1.3826298300785635,20.954853744607735,20.999889359693352,0.0
794,1.3783455880836821,0.0,0.0,1.383947080227464,21.130915532599627,20.999401059172314,0.0
795,1.3754499795572281,0.0,0.0,1.3852626229319918,20.996693333243023,21.001359513585328,0.0
796,1.3729365683306516,0.0,0.0,1.3865764501785438,21.191779628888032,21.001127477980557,0.0
797,1.3533897211756927,0.0,0.0,1.3878885547456572,21.09649899362013,21.000791322095846,0.0
798,1.3520081497529777,0.0,0.0,1.38831935283778,21.27438539944185,21.000473183364626,0.0
799,1.2342937250577746,0.0,0.0,1.3887454181010896,21.14104342908945,21.000348136079936,0.0
800,1.3334564408381249,0.0,0.0,1.320998800657003,21.325514353769712,21.000604585396808,0.0
801,1.1782541298943612,0.0,0.0,1.2122563946207383,21.107660384840752,20.999135294178863,0.0
802,1.065658139995689,0.0,0.0,1.1410401383247264,20.995852570775,21.002151817482055,0.0
803,0.9221012167193007,0.0,0.0,0.9388845542668857,21.04950183844566,21.002642244918746,0.0
804,0.8089581990036347,0.0,0.0,0.5047744043599572,20.916767218245088,21.004542471257313,0.0
805,0.5853411204462579,0.0,0.0,0.4496010799365144,20.832328581473067,21.014875730324558,0.0
806,0.42047445904274017,0.0,0.0,0.39657589047618924,20.985293127944285,20.989097566235532,0.0
807,0.3414688242681032,0.0,0.0,0.42797639622719835,20.846227786094026,20.994674605179156,0.0
808,0.42124016310558143,0.0,0.0,0.4124552769112624,21.206638618240518,21.00871269926763,0.0
809,0.5593669915156457,0.0,0.0,0.9289469410647703,20.898471084317855,20.98701973514098,0.0
810,0.8490496018876647,0.0,0.0,0.9012656788811957,20.509871716960852,20.999386353818203,0.0
811,0.7322509809056765,0.0,0.0,0.9014155374671912,20.897223278225837,21.000081061746734,0.0
812,0.8123478715881918,0.0,0.0,0.8857964880324466,20.893032490639353,21.00007100887764,0.0
813,0.8721643147535963,0.0,0.0,0.8598374128595052,20.799335997494534,21.000062416724372,0.0
814,0.9753866019015605,0.0,0.0,0.8322685795798737,20.632561191310355,21.005499407048013,0.0
815,0.7563147671069412,0.0,0.0,0.4190707921894701,21.270109822214,20.999316575716723,0.0
816,0.38723553973939906,0.0,0.0,0.4394436548651563,21.307371851786428,21.004150576155286,0.0
817,0.3814090487022622,0.0,0.0,0.43462775139181226,20.453291082583664,21.005066410214702,0.0
818,0.43143584687849734,0.0,0.0,0.448689268219953,20.6222779647989,21.015948760013945,0.0
819,0.4865719243718991,0.0,0.0,0.4347602091129762,20.630768491785833,21.01584975614963,0.0
820,0.45281328481915084,0.0,0.0,0.44314187846068737,20.75358486755716,21.00051165754511,0.0
821,0.6105301512857034,0.0,0.0,0.42242149564198966,20.751525381318245,21.00008983611244,0.0
822,0.4295437902412641,0.0,0.0,0.4345041191376215,20.718789723030092,20.988488123450896,0.0
823,0.6042221943006492,0.0,0.0,0.913754022200831,20.698974755515952,20.999849282154837,0.0
824,0.9396763607955001,0.0,0.0,0.9208972597407143,20.56655986661574,21.000260953598733,0.0
825,0.8994481295286587,0.0,0.0,0.9133659601737962,20.675668306616537,21.00026104085309,0.0
826,0.8537993035574597,0.0,0.0,0.9364455809363197,21.03370277208845,20.996883851405002,0.0
827,0.8830558796022411,0.0,0.0,0.9760775568019128,20.94757617839822,20.99730568244124,0.0
828,1.1053621686963537,0.0,0.0,0.902321070588412,20.924954916987247,20.999516519392014,0.0
829,0.917977912867616,0.0,0.0,0.6469963853545808,20.927597538992455,20.99894991192467,0.0
830,0.5380009881835985,0.0,0.0,0.6845424247626835,21.075446261465924,20.99007523826594,0.0
831,0.6094445658101116,0.0,0.0,0.7484288230589615,20.406610634449216,20.99988460936076,0.0
832,0.7384463822026253,0.0,0.0,0.767820660978908,20.659900789197234,21.000107552727336,0.0
833,0.68062938659026,0.0,0.0,0.8084103767356208,20.421004835452866,20.99237555831488,0.0
834,0.7649013500476569,0.0,0.0,0.7878155263196108,20.63913072255749,21.000010717902352,0.0
835,0.8408707998302567,0.0,0.0,0.7871598899979181,20.76118335950688,21.00040442236842,0.0
836,0.8232468320612042,0.0,0.0,0.8015246778174447,20.621358724285546,21.0008996204607,0.0
837,0.915063551728638,0.0,0.0,1.2334301968416534,20.743508916816538,21.00214435540024,0.0
838,1.1594080238272866,0.0,0.0,1.1855499665095648,20.883154919741752,20.999495599775297,0.0
839,1.1774683089262936,0.0,0.0,1.196212892272615,21.010441236824374,20.999087975529534,0.0
840,1.1196993624066915,0.0,0.0,1.1525511235050594,21.589043633350347,21.463777461745362,0.5
841,1.199243379931231,0.0,0.0,1.2848201208757448,21.763429452959137,21.498283578243576,0.5
842,0.584300689841889,1.0,0.9,0.0,20.33347724703042,20.276589300943186,-1.0
843,0.9101939077851273,1.0,0.9,1.1004939631702864,20.321836596058763,19.983680744933054,-1.0
844,0.7408634201322482,1.0,0.9,0.47732768910618,20.64619921308403,19.992219626850613,-1.0
845,0.80702370256427,1.0,0.9,0.5380787585948608,20.941202612768066,19.99997720877205,-1.0
846,0.4308010783061126,1.0,0.9,0.9278545223212653,20.196252600269755,20.98755358379013,0.0
847,0.6208637830445882,1.0,0.9,0.6305842432972714,20.483311600537213,21.005722851058664,0.0
848,0.502684719126864,1.0,0.9,1.0527936230265234,20.96610631059177,21.007557366834334,0.0
849,0.5912663221230755,1.0,0.9,0.9396734038506311,21.0784519088508,21.002601189156632,0.0
850,0.8848863690224749,1.0,0.9,1.279249382218531,21.00082906553032,20.37750958832534,-0.75
851,0.7523136970674442,1.0,0.9,1.4153153185064276,20.438867193535,20.153754522087883,-0.75
852,1.1285022361504138,1.0,0.9,0.0,19.141378031800244,19.358331667543084,-3.0
853,0.9247979724354067,1.0,0.9,0.0,18.588700212164103,18.679488575685884,-3.0
854,0.5782879427736339,0.0,0.0,1.4079225635980532,20.132686872474697,20.793700336590437,0.0
855,0.4712294304663648,0.0,0.0,0.854931763105893,20.28174737415786,20.986190471437304,0.0
856,0.8634206035807884,0.0,0.0,1.0519585091597825,20.340193988875644,20.998522233376974,0.0
857,0.9036736098038065,0.0,0.0,1.0493672719409028,20.863294206176725,21.000116306745696,0.0
858,1.027168715244362,0.0,0.0,1.0761671075019832,20.74614041840469,21.00023775821479,0.0
859,1.054753106778382,0.0,0.0,1.0982648895502976,21.134660705739496,21.00023300136913,0.0
860,0.9806820886330064,0.0,0.0,1.1194233902288324,20.928006846321832,21.000225541828918,0.0
861,0.9771582058744422,0.0,0.0,1.1420303145220807,21.093186447997937,21.000211074145902,0.0
862,1.0816916836464752,0.0,0.0,1.1844891721099746,20.722204075105537,21.00018013553194,0.0
863,1.0911674687063504,0.0,0.0,1.2165407548697957,20.943120484181957,21.00015560070822,0.0
864,1.1767402151281965,0.0,0.0,1.2460342069192027,20.91950827461902,21.000132795169044,0.0
865,1.2082662595276508,0.0,0.0,1.2743043979248077,21.129876671025702,20.99996723057285,0.0
866,1.2486155039617932,0.0,0.0,1.3018681613063166,20.964149362792057,20.998654762272196,0.0
867,1.2530078998777192,0.0,0.0,1.3370027122612156,21.18291612046673,20.999715659222336,0.0
868,1.3332000845996035,0.0,0.0,1.3730688662912076,20.99590423224741,20.999057344280892,0.0
869,1.2666607345528553,0.0,0.0,1.3945039733757107,21.138546499060514,20.999600451962788,0.0
870,1.382143464837846,0.0,0.0,1.3940650139813924,21.032322560982884,20.99996438285657,0.0
871,1.3350461468978836,0.0,0.0,1.3856725502641698,21.081020713311677,21.000068195277414,0.0
872,1.3748398094789231,0.0,0.0,1.3700932050243957,21.056053236904976,21.000049260443134,0.0
873,1.3421596240350195,0.0,0.0,1.361777412736351,20.961297089647143,21.0005221664906,0.0
874,1.362967495156695,0.0,0.0,1.3643054084545183,21.079354807696866,21.00018659979843,0.0
875,1.3465770360289468,0.0,0.0,1.3677559940288078,20.895165318396757,21.000427498213725,0.0
876,1.3704379218821527,0.0,0.0,1.3699907440849062,21.064363211593115,21.000148874078555,0.0
877,1.354714313124002,0.0,0.0,1.3729292953876067,20.9214308472613,21.000395678916984,0.0
878,1.3745583465364177,0.0,0.0,1.3555102688212135,21.069152050763357,21.000615065614017,0.0
879,1.3691470894715174,0.0,0.0,1.3490660134671324,20.94603517180587,21.001046626594178,0.0
880,1.3593772083123246,0.0,0.0,1.3355958833480908,21.082910132185,21.000999132828234,0.0
881,1.3548599647552242,0.0,0.0,1.3272803636019896,20.924645547464475,21.001521053016152,0.0
882,1.3484967701856894,0.0,0.0,1.396785075235642,21.101519336954027,20.99991117648351,0.0
883,1.3548140877828911,0.0,0.0,1.3969287642339656,20.94770603171605,21.000670072379684,0.0
884,1.3889003877165758,0.0,0.0,1.397072388540662,21.077321809899,21.000607290193578,0.0
885,1.3839300711034366,0.0,0.0,1.3972159493628953,20.978900884247793,21.000633910168865,0.0
886,1.3850164529288662,0.0,0.0,1.3984687887193374,21.068225348764674,21.00074675004248,0.0
887,1.3841966970714132,0.0,0.0,1.3730747229335407,20.986491919049353,21.000353408747028,0.0
888,1.3669946952730343,0.0,0.0,1.3869177285900454,21.11023402390408,20.999642679959887,0.0
889,1.382966683073215,0.0,0.0,1.3976536064521052,20.92181024841378,20.999913598999534,0.0
890,1.391031427470519,0.0,0.0,1.3994718901207603,21.02315455426363,20.99976992772246,0.0
891,1.396322002717221,0.0,0.0,1.3209205504367445,21.016220015087693,21.000479808840428,0.0
892,1.2983210049671239,0.0,0.0,1.39933648500424,21.204676663083227,21.00096482398618,0.0
893,1.3109735102885491,0.0,0.0,1.3983622300551373,20.84436585489784,21.000672670175543,0.0
894,1.3949908118614371,0.0,0.0,1.3982191594177258,21.01560298104839,21.000615247491567,0.0
895,1.403268364909687,0.0,0.0,1.3980760247545272,20.976967070113496,21.000689520041764,0.0
896,1.3843836345794789,0.0,0.0,1.3979328324399434,21.01315948988508,21.000640864077756,0.0
897,1.3955333780026242,0.0,0.0,1.3977895812881447,21.066459199683354,21.000508842419837,0.0
898,1.3782395048310716,0.0,0.0,1.3977895812881447,21.010262943542976,20.99182574984873,0.0
899,1.3845157864057993,0.0,0.0,1.3762073184310486,21.134557917112144,20.99946692822853,0.0
900,1.342853668916707,0.0,0.0,0.8707366589945982,21.116164139166216,20.99935343784431,0.0
901,1.3072655590291182,0.0,0.0,0.7563984192791036,21.146953546111,21.000053052048003,0.0
902,0.7769788177371049,0.0,0.0,0.6825996542819044,21.176611273346584,20.989832511919033,0.0
903,0.7194694092018427,0.0,0.0,0.6224810013231123,20.988936575352234,20.987581860537862,0.0
904,0.5232732776043627,0.0,0.0,0.5771791356101988,20.40690233411975,20.986497776259665,0.0
905,0.611467302576129,0.0,0.0,0.5580689766480936,20.41215440411005,20.985841028772054,0.0
906,0.5186058188811963,0.0,0.0,1.0080792860767924,20.941914752691588,21.007271446452535,0.0
907,0.4340409281532671,0.0,0.0,0.93528288995023,20.590296064804836,21.006412971628038,0.0
908,0.8551737199482488,0.0,0.0,0.9339186746778212,21.45521355336895,21.001317945602967,0.0
909,0.8414422095099293,0.0,0.0,0.9531770540649507,21.101833149547698,20.98981007555325,0.0
910,0.896221001182611,0.0,0.0,0.9430760258691893,20.48154264518819,21.00604167865694,0.0
911,0.5416901960419099,0.0,0.0,0.8406500448895534,20.906995611511423,21.010379843901234,0.0
912,0.7622225755743156,0.0,0.0,0.44294151597175313,20.80583376962797,21.002806907382876,0.0
913,0.5597629060423107,0.0,0.0,0.44729331428898145,21.07851406933952,21.005850447477982,0.0
914,0.32994997189864417,0.0,0.0,0.4526701945098461,20.627581754008673,21.002647354388948,0.0
915,0.3289342314137861,0.0,0.0,0.472401424750676,20.68410249638029,21.00323373474376,0.0
916,0.463375194874002,0.0,0.0,0.48434124182394617,20.797305417872312,21.003414313137153,0.0
917,0.4903127189860814,0.0,0.0,0.5015623238090702,20.73423495737317,21.00350693551551,0.0
918,0.495738040650334,0.0,0.0,0.5324236598090362,20.7734051278405,20.97878137391491,0.0
919,0.48847814565946457,0.0,0.0,0.6171660206551564,20.692401612867823,20.999448119255476,0.0
920,0.7196742263794415,0.0,0.0,0.6656280210299064,20.829126473584687,20.978698854498152,0.0
921,0.63192035952019,0.0,0.0,1.1988688503649207,20.714664566528235,20.986729193429966,0.0
922,1.0623951481555627,0.0,0.0,1.2030570985641538,20.777291637579133,21.00079068104437,0.0
923,1.0068815539104978,0.0,0.0,1.2112827792274832,20.797576572875524,21.004187561827205,0.0
924,1.1996483090555805,0.0,0.0,1.2142545319022733,21.623551942057407,21.004939480543822,0.0
925,1.0597896344292546,0.0,0.0,1.208209483307559,21.25292215169751,21.00534216303024,0.0
926,0.94818318178392,0.0,0.0,0.9624218755815052,20.782477275397046,21.002180931995454,0.0
927,1.0229773537264346,0.0,0.0,0.8024193893263643,21.101734562082346,21.006988307955574,0.0
928,0.581059070227486,0.0,0.0,0.7925194048485453,20.97509078204361,21.000475741511867,0.0
929,0.6866180159155877,0.0,0.0,0.7822329169633452,20.994948286330928,21.000326717446242,0.0
930,0.7656032219638811,0.0,0.0,0.7435062681653748,20.640597818264165,20.99927154583691,0.0
931,0.8298280711842294,0.0,0.0,0.7556978648761081,20.812766349055817,20.996275898044544,0.0
932,0.8545796755375348,0.0,0.0,0.6829298573145166,20.964838078811265,21.47028136695659,0.5
933,1.094334622732737,0.0,0.0,0.8485977601139815,21.42611633816567,21.497239884868204,0.5
934,0.8382400810310364,0.0,0.0,1.378605561153243,20.853500615871187,21.006952717799926,0.0
935,1.0324664207404637,0.0,0.0,1.3450342981131422,21.448250607404212,21.001839664902825,0.0
936,1.2786669636262573,0.0,0.0,1.3749916582343467,21.443754520226687,21.96509891016105,1.0
937,1.3210280608472058,0.0,0.0,1.3454629471105466,21.772764419684677,22.00098110135,1.0
938,0.0,1.0,0.9,0.0,19.578646282345552,20.39446026735272,-2.0
939,0.3982112278089047,1.0,0.9,0.0,19.30444677306576,19.021369500885303,-2.0
940,0.43201589206189495,1.0,0.9,1.359578738490328,21.108201554225978,21.040256905415358,0.25
941,0.5243914578914015,1.0,0.9,0.3327356108727832,20.801420221125852,21.23675743248227,0.25
942,0.591434782604509,1.0,0.9,0.9059896786925482,20.917285991110248,21.00329129496416,0.0
943,0.6035585673384074,1.0,0.9,1.021366633857836,20.936602985743736,21.000202655713924,0.0
944,0.8021545035835134,1.0,0.9,0.0,20.636341349833327,19.923881736372312,-3.0
945,0.7134176193001771,1.0,0.9,0.0,20.106283770442825,19.186086434048313,-3.0
946,0.7882979747802616,1.0,0.9,1.346946784998337,20.39605210420782,21.457845031899133,0.75
947,0.9093751854366533,1.0,0.9,0.9377536666562318,20.076355186550074,21.747564041642292,0.75
948,0.8093666112914095,1.0,0.9,1.3448836924873957,21.14212567048242,21.02140151043378,0.0
949,0.8579307876046626,1.0,0.9,1.343865342406373,21.278304882658563,21.000862400684376,0.0
950,1.1871595391411505,0.0,0.0,1.3422792545447058,20.400368071183745,21.001000102066612,0.0
951,1.2176229793273567,0.0,0.0,1.3407058119435618,20.875465822200773,21.00052920771725,0.0
952,1.3017633141681269,0.0,0.0,1.3391448984696193,20.99265185647607,21.000291306171192,0.0
953,1.2861136240408924,0.0,0.0,1.1347492937621841,21.238453983410956,20.983417871572293,0.0
954,1.118264224986159,0.0,0.0,1.0884855799523807,20.923283722712945,20.999750094689443,0.0
955,1.0062032558589629,0.0,0.0,1.0637609745442984,20.551755426991097,21.000123914212896,0.0
956,0.9931466037903627,0.0,0.0,1.0304412390825581,20.8829907058703,21.00015986452646,0.0
957,0.9614797393091458,0.0,0.0,1.0115354666257397,20.91287122925313,21.000102172009807,0.0
958,1.0120387799527717,0.0,0.0,1.0438396570220472,20.784633501826182,21.00019198675517,0.0
959,1.0110922562206963,0.0,0.0,1.0593271989139186,20.916245172972204,20.99979295925494,0.0
960,0.9905911618898932,0.0,0.0,1.075290677591006,20.75136127018416,20.99976888243738,0.0
961,1.039136259994969,0.0,0.0,1.0888886104799576,20.969106101172233,20.999739042400975,0.0
962,1.02462197000816,0.0,0.0,1.1529491220541015,20.849140553715475,21.0000966586468,0.0
963,1.0106947049449102,0.0,0.0,1.2104401856257276,20.880324843183757,21.000070135199767,0.0
964,1.2490996267883878,0.0,0.0,1.2689716649947935,21.009314046950017,21.00033743195078,0.0
965,1.225357338584578,0.0,0.0,1.3247770581830596,21.210358882837824,21.000099894976156,0.0
966,1.3274896363121937,0.0,0.0,1.3377814345463626,20.99790777665393,20.99794375233973,0.0
967,1.3140159717072712,0.0,0.0,1.3374094875162255,21.207681959241476,20.9999276923742,0.0
968,1.3249461755354695,0.0,0.0,1.337025429593073,21.04681889340553,20.99996969497736,0.0
969,1.2846254098599228,0.0,0.0,1.336629110530803,21.091238084174567,20.999934338176153,0.0
970,1.334059144873179,0.0,0.0,1.3402593250611028,21.117149962060502,20.999960214101563,0.0
971,1.2893706815854684,0.0,0.0,1.3439340863507507,21.070535141258112,20.99996758962785,0.0
972,1.341638831275894,0.0,0.0,1.3476541099863217,21.099199930776845,20.999969766846238,0.0
973,1.3017923089002053,0.0,0.0,1.3514201392310783,21.092320455128743,20.999970644226583,0.0
974,1.3499242085274477,0.0,0.0,1.354420636913042,21.11166355634913,20.999984824667813,0.0
975,1.327211675698036,0.0,0.0,1.3574457805053741,21.152649070289705,20.999983267517912,0.0
976,1.3567145005455687,0.0,0.0,1.3604958575665675,21.110758748014774,20.999982614085933,0.0
977,1.3361948296788477,0.0,0.0,1.3635711523903518,21.149246425318115,20.999982524022357,0.0
978,1.362249541415425,0.0,0.0,1.3652592741683287,21.11287494195797,21.000018898769238,0.0
979,1.356890649083432,0.0,0.0,1.3669609692476046,21.174475401211986,21.000013747790746,0.0
980,1.365405863540773,0.0,0.0,1.3686763792203827,21.11359740456752,20.99909525622891,0.0
981,1.359838539705398,0.0,0.0,1.3704056340211896,21.157659184556007,20.9997832784887,0.0
982,1.3691512308400795,0.0,0.0,1.37194227893244,21.09364786331384,20.999926353213045,0.0
983,1.3664882238923544,0.0,0.0,1.3734829894470904,21.158123640835402,20.99993508061225,0.0
984,1.371992415762236,0.0,0.0,1.375027781721468,21.08746458189629,20.999944620796782,0.0
985,1.3694366026234852,0.0,0.0,1.3765766719976196,21.14221653268343,20.999946586312333,0.0
986,1.3732440949725113,0.0,0.0,1.3764652754516011,21.0531524883752,21.000336948187755,0.0
987,1.373993312335191,0.0,0.0,1.376353767344542,21.152018786389654,20.999118839931914,0.0
988,1.3722011140703148,0.0,0.0,1.3405472115833865,21.057628494992574,20.999952932226996,0.0
989,1.3720426425474772,0.0,0.0,1.3018240919516046,21.14864389074626,21.000084842836518,0.0
990,1.328186110379989,0.0,0.0,1.347894844195048,21.076489422468615,21.00077361425406,0.0
991,1.305438677290797,0.0,0.0,1.377672774668054,21.049299384639813,21.000443700904523,0.0
992,1.3772153055604472,0.0,0.0,1.378445481056294,20.91225023385293,21.00077131552867,0.0
993,1.3771713370529763,0.0,0.0,1.3792192084482944,21.185821117880145,21.000749489666624,0.0
994,1.3663500545504985,0.0,0.0,1.3792192084482944,20.942270448013463,21.00070502921261,0.0
995,1.3705768092196502,0.0,0.0,1.3792192084482944,21.13672613518469,21.00063539750331,0.0
996,1.368166423946109,0.0,0.0,1.3792192084482944,20.979301325547585,21.000536485194047,0.0
997,1.3723117907822338,0.0,0.0,1.3792192084482944,21.123203159280077,21.00047986476165,0.0
998,1.3649356450616712,0.0,0.0,1.3825691493124719,20.95136837002913,21.000385114904176,0.0
999,1.359185399104132,0.0,0.0,1.3859569921913242,21.056182853651002,21.000234210709785,0.0
1000,1.3701035614081305,0.0,0.0,1.1528657749555424,20.92865694985215,20.99870501770823,0.0
1001,1.3589107635784714,0.0,0.0,1.1365776005136732,21.025490310116385,20.998407753778,0.0
1002,1.081401393812289,0.0,0.0,1.109824136937937,20.88111716015024,21.0011015203318,0.0
1003,0.9455048386375647,0.0,0.0,1.0684025145798854,20.818608563394026,21.00229484552588,0.0
1004,0.9731058778541603,0.0,0.0,1.0385912509802915,20.647014593140312,21.000842511912378,0.0
1005,0.7189666085616615,0.0,0.0,1.037216541233438,20.86183044758073,20.998180297074775,0.0
1006,1.0371397113926717,0.0,0.0,1.399449965224355,20.546156493704157,21.002444861468437,0.0
1007,0.8785442923718222,0.0,0.0,1.399599646704211,20.83310372256267,21.000595659558414,0.0
1008,1.3890418262847049,0.0,0.0,1.399749269475127,20.835729265204364,21.0002065388632,0.0
1009,1.36637840198543,0.0,0.0,1.3998988359185531,20.898308294900215,21.000129751376235,0.0
1010,1.362356733126289,0.0,0.0,1.4011687364421135,20.883280287878677,21.000256442706654,0.0
1011,1.218469172655407,0.0,0.0,1.188337160375953,20.8907813867664,20.999048972346444,0.0
1012,1.0808320302125765,0.0,0.0,0.9607212789104262,21.183447502721144,21.004245439465894,0.0
1013,0.9180607415292149,0.0,0.0,0.9474914791767532,20.975011477367733,21.00643916153404,0.0
1014,0.926231331123051,0.0,0.0,0.9422027116665412,20.84880922694223,21.00530528583504,0.0
1015,0.9488122712585572,0.0,0.0,0.9487315207456982,20.98491876691902,21.005429502036474,0.0
1016,1.0389089331428085,0.0,0.0,0.9683659314846229,20.526413453702276,21.00549855232721,0.0
1017,1.1613195796228517,0.0,0.0,0.9894335358738922,20.97127991922834,21.005624676808445,0.0
1018,1.0851049719146217,0.0,0.0,1.0173166065028423,20.907529662323967,21.000325975103987,0.0
1019,1.187128673985892,0.0,0.0,1.0722918482731103,21.32856962430913,20.999339812203704,0.0
1020,1.1415250773772478,0.0,0.0,1.1209463317656987,20.980857905900763,20.995400563501953,0.0
1021,1.2368960693183602,0.0,0.0,1.4004954915853942,21.405274252782267,20.990308382921583,0.0
1022,1.391281990797788,0.0,0.0,1.4001970099722296,20.904518976194723,20.998568724190434,0.0
1023,1.3174097155814755,0.0,0.0,1.3998983054258003,21.095628199472984,21.00023883965431,0.0
1024,1.3913823338192317,0.0,0.0,1.3995993824094564,20.9317755284744,21.000627879140623,0.0
1025,1.3583691302288559,0.0,0.0,1.3993002323116748,21.075159619898436,21.00077437595324,0.0
1026,1.3862530192131959,0.0,0.0,1.3998091050251398,21.006722692924665,21.000713123143402,0.0
1027,1.351291530241482,0.0,0.0,1.3391672332100548,21.098259433349916,21.00070732440145,0.0
1028,1.2856132652135202,0.0,0.0,1.3475180008380494,21.155677716661703,21.000379706860958,-0.0
1029,1.2377691326557694,0.0,0.0,1.3553316133752642,20.995915630445463,21.000688413429938,-0.0
1030,1.3353408442251988,0.0,0.0,1.0467202703430243,20.832783492639862,20.779422709767783,-0.25
1031,1.301026491022167,0.0,0.0,1.2431161339723804,20.986137154662984,20.758184344793957,-0.25
1032,1.106097509782016,0.0,0.0,0.9116874905765827,20.663120876801905,20.52807013600962,-0.5
1033,1.0311937574890553,0.0,0.0,1.4064292709080102,20.87151263952477,20.512185915451475,-0.5
1034,1.1196915715725742,1.25,1.125,1.0978869095752457,20.639832780377443,19.79804956611258,-1.25
1035,1.1097559370022103,1.25,1.125,1.4070082749520327,20.60123834070368,19.756601011667197,-1.25
1036,1.1184863647901886,1.25,1.125,0.8896059727470702,19.8052043094723,18.78674592110663,-2.5
1037,1.1086289824784248,1.25,1.125,1.0163189172242182,19.53554991436717,18.508364123763545,-2.5
1038,1.1239048088661585,1.25,1.125,1.4079926085207026,19.96862540127248,20.543900722594422,-0.25
1039,1.0490387372744856,1.25,1.125,1.0703360481183166,20.871518167016443,20.749059929367487,-0.25
1040,1.2201146854528429,1.25,1.125,0.0,19.246485903363414,19.50191986051547,-3.0
1041,0.8519767615303909,1.25,1.125,0.43749127824271333,18.548005578563075,18.223868066115358,-3.0
1042,0.8444285146529225,1.25,1.125,1.411251137056067,19.901904673669197,20.684135162141793,0.0
1043,0.9816962737743828,1.25,1.125,0.7699918721059508,20.012761265941272,20.983071992570366,0.0
1044,0.8742079880248009,1.25,1.125,1.4151789438546571,20.442089119312506,20.999394475134963,0.0
1045,0.9684911757237504,1.25,1.125,1.417130235123572,21.04419945959953,21.000355016109467,0.0
1046,1.2190544460152823,0.0,0.0,1.4180921639653612,21.364826647343442,21.000220407127582,0.0
1047,1.2851621626266179,0.0,0.0,1.4190405134266737,21.385100694968678,21.000432671868612,0.0
1048,1.4092815026019285,0.0,0.0,1.419975263142752,21.085875599369224,21.001145999720297,0.0
1049,1.3919189021553575,0.0,0.0,1.4208964114708573,21.07455961797634,21.00125145020791,0.0
1050,1.4139965086346056,0.0,0.0,1.4200592776668772,21.082785479645068,21.001247762949312,0.0
1051,1.4030017130190797,0.0,0.0,1.4192221075644993,21.044648941419865,21.00093614370017,0.0
1052,1.41266695691457,0.0,0.0,1.4183848316821392,21.08257345459678,21.000924916631753,0.0
1053,1.402239957682533,0.0,0.0,1.417567724032289,21.04131489675759,21.000007426391097,0.0
1054,1.4174843054544792,0.0,0.0,1.4172499676771202,21.067869196995577,21.00005548686416,0.0
1055,1.4139315023083934,0.0,0.0,1.4169313534971788,21.071168718362532,20.999904107482806,0.0
1056,1.4169466499905736,0.0,0.0,1.416611871445001,21.06820259536507,20.999910000536897,0.0
1057,1.41339694576034,0.0,0.0,1.4162915291055493,21.072633171719023,20.99988128648797,0.0
1058,1.415477076246032,0.0,0.0,1.4152380420454937,21.059301330852783,20.999968364426024,0.0
1059,1.4122369573697113,0.0,0.0,1.414190612740479,21.055968437597656,20.999806018586163,0.0
1060,1.4132379588577602,0.0,0.0,1.4131491780778984,21.058277604248403,20.999752973551598,0.0
1061,1.410332441834962,0.0,0.0,1.4121136927565545,21.05938233633437,20.999746178811407,0.0
1062,1.410597337057544,0.0,0.0,1.411800894887577,21.05594374360907,21.000054275104826,0.0
1063,1.4083376370318166,0.0,0.0,1.4114871630056602,21.0456642581912,21.000049827363572,0.0
1064,1.4100491506035806,0.0,0.0,1.4111724854170065,21.056518048260546,20.999846699645907,0.0
1065,1.4076479988629167,0.0,0.0,1.4108568693824517,21.046315097938997,20.99992711648328,0.0
1066,1.4079288331419886,0.0,0.0,1.4099922219613816,21.05250040016108,20.99991227690696,0.0
1067,1.405407795223729,0.0,0.0,1.4091310838707438,21.04827626640541,20.999941076739084,0.0
1068,1.4060495699754711,0.0,0.0,1.4082734425427101,21.053327290058014,20.99998131774709,0.0
1069,1.4038422854772512,0.0,0.0,1.4074192839669093,21.053161487686275,20.99989578560602,0.0
1070,1.4034503029188772,0.0,0.0,1.4060224333859186,21.04570605666136,20.999824717867455,0.0
1071,1.400776156620002,0.0,0.0,1.4046288327834733,21.071927071260593,20.999808693434332,0.0
1072,1.4007432513125768,0.0,0.0,1.4032384708304213,21.047562627352203,20.999805708504155,0.0
1073,1.3980559003171615,0.0,0.0,1.401851336250208,21.082035659335812,20.99988192527792,0.0
1074,1.3982319511985466,0.0,0.0,1.4001890874251717,21.037768157376846,20.9999693978381,0.0
1075,1.3939424376931688,0.0,0.0,1.3985402030770222,21.104282236710645,20.999955053234228,0.0
1076,1.3951510158944649,0.0,0.0,1.3969045314159716,21.04665961584107,20.999952757245133,0.0
1077,1.3906008109556312,0.0,0.0,1.395281927914317,21.11372495409499,20.999927461410568,0.0
1078,1.3935977826945276,0.0,0.0,1.3946072181785942,21.035409925204537,20.99905919958932,0.0
1079,1.388589557657602,0.0,0.0,1.3939332783743643,21.113201602952273,20.999646769343872,0.0
1080,1.391783529093812,0.0,0.0,1.3932601071844908,21.02741341385515,20.99977755052879,0.0
1081,1.3864449823335416,0.0,0.0,1.3925877032948393,21.098099525202983,20.99980688418676,0.0
1082,1.3897518438489413,0.0,0.0,1.392041446232505,20.996572219021967,20.999776999368336,0.0
1083,1.383767901657827,0.0,0.0,1.3914929234606161,21.05881798496753,21.0000384260314,0.0
1084,1.3866971489935953,0.0,0.0,1.3909421321213389,20.98043646128989,21.000086443422738,0.0
1085,1.3776863433249766,0.0,0.0,1.3903890688556655,21.020588142006087,21.000955442990875,0.0
1086,1.3819717854380102,0.0,0.0,1.3895105218203867,20.95388462426424,21.00095763634333,0.0
1087,1.3710083835783355,0.0,0.0,1.3886083356303234,20.991626164009528,21.001018802611874,0.0
1088,1.3768890079638973,0.0,0.0,1.2791911834925926,20.937992149172203,21.000444097936555,0.0
1089,1.3605899213908421,0.0,0.0,1.2226408086855585,20.9772746267695,20.998684015980263,0.0
1090,1.2222562657383444,0.0,0.0,1.2032719105449723,21.051977904618152,20.998752439834846,0.0
1091,0.9772868972047345,0.0,0.0,1.1568295201555605,20.988876533838145,20.99658582832138,0.0
1092,1.046703821550261,0.0,0.0,1.1176130400218522,20.860014035724287,20.99543419454306,0.0
1093,0.6801641684055874,0.0,0.0,1.3847628357088924,20.87978401883024,20.995465045781415,0.0
1094,1.3833410490798999,0.0,0.0,1.3849556667202747,20.937668220238184,20.99932966199751,0.0
1095,1.2939163660176323,0.0,0.0,1.3851472397556925,21.011616303689877,21.00001430899108,0.0
1096,1.3718712255706398,0.0,0.0,1.3853375471901954,20.906807461571038,21.00005472881321,0.0
1097,1.3283426559750038,0.0,0.0,1.3855265980749618,21.034257379989715,21.000037087285005,0.0
1098,1.353088583563448,0.0,0.0,1.3852611137065818,20.897824639677346,21.000060228745525,0.0
1099,1.2244021807252685,0.0,0.0,1.3495767729696224,20.841792558085572,20.99983225740606,0.0
1100,1.3208866149586556,0.0,0.0,1.2169025149029098,20.94719129747649,21.000273520460613,0.0
1101,1.1600208084458248,0.0,0.0,0.8854142557435456,20.85390576016219,21.00101734911691,0.0
1102,0.8198686887926746,0.0,0.0,0.8819392786011718,21.1437595799658,21.001938691551395,0.0
1103,0.8433064697577494,0.0,0.0,0.874147217504662,20.840930529972997,21.002269217906886,0.0
1104,0.8813533893024547,0.0,0.0,0.8466730789711983,20.86174506696099,21.002371519431097,0.0
1105,0.9976766159798551,0.0,0.0,0.8090292392183782,20.990237494926,21.002406967987525,0.0
1106,0.746419314280039,0.0,0.0,0.7869306842480204,20.611245606130637,20.992611613042136,0.0
1107,0.842021369967465,0.0,0.0,0.7728683257397618,20.625286429343312,20.9927746100076,0.0
1108,0.7057262038807629,0.0,0.0,0.7370111168764865,20.503931521378014,21.002901284622705,0.0
1109,0.781229087686671,0.0,0.0,1.156424285223972,20.466351533450393,21.003595950572365,0.0
1110,1.077609401066066,0.0,0.0,1.1309499291024634,21.14876912515662,20.997534684657435,0.0
1111,1.038688276533347,0.0,0.0,1.111957349097165,21.13488421590544,20.99713698078814,0.0
1112,1.0269816367900795,0.0,0.0,1.129430929814798,21.22523737305672,20.997973681742206,0.0
1113,1.140120813624883,0.0,0.0,1.1676433066769056,21.23620426267547,20.99888673028933,0.0
1114,1.0584309684777562,0.0,0.0,1.028558655130574,20.977882090941375,20.997230855539275,0.0
1115,0.8500012838836248,0.0,0.0,0.8694035558526165,20.96397079047808,20.996278400402794,0.0
1116,0.6950545450067197,0.0,0.0,0.9430919275741763,20.90842990325866,20.99780907264174,0.0
1117,1.0128602290431772,0.0,0.0,1.009492050768661,20.840665102085406,20.99949385075857,0.0
1118,1.1235006776245837,0.0,0.0,1.037298551673733,21.229848859061306,21.002326403416067,0.0
1119,1.1643051682228296,0.0,0.0,1.0921965949594767,21.460100329977525,21.003308184854625,0.0
1120,1.1432840537033406,0.0,0.0,1.1332241101486582,21.059197801100815,21.00305635002468,0.0
1121,1.2236839713391248,0.0,0.0,1.1591890264392501,21.387748940022917,21.00280041470982,0.0
1122,1.1591098085393807,0.0,0.0,1.1286822990604861,21.083192364206077,21.001794015881096,0.0
1123,1.1714904201881267,0.0,0.0,1.1427613867544164,21.295166707573653,21.002034856187244,0.0
1124,1.187012834180916,0.0,0.0,1.4061864076553807,21.179420072173905,21.203101637853866,0.25
1125,1.1707550123036787,0.0,0.0,1.4056531345478307,21.345086344142143,21.241480138876742,0.25
1126,1.4064674476073904,0.0,0.0,1.4061272611807996,20.92328995041564,21.047358287144572,-0.0
1127,1.366744602882937,0.0,0.0,1.407975340079937,21.151707637615445,21.00941306915734,-0.0
1128,1.382394583213914,0.0,0.0,1.4091470834270678,20.9551271351683,21.002088589707874,-0.0
1129,1.3477644326117624,0.0,0.0,1.4103259946202384,21.10947709026508,21.000545026242904,-0.0
1130,1.0794535093351982,1.25,1.125,0.6870964290936038,19.88023898488612,19.6751087974715,-1.75
1131,1.0242700885965774,1.25,1.125,1.160654943802424,19.62499714458937,19.26967715237512,-1.75
1132,1.1210777549924893,1.25,1.125,0.9945071631150505,20.274129174943862,19.979321005756834,-1.0
1133,1.1297153183240132,1.25,1.125,0.598778803271593,20.4906116407354,19.99491292880543,-1.0
1134,0.7429012595599469,1.25,1.125,1.4032745592745675,21.065388280420155,21.265179899344485,0.25
1135,0.7426701684652679,1.25,1.125,0.9427197538146819,20.934487102810373,21.24877789778167,0.25
1136,1.0963571406923933,1.25,1.125,0.9748173952324488,20.40905523655206,20.57063993727472,-0.5
1137,0.9545417945468815,1.25,1.125,1.1400161224307155,20.888248614406987,20.51152279135539,-0.5
1138,1.1150532947620966,1.25,1.125,1.3426146710757514,20.478739563021016,20.964522604061756,0.0
1139,1.0796632568234912,1.25,1.125,1.390708545085672,20.704061584810287,20.94309386315562,0.0
1140,0.998169803685088,1.25,1.125,0.0,19.0859873836449,19.44709308498355,-3.0
1141,1.1276350261612549,1.25,1.125,0.0,18.73751102272185,18.052149743463726,-3.0
1142,0.6754381841706327,0.0,0.0,1.3871015116317016,20.431432904311023,20.617026877558683,0.0
1143,0.7460684782967464,0.0,0.0,0.8228260731018773,20.550953854103973,20.97423253153785,0.0
1144,1.023047857348321,0.0,0.0,1.3873548965746878,20.752078539584765,21.00260430503109,0.0
1145,1.018816613114857,0.0,0.0,1.306329769629043,21.087150052109266,21.00112185689925,0.0
1146,1.2563653470116818,0.0,0.0,1.32019126648419,21.428082313114977,20.99896909348342,0.0
1147,1.2475924507688554,0.0,0.0,1.345960095433199,21.235557618054894,20.99906774190621,0.0
1148,1.363892472251158,0.0,0.0,1.3754701121701998,20.951974311161628,20.99886888686147,0.0
1149,1.324441040061456,0.0,0.0,1.3933346167973184,21.065808174808225,20.99952226311153,0.0
1150,1.3851834979349702,0.0,0.0,1.3934651811535919,20.98800902947275,20.999917456993334,0.0
1151,1.3363308469729782,0.0,0.0,1.3935956703220165,20.985516138263453,21.0000248504292,0.0
1152,1.393006328729176,0.0,0.0,1.3937260843490915,21.057881426232015,21.00006700407682,0.0
1153,1.3467513973705607,0.0,0.0,1.3938564266003728,20.96909471776547,21.000095229694054,0.0
1154,1.397030950954518,0.0,0.0,1.3928847530576047,21.098101663504174,21.000131059003262,0.0
1155,1.3523457286577711,0.0,0.0,1.3919170994481989,20.944377342487023,21.000127449795833,0.0
1156,1.395302300966791,0.0,0.0,1.3909534421602359,21.100329053820833,21.000137506702597,0.0
1157,1.3521707151722104,0.0,0.0,1.389993761033549,20.941571372601725,21.00011623702513,0.0
1158,1.394355531983935,0.0,0.0,1.389038035129521,21.117404653104323,21.000085941171964,0.0
1159,1.3554444340008238,0.0,0.0,1.3880862463501176,20.92318394765076,21.000081108031033,0.0
1160,1.392687474936341,0.0,0.0,1.387138373991775,21.118814593000568,21.00007710408139,0.0
1161,1.3551486758641529,0.0,0.0,1.3861943983843514,20.92201305295368,21.000071857032726,0.0
1162,1.3913835780221464,0.0,0.0,1.3852542967393882,21.127955493928926,21.00006732581421,0.0
1163,1.3595735569643035,0.0,0.0,1.3843180584863175,20.9312019992831,21.000057957203296,0.0
1164,1.3897891998551322,0.0,0.0,1.3833856563140008,21.13029977356368,21.000048206699255,0.0
1165,1.359523192006247,0.0,0.0,1.3824570734004855,20.93282063405145,21.00003708041433,0.0
1166,1.3908122663381581,0.0,0.0,1.3731231722163908,21.122773963322384,21.00010308215258,0.0
1167,1.363428954038836,0.0,0.0,1.3310897360980247,20.942587754827244,21.000426835184705,0.0
1168,1.370870886304739,0.0,0.0,1.2891523224090768,21.180618790551527,20.99994589968348,0.0
1169,1.3279192079684836,0.0,0.0,1.2493716358107991,20.890639963754904,21.000099155523223,0.0
1170,1.309657919322216,0.0,0.0,1.383145167859359,21.275966669420022,21.00047295138715,0.0
1171,1.257380350841091,0.0,0.0,1.377021166144212,21.036041418996156,21.000562178029945,0.0
1172,1.372685279485216,0.0,0.0,1.3711116764538522,21.0600305841632,21.0006688121437,0.0
1173,1.3592431762107704,0.0,0.0,1.3654069632049115,21.05624273539441,21.000784381776825,0.0
1174,1.381667063861764,0.0,0.0,1.3648150712417273,21.131031011522538,20.999997889808377,0.0
1175,1.3695534739614987,0.0,0.0,1.364218144166178,21.08949304334923,21.000464671383245,0.0
1176,1.3780883188071882,0.0,0.0,1.3636160728066786,21.1207919808167,21.0000030935535,0.0
1177,1.3685569780744145,0.0,0.0,1.3630087517936007,21.094018916181007,20.99991736016568,0.0
1178,1.3774548094919439,0.0,0.0,1.3610960887297519,21.10519972739169,20.99991344792286,0.0
1179,1.367328858034201,0.0,0.0,1.3592070719292562,21.13377781918868,21.000155661839326,0.0
1180,1.3724342943839816,0.0,0.0,1.3573412071449318,21.11067099315203,21.000274034819892,0.0
1181,1.362787943971141,0.0,0.0,1.3554979971369479,21.15488167896368,21.000847246169208,0.0
1182,1.3714731706073,0.0,0.0,1.3576326463974777,21.0952977763562,21.000926064041582,0.0
1183,1.3628272208382897,0.0,0.0,1.3597814561478385,21.154333026022986,21.000950981880756,0.0
1184,1.3726476962554948,0.0,0.0,1.3619445479738843,21.08238947321136,21.000938649613925,0.0
1185,1.3654608298054842,0.0,0.0,1.364122061567301,21.133361614378355,21.000930986670934,0.0
1186,1.3783709786083893,0.0,0.0,1.3662018593280747,21.073679826721847,21.000945006407473,0.0
1187,1.374100884078232,0.0,0.0,1.368289152042853,21.095089969446466,21.000943323766244,0.0
1188,1.3814824988764487,0.0,0.0,1.3703839802990465,21.068298900782395,21.00085717287073,0.0
1189,1.3787081633933258,0.0,0.0,1.3419901284075448,21.06409714979468,21.00089318201122,0.0
1190,1.3763181645714706,0.0,0.0,1.2992449487869713,21.062187047272875,21.001065581067376,0.0
1191,1.3724311217508218,0.0,0.0,1.2502232904986472,21.057114109495085,21.00153040809216,0.0
1192,1.3134492938492635,0.0,0.0,1.1781045377242763,20.995046647003186,21.003723574861908,0.0
1193,1.236644442512041,0.0,0.0,1.1555497012615021,20.982518785908393,21.001745066244023,0.0
1194,1.2108648061217675,0.0,0.0,1.144950417732397,20.914609697857546,20.999344687830053,0.0
1195,0.9793841634136209,0.0,0.0,1.3729022972963165,20.80044903875775,21.000781883242368,0.0
1196,1.397458033353197,0.0,0.0,1.371932832365495,21.00445089542373,21.00052628372107,0.0
1197,1.4365847713904962,0.0,0.0,1.37096912997192,20.900130743076733,21.000519741227,0.0
1198,1.3964483212977803,0.0,0.0,1.372406270677817,20.967618843434543,21.000543671958077,0.0
1199,1.3949562512561888,0.0,0.0,1.3738515529540585,21.005286098322237,21.000090662940153,0.0
1200,1.3750319522403678,0.0,0.0,1.3753050473808925,21.045140140341708,21.000084760070614,0.0
1201,1.3554433110178155,0.0,0.0,1.1613817115046352,21.028914404003867,20.998320135638238,0.0
1202,1.172299388272134,0.0,0.0,0.9363072722289493,20.89232893065684,20.99667609210369,0.0
1203,1.1348747468849885,0.0,0.0,0.9519870130512517,21.0537598171382,20.998243808268494,0.0
1204,1.0824953017087362,0.0,0.0,0.9746784657034502,20.55539073034178,20.998583278925274,0.0
1205,1.046915030542879,0.0,0.0,1.0093446021937478,20.93812453475905,20.998965328131572,0.0
1206,1.1622031828565278,0.0,0.0,1.0612016953032768,20.705747858409293,20.996683253061672,0.0
1207,1.2766151688099583,0.0,0.0,1.1374409335438271,20.91513215872482,20.997483190204573,0.0
1208,1.2266143370059668,0.0,0.0,1.2022176018545732,21.002945206333422,20.998592986155703,0.0
1209,1.3608673299003327,0.0,0.0,1.2668993977118457,21.138354259317868,20.999337710709586,0.0
1210,1.3088837897681476,0.0,0.0,1.3217248592005926,20.79002825060887,21.00076044272836,0.0
1211,1.4535226083179067,0.0,0.0,1.389719981755682,21.08094491490618,21.000395626800636,0.0
1212,1.394023712026139,0.0,0.0,1.3896101956378575,20.90897563454799,21.00088916341244,0.0
1213,1.4807610252845436,0.0,0.0,1.3895000995713263,21.202660201049824,21.00002764124794,0.0
1214,1.3994753394103476,0.0,0.0,1.3900821263450602,20.988993833029852,20.999931235679345,0.0
1215,1.4290594416774782,0.0,0.0,1.3906618994859992,21.197798412909005,20.99986853754835,0.0
1216,1.4079624802601132,0.0,0.0,1.3912394059600424,21.021584492785685,21.000090141071258,0.0
1217,1.4230609030222159,0.0,0.0,1.3918146543797214,21.16464504100544,21.000193849843395,0.0
1218,1.4082601336803604,0.0,0.0,1.3915800668975171,21.048602668677614,21.000082785615614,0.0
1219,1.4178574675981477,0.0,0.0,1.3913442866511314,21.195775734855253,21.000013012766942,0.0
1220,0.6056126412953764,0.0,0.0,0.0,19.152616475337307,19.61593251038545,-3.0
1221,0.8395097039118032,0.0,0.0,0.436828951124544,18.946850193437676,18.19364749727373,-3.0
1222,0.8731224448586712,0.0,0.0,1.3914286498256339,20.695266812470276,20.669056993120186,0.0
1223,0.9818974954861444,0.0,0.0,0.8709665734517916,20.815873590366927,20.982634041785502,0.0
1224,0.9438403102772398,0.0,0.0,1.3925409412542342,20.449407851211227,20.999523356849462,0.0
1225,1.0086471831724573,0.0,0.0,1.3930936824576345,21.201313983452202,21.000061020136172,0.0
1226,0.851650400385563,1.25,1.125,0.0,20.454456040931937,19.071992092754865,-3.0
1227,0.8263183181467415,1.25,1.125,0.7531195481235402,19.78913699590753,18.248925204739116,-3.0
1228,0.8127233119219814,1.25,1.125,1.0611810793915923,18.750297376817336,17.985359323082257,-3.0
1229,0.7701350523979624,1.25,1.125,1.262618340267297,18.65760854900234,17.990030945170442,-3.0
1230,1.2570110860645003,1.25,1.125,1.2423885803197594,18.508385878987973,18.000247816677845,-3.0
1231,1.2708851203550897,1.25,1.125,1.2643816113644928,18.38031538440939,18.005199193663792,-3.0
1232,1.1632628310147664,1.25,1.125,1.1704621262090213,17.72195642221672,17.997004377780225,-3.0
1233,1.1759754653711438,1.25,1.125,0.9694925757613713,17.599402780704708,17.996279387970574,-3.0
1234,0.9329524951008654,1.25,1.125,1.0171833207143703,18.04384482686624,18.00085265152807,-3.0
1235,0.9682358859791622,1.25,1.125,1.0695225186898418,17.954931467085608,18.001077964189907,-3.0
1236,1.2338689490333312,1.25,1.125,1.1238114749566215,18.18382029032328,18.001798263747773,-3.0
1237,1.2776070334455742,1.25,1.125,1.16884553346153,18.031010734063486,18.00254661295124,-3.0
1238,1.3031896637277611,0.0,0.0,1.3857987314571492,19.874974646356335,20.53294883391512,0.0
1239,1.358940935181495,0.0,0.0,1.3862836172273036,20.69145398368377,20.974950263016936,0.0
1240,1.4313225091093862,0.0,0.0,1.3867662608101858,21.13661715105219,20.998352965348186,0.0
1241,1.4213059354914992,0.0,0.0,1.387246651063374,21.174560802064974,20.999151218004723,0.0
1242,1.3818791305224618,0.0,0.0,1.388486499789819,20.94872683149401,20.99968525539692,0.0
1243,1.3739843184504617,0.0,0.0,1.3897289594005502,21.083018754999244,20.999761009692254,0.0
1244,1.389022673550408,0.0,0.0,1.390974038151295,21.073488805007038,20.9997734563415,0.0
1245,1.3859333949958716,0.0,0.0,1.3922217443326237,21.129629036527163,21.00003283395991,0.0
1246,1.3884570199599153,0.0,0.0,1.3894667088919697,21.123221303942668,21.000493645442024,0.0
1247,1.3782571019043888,0.0,0.0,1.3867515999240516,21.127716683554368,20.9998973760096,0.0
1248,1.383305563621028,0.0,0.0,1.384075044248272,21.118582724830336,20.999793792288415,0.0
1249,1.373784091740838,0.0,0.0,1.381435701585371,21.10907031647147,20.999769250689724,0.0
1250,1.3794866888754493,0.0,0.0,1.3810034285737527,21.101763934914203,20.999786003624465,0.0
1251,1.3703985778026277,0.0,0.0,1.3805677482149254,21.034529173253226,20.999795047108716,0.0
1252,1.3780770999025402,0.0,0.0,1.3801286254476925,21.098459449358433,20.99979652023386,0.0
1253,1.3685929980375284,0.0,0.0,1.3796860267901665,21.034405939502978,20.999795673576582,0.0
1254,1.3772103067532464,0.0,0.0,1.3793890107271876,21.09039450817472,20.99979652697961,0.0
1255,1.3670120301328401,0.0,0.0,1.3790904226047755,20.989405931542358,20.999797825464945,0.0
1256,1.3763862907892142,0.0,0.0,1.3787902425494531,21.088688896623403,20.999798337893868,0.0
1257,1.3662977975797421,0.0,0.0,1.3784884719945623,20.98932950887625,20.999798407268663,0.0
1258,1.3757806039770417,0.0,0.0,1.3788987009909333,21.085515636825644,20.999798465402705,0.0
1259,1.367513504222515,0.0,0.0,1.3793067015941562,20.97129216752164,20.999799911603883,0.0
1260,1.3762927236135953,0.0,0.0,1.3797124627258082,21.08494453959387,20.999800931597775,0.0
1261,1.3682736653091332,0.0,0.0,1.3801159923431157,20.97937886385338,20.99980177344301,0.0
1262,1.376207201293079,0.0,0.0,1.3803578551390228,21.085064697653934,20.999737984184176,0.0
1263,1.3695011098493381,0.0,0.0,1.380593907221204,20.975380252097075,20.99969376760929,0.0
1264,1.3762761831177919,0.0,0.0,1.3808241440724478,21.08435912646231,20.999667901941645,0.0
1265,1.3700194305188313,0.0,0.0,1.3810485658161706,20.981631288251062,20.999647390481275,0.0
1266,1.375306131759206,0.0,0.0,1.3796169190431384,21.083874062372427,20.999787744462868,0.0
1267,1.369076292492549,0.0,0.0,1.3781950616985572,20.972246015029516,20.999803397878818,0.0
1268,1.3728977405796612,0.0,0.0,1.3767828700965181,21.081975105872317,20.99980954651271,0.0
1269,1.3667059438732236,0.0,0.0,1.3753802330746252,20.957182895961463,20.99981621341597,0.0
1270,1.3705487620635728,0.0,0.0,1.3732940924214223,21.079681418656566,20.999229332523413,0.0
1271,1.3660862206545332,0.0,0.0,1.3712288182453813,20.957443161426323,20.999601306203058,0.0
1272,1.3678300041031668,0.0,0.0,1.3691840331285545,21.07963557912232,20.999689147978426,0.0
1273,1.3622314682700851,0.0,0.0,1.3671593713293373,20.941725940888098,20.999653058730807,0.0
1274,1.3687723884358598,0.0,0.0,1.3647876228267841,21.077298658523517,20.999649943771463,0.0
1275,1.3630586591067004,0.0,0.0,1.362438754601414,20.952746921375986,20.999826630773818,0.0
1276,1.365213464607371,0.0,0.0,1.3601124481696611,21.080925883597903,20.999836514663556,0.0
1277,1.358864798512581,0.0,0.0,1.3578083924151987,20.937527038897816,20.99982667785629,0.0
1278,1.3673342475709593,0.0,0.0,1.3568904237089547,21.076195652479274,20.99963106994924,0.0
1279,1.3637964269939808,0.0,0.0,1.3559744812915866,20.93160497067562,20.99976992977808,0.0
1280,1.3644882717064672,0.0,0.0,1.355060456179341,21.074229886792732,21.00077044242353,0.0
1281,1.358697251320009,0.0,0.0,1.3541482383275536,20.92740176137996,21.000126013636194,0.0
1282,1.3688289033051368,0.0,0.0,1.3547795513860819,21.081983396395415,20.999947599723797,0.0
1283,1.3635571286213828,0.0,0.0,1.3554128134630457,20.936285033162346,21.000063431005277,0.0
1284,1.365467361538836,0.0,0.0,1.356048038659646,21.0963138317482,20.999957415860294,0.0
1285,1.3586109119847811,0.0,0.0,1.3566852343313256,20.960977159437025,20.999310264429877,0.0
1286,1.3629339196547297,0.0,0.0,1.354985904357453,21.121077386900183,20.99972213822909,0.0
1287,1.3602978598557292,0.0,0.0,1.353295307488395,21.00695774004726,20.999808042913198,0.0
1288,1.3575838248534902,0.0,0.0,1.3516128567854324,21.108336528513117,20.999819244225463,0.0
1289,1.359673491181338,0.0,0.0,1.3499379652922996,20.990322266683265,20.999718355182434,0.0
1290,1.3648757114064654,0.0,0.0,1.3493513598842812,21.099709848650892,20.999748815148713,0.0
1291,1.3657651256759444,0.0,0.0,1.348755268956751,21.0220552335955,20.999705117407466,0.0
1292,1.3715754471153527,0.0,0.0,1.3481495724661494,21.08090428648569,20.999683320249627,0.0
1293,1.3676405151547317,0.0,0.0,1.3475341185761993,21.02498783194701,20.999657230430273,0.0
1294,1.3745252318122418,0.0,0.0,1.347222693821441,21.066175820470548,20.99998173698431,0.0
1295,1.3720471764817386,0.0,0.0,1.3469087789961836,21.11694558716105,21.000415003822752,0.0
1296,1.376144673815892,0.0,0.0,1.3465923594703733,21.060402512859355,20.99984998080747,0.0
1297,1.3700768086077717,0.0,0.0,1.3462734069022373,21.11271935484959,20.999763634336542,0.0
1298,1.3724883599193776,0.0,0.0,1.3446142862519206,21.04904824704308,20.999794272548613,0.0
1299,1.366192824835227,0.0,0.0,1.3429672171464557,21.153498611106972,20.99979858334956,0.0
1300,1.3695674256418027,0.0,0.0,1.3413320392751238,21.038096639470552,20.999786877392886,0.0
1301,1.36494670430676,0.0,0.0,1.3397085934047515,21.152337308936517,20.999776347326904,0.0
1302,1.369039480526185,0.0,0.0,1.3438807863388413,21.034703382743164,20.99983427932115,0.0
1303,1.3672940804081282,0.0,0.0,1.3481321371867794,21.198305711767414,20.998703158564105,0.0
1304,1.3748152975948078,0.0,0.0,1.3524666263480567,21.043907153412217,20.999454713782352,0.0
1305,1.3773507743129543,0.0,0.0,1.3568883382597607,21.200876922516485,20.9995671023003,0.0
1306,1.3792176380888497,0.0,0.0,1.3608972831750263,21.039463384135157,20.999679303516437,0.0
1307,1.3843696523210895,0.0,0.0,1.3649753249602996,21.21420590914309,20.999696024204322,0.0
1308,1.3866348644851445,0.0,0.0,1.369124331572886,21.057856566480112,20.999719607314546,0.0
1309,1.3915941229622415,0.0,0.0,1.373346239709396,21.163084671594685,21.000566709983783,0.0
1310,1.3898003944850752,0.0,0.0,1.375360295067105,21.09552863960247,20.999917398735676,0.0
1311,1.389760731751021,0.0,0.0,1.3773813316563814,21.14952562239111,20.99975723962863,0.0
1312,1.3932968982436784,0.0,0.0,1.379409385838348,21.121297718106927,20.999741503820676,0.0
1313,1.3914650461552345,0.0,0.0,1.3814444942270783,21.143137982580388,20.99974703511117,0.0
1314,1.3930559496396966,0.0,0.0,1.3800238287320936,21.15618219471778,20.99997798649923,0.0
1315,1.3885056113796295,0.0,0.0,1.3786120155007304,21.15422089307641,20.99992077143766,0.0
1316,0.7030856409221614,0.0,0.0,0.0,19.10665433107206,19.229917995564286,-3.0
1317,1.059469849364766,0.0,0.0,1.0281535769621692,18.91961414443644,18.26070869726304,-3.0
1318,1.015500981329678,0.0,0.0,1.3744285190381704,20.39481911677416,20.60962296808513,-0.0
1319,1.1511188857253487,0.0,0.0,1.3730509742694184,21.452898378389914,20.973534496819347,-0.0
1320,1.0193638244062948,0.0,0.0,0.0,19.84470176279329,18.828044784771656,-3.0
1321,0.9303209873512155,0.0,0.0,1.370320666907583,19.072520293572826,18.200136537659176,-3.0
1322,0.9247698198124831,1.25,1.125,1.3687753441799406,18.75431145595721,18.001683050093252,-3.0
1323,1.0161260919549435,1.25,1.125,1.3672395513796156,18.48069365491687,18.00021801804707,-3.0
1324,1.3406745126354043,1.25,1.125,1.3657130748162238,18.47300671500118,18.00035819737668,-3.0
1325,1.3799443595208682,1.25,1.125,1.3641956932285866,18.257198174996397,18.000508107620707,-3.0
1326,1.3588686735240685,1.25,1.125,1.360996628310452,18.184548802651868,17.999875321957617,-3.0
1327,1.3473605303434923,1.25,1.125,1.3578317089649745,18.000568403040898,17.999771525872045,-3.0
1328,1.351320002427984,1.25,1.125,1.3546986036541169,18.16972137650494,17.99992911129752,-3.0
1329,1.341030608501561,1.25,1.125,1.3515950045918255,18.034332648983334,17.999904957854792,-3.0
1330,1.3444371400073916,1.25,1.125,1.3524674894778355,18.136841153361708,17.999726750498677,-3.0
1331,1.3396187507791686,1.25,1.125,1.3533413130910041,18.050434032126347,17.999691337168148,-3.0
1332,1.3470733532590862,1.25,1.125,1.3542164785148807,18.127040579072716,17.9996911614481,-3.0
1333,1.3428139304270985,1.25,1.125,1.3550929888424916,18.027161381438283,17.999692534386355,-3.0
1334,1.3453106912783392,0.0,0.0,1.3553306374819065,20.425244811562916,20.35874139286442,0.0
1335,1.3555524685264193,0.0,0.0,1.355566037129198,20.89327068174335,20.784781809703464,0.0
1336,1.3632984902437686,0.0,0.0,1.3557991755538599,21.011285411242074,20.998308633247493,0.0
1337,1.3588100999055621,0.0,0.0,1.3560300561505207,20.73967827773731,21.00003720900161,0.0
1338,1.340715309676861,0.0,0.0,1.3528646717124413,20.971614938222498,20.999645802406214,0.0
1339,1.347027819435855,0.0,0.0,1.3496992170254316,20.991811794313076,20.999884495657,0.0
1340,1.3401522702687871,0.0,0.0,1.34653024581678,21.073992400104515,20.999865950593083,0.0
1341,1.3409605090427978,0.0,0.0,1.3433543020288146,21.05999063026025,20.999926394442458,0.0
