Program Version:,EnergyPlus, Version 22.1.0-ed759b17ee, YMD=2025.02.21 08:16
Tabular Output Report in Format: ,Comma

Building:,US+MF+CZ7+elecres+crawlspace+IECC_2021
Environment:,WINTER ** Montreal-Trudeau.Intl.AP QC CAN SRC-TMYx WMO#=716270

----------------------------------------------------------------------------------------------------
REPORT:,Annual Building Utility Performance Summary
FOR:,Entire Facility
Values gathered over      2160.00 hours
WARNING: THE REPORT DOES NOT REPRESENT A FULL ANNUAL SIMULATION.

Site and Source Energy

,,Total Energy [kBtu],Energy Per Total Building Area [kBtu/ft2],Energy Per Conditioned Building Area [kBtu/ft2]
,Total Site Energy,224185.60,5.75,10.37
,Net Site Energy,224185.60,5.75,10.37
,Total Source Energy,709995.80,18.20,32.86
,Net Source Energy,709995.80,18.20,32.86


Site to Source Energy Conversion Factors

,,Site=>Source Conversion Factor
,Electricity,3.167
,Natural Gas,1.084
,District Cooling,1.056
,District Heating,3.613
,Steam,1.200
,Gasoline,1.050
,Diesel,1.050
,Coal,1.050
,Fuel Oil No 1,1.050
,Fuel Oil No 2,1.050
,Propane,1.050
,Other Fuel 1,1.000
,Other Fuel 2,1.000


Building Area

,,Area [ft2]
,Total Building Area,39005.22
,Net Conditioned Building Area,21609.96
,Unconditioned Building Area,17395.26


End Uses

,,Electricity [kBtu],Natural Gas [kBtu],Gasoline [kBtu],Diesel [kBtu],Coal [kBtu],Fuel Oil No 1 [kBtu],Fuel Oil No 2 [kBtu],Propane [kBtu],Other Fuel 1 [kBtu],Other Fuel 2 [kBtu],District Cooling [kBtu],District Heating [kBtu],Water [gal]
,Heating,79739.83,0.00,0.00,0.00,0.00,0.00,0.00,0.00,0.00,0.00,0.00,0.00,0.00
,Cooling,51.45,0.00,0.00,0.00,0.00,0.00,0.00,0.00,0.00,0.00,0.00,0.00,0.00
,Interior Lighting,9544.59,0.00,0.00,0.00,0.00,0.00,0.00,0.00,0.00,0.00,0.00,0.00,0.00
,Exterior Lighting,4637.84,0.00,0.00,0.00,0.00,0.00,0.00,0.00,0.00,0.00,0.00,0.00,0.00
,Interior Equipment,73897.06,0.00,0.00,0.00,0.00,0.00,0.00,0.00,0.00,0.00,0.00,0.00,0.00
,Exterior Equipment,0.00,0.00,0.00,0.00,0.00,0.00,0.00,0.00,0.00,0.00,0.00,0.00,0.00
,Fans,1685.56,0.00,0.00,0.00,0.00,0.00,0.00,0.00,0.00,0.00,0.00,0.00,0.00
,Pumps,0.00,0.00,0.00,0.00,0.00,0.00,0.00,0.00,0.00,0.00,0.00,0.00,0.00
,Heat Rejection,0.00,0.00,0.00,0.00,0.00,0.00,0.00,0.00,0.00,0.00,0.00,0.00,0.00
,Humidification,0.00,0.00,0.00,0.00,0.00,0.00,0.00,0.00,0.00,0.00,0.00,0.00,0.00
,Heat Recovery,0.00,0.00,0.00,0.00,0.00,0.00,0.00,0.00,0.00,0.00,0.00,0.00,0.00
,Water Systems,54629.27,0.00,0.00,0.00,0.00,0.00,0.00,0.00,0.00,0.00,0.00,0.00,81524.34
,Refrigeration,0.00,0.00,0.00,0.00,0.00,0.00,0.00,0.00,0.00,0.00,0.00,0.00,0.00
,Generators,0.00,0.00,0.00,0.00,0.00,0.00,0.00,0.00,0.00,0.00,0.00,0.00,0.00
,,,,,,,,,,,,,,
,Total End Uses,224185.60,0.00,0.00,0.00,0.00,0.00,0.00,0.00,0.00,0.00,0.00,0.00,81524.34
Note: Electricity appears to be the principal heating source based on energy usage.


End Uses By Subcategory

,,Subcategory,Electricity [kBtu],Natural Gas [kBtu],Gasoline [kBtu],Diesel [kBtu],Coal [kBtu],Fuel Oil No 1 [kBtu],Fuel Oil No 2 [kBtu],Propane [kBtu],Other Fuel 1 [kBtu],Other Fuel 2 [kBtu],District Cooling [kBtu],District Heating [kBtu],Water [gal]
,Heating,General,79739.83,0.00,0.00,0.00,0.00,0.00,0.00,0.00,0.00,0.00,0.00,0.00,0.00
,Cooling,General,51.45,0.00,0.00,0.00,0.00,0.00,0.00,0.00,0.00,0.00,0.00,0.00,0.00
,Interior Lighting,General,9544.59,0.00,0.00,0.00,0.00,0.00,0.00,0.00,0.00,0.00,0.00,0.00,0.00
,Exterior Lighting,Exterior-Lights,4637.84,0.00,0.00,0.00,0.00,0.00,0.00,0.00,0.00,0.00,0.00,0.00,0.00
,,Garage-Lights,0.00,0.00,0.00,0.00,0.00,0.00,0.00,0.00,0.00,0.00,0.00,0.00,0.00
,Interior Equipment,dishwasher,2320.65,0.00,0.00,0.00,0.00,0.00,0.00,0.00,0.00,0.00,0.00,0.00,0.00
,,refrigerator,10133.34,0.00,0.00,0.00,0.00,0.00,0.00,0.00,0.00,0.00,0.00,0.00,0.00
,,clotheswasher,1183.39,0.00,0.00,0.00,0.00,0.00,0.00,0.00,0.00,0.00,0.00,0.00,0.00
,,electric_dryer,10503.81,0.00,0.00,0.00,0.00,0.00,0.00,0.00,0.00,0.00,0.00,0.00,0.00
,,electric_range,7626.36,0.00,0.00,0.00,0.00,0.00,0.00,0.00,0.00,0.00,0.00,0.00,0.00
,,television,0.00,0.00,0.00,0.00,0.00,0.00,0.00,0.00,0.00,0.00,0.00,0.00,0.00
,,electric_mels,39508.09,0.00,0.00,0.00,0.00,0.00,0.00,0.00,0.00,0.00,0.00,0.00,0.00
,,IECC_adj,2621.43,0.00,0.00,0.00,0.00,0.00,0.00,0.00,0.00,0.00,0.00,0.00,0.00
,Exterior Equipment,General,0.00,0.00,0.00,0.00,0.00,0.00,0.00,0.00,0.00,0.00,0.00,0.00,0.00
,Fans,General,1685.56,0.00,0.00,0.00,0.00,0.00,0.00,0.00,0.00,0.00,0.00,0.00,0.00
,,Ventilation,0.00,0.00,0.00,0.00,0.00,0.00,0.00,0.00,0.00,0.00,0.00,0.00,0.00
,,Ventilation (simple),0.00,0.00,0.00,0.00,0.00,0.00,0.00,0.00,0.00,0.00,0.00,0.00,0.00
,Pumps,General,0.00,0.00,0.00,0.00,0.00,0.00,0.00,0.00,0.00,0.00,0.00,0.00,0.00
,Heat Rejection,General,0.00,0.00,0.00,0.00,0.00,0.00,0.00,0.00,0.00,0.00,0.00,0.00,0.00
,Humidification,General,0.00,0.00,0.00,0.00,0.00,0.00,0.00,0.00,0.00,0.00,0.00,0.00,0.00
,Heat Recovery,General,0.00,0.00,0.00,0.00,0.00,0.00,0.00,0.00,0.00,0.00,0.00,0.00,0.00
,Water Systems,General,0.00,0.00,0.00,0.00,0.00,0.00,0.00,0.00,0.00,0.00,0.00,0.00,0.00
,,Domestic Hot Water,0.00,0.00,0.00,0.00,0.00,0.00,0.00,0.00,0.00,0.00,0.00,0.00,81524.34
,,Water Heater,54629.27,0.00,0.00,0.00,0.00,0.00,0.00,0.00,0.00,0.00,0.00,0.00,0.00
,,Water Heater Parasitic,0.00,0.00,0.00,0.00,0.00,0.00,0.00,0.00,0.00,0.00,0.00,0.00,0.00
,Refrigeration,General,0.00,0.00,0.00,0.00,0.00,0.00,0.00,0.00,0.00,0.00,0.00,0.00,0.00
,Generators,General,0.00,0.00,0.00,0.00,0.00,0.00,0.00,0.00,0.00,0.00,0.00,0.00,0.00


End Uses By Space Type

,,Space Type,Electricity [kBtu],Natural Gas [kBtu],Gasoline [kBtu],Diesel [kBtu],Coal [kBtu],Fuel Oil No 1 [kBtu],Fuel Oil No 2 [kBtu],Propane [kBtu],Other Fuel 1 [kBtu],Other Fuel 2 [kBtu],District Cooling [kBtu],District Heating [kBtu],Water [gal]
,Heating,Unassigned,79739.83,0.00,0.00,0.00,0.00,0.00,0.00,0.00,0.00,0.00,0.00,0.00,0.00
,Cooling,Unassigned,51.45,0.00,0.00,0.00,0.00,0.00,0.00,0.00,0.00,0.00,0.00,0.00,0.00
,Interior Lighting,GENERAL,9544.59,0.00,0.00,0.00,0.00,0.00,0.00,0.00,0.00,0.00,0.00,0.00,0.00
,Exterior Lighting,Unassigned,4637.84,0.00,0.00,0.00,0.00,0.00,0.00,0.00,0.00,0.00,0.00,0.00,0.00
,Interior Equipment,GENERAL,73897.06,0.00,0.00,0.00,0.00,0.00,0.00,0.00,0.00,0.00,0.00,0.00,0.00
,Exterior Equipment,Unassigned,0.00,0.00,0.00,0.00,0.00,0.00,0.00,0.00,0.00,0.00,0.00,0.00,0.00
,Fans,Unassigned,1685.56,0.00,0.00,0.00,0.00,0.00,0.00,0.00,0.00,0.00,0.00,0.00,0.00
,Pumps,Unassigned,0.00,0.00,0.00,0.00,0.00,0.00,0.00,0.00,0.00,0.00,0.00,0.00,0.00
,Heat Rejection,Unassigned,0.00,0.00,0.00,0.00,0.00,0.00,0.00,0.00,0.00,0.00,0.00,0.00,0.00
,Humidification,Unassigned,0.00,0.00,0.00,0.00,0.00,0.00,0.00,0.00,0.00,0.00,0.00,0.00,0.00
,Heat Recovery,Unassigned,0.00,0.00,0.00,0.00,0.00,0.00,0.00,0.00,0.00,0.00,0.00,0.00,0.00
,Water Systems,Unassigned,54629.27,0.00,0.00,0.00,0.00,0.00,0.00,0.00,0.00,0.00,0.00,0.00,81524.34
,Refrigeration,Unassigned,0.00,0.00,0.00,0.00,0.00,0.00,0.00,0.00,0.00,0.00,0.00,0.00,0.00
,Generators,Unassigned,0.00,0.00,0.00,0.00,0.00,0.00,0.00,0.00,0.00,0.00,0.00,0.00,0.00


Normalized Metrics
Utility Use Per Conditioned Floor Area

,,Electricity Intensity [kBtu/ft2],Natural Gas Intensity [kBtu/ft2],Gasoline Intensity [kBtu/ft2],Diesel Intensity [kBtu/ft2],Coal Intensity [kBtu/ft2],Fuel Oil No 1 Intensity [kBtu/ft2],Fuel Oil No 2 Intensity [kBtu/ft2],Propane Intensity [kBtu/ft2],Other Fuel 1 Intensity [kBtu/ft2],Other Fuel 2 Intensity [kBtu/ft2],District Cooling Intensity [kBtu/ft2],District Heating Intensity [kBtu/ft2],Water Intensity [gal/ft2]
,Lighting,0.66,0.00,0.00,0.00,0.00,0.00,0.00,0.00,0.00,0.00,0.00,0.00,0.00
,HVAC,6.30,0.00,0.00,0.00,0.00,0.00,0.00,0.00,0.00,0.00,0.00,0.00,3.77
,Other,3.42,0.00,0.00,0.00,0.00,0.00,0.00,0.00,0.00,0.00,0.00,0.00,0.00
,Total,10.37,0.00,0.00,0.00,0.00,0.00,0.00,0.00,0.00,0.00,0.00,0.00,3.77


Utility Use Per Total Floor Area

,,Electricity Intensity [kBtu/ft2],Natural Gas Intensity [kBtu/ft2],Gasoline Intensity [kBtu/ft2],Diesel Intensity [kBtu/ft2],Coal Intensity [kBtu/ft2],Fuel Oil No 1 Intensity [kBtu/ft2],Fuel Oil No 2 Intensity [kBtu/ft2],Propane Intensity [kBtu/ft2],Other Fuel 1 Intensity [kBtu/ft2],Other Fuel 2 Intensity [kBtu/ft2],District Cooling Intensity [kBtu/ft2],District Heating Intensity [kBtu/ft2],Water Intensity [gal/ft2]
,Lighting,0.36,0.00,0.00,0.00,0.00,0.00,0.00,0.00,0.00,0.00,0.00,0.00,0.00
,HVAC,3.49,0.00,0.00,0.00,0.00,0.00,0.00,0.00,0.00,0.00,0.00,0.00,2.09
,Other,1.89,0.00,0.00,0.00,0.00,0.00,0.00,0.00,0.00,0.00,0.00,0.00,0.00
,Total,5.75,0.00,0.00,0.00,0.00,0.00,0.00,0.00,0.00,0.00,0.00,0.00,2.09


Electric Loads Satisfied

,,Electricity [kBtu],Percent Electricity [%]
,Fuel-Fired Power Generation,0.000,0.00
,High Temperature Geothermal*,0.000,0.00
,Photovoltaic Power,0.000,0.00
,Wind Power,0.000,0.00
,Power Conversion,0.000,0.00
,Net Decrease in On-Site Storage,0.000,0.00
,Total On-Site Electric Sources,0.000,0.00
,,,
,Electricity Coming From Utility,224185.601,100.00
,Surplus Electricity Going To Utility,0.000,0.00
,Net Electricity From Utility,224185.601,100.00
,,,
,Total On-Site and Utility Electric Sources,224185.601,100.00
,Total Electricity End Uses,224185.601,100.00


On-Site Thermal Sources

,,Heat [kBtu],Percent Heat [%]
,Water-Side Heat Recovery,0.00,
,Air to Air Heat Recovery for Cooling,0.00,
,Air to Air Heat Recovery for Heating,0.00,
,High-Temperature Geothermal*,0.00,
,Solar Water Thermal,0.00,
,Solar Air Thermal,0.00,
,Total On-Site Thermal Sources,0.00,


Water Source Summary

,,Water [gal],Percent Water [%]
,Rainwater Collection,0.00,0.00
,Condensate Collection,0.00,0.00
,Groundwater Well,0.00,0.00
,Total On Site Water Sources,0.00,0.00
,-,-,-
,Initial Storage,0.00,0.00
,Final Storage,0.00,0.00
,Change in Storage,0.00,0.00
,-,-,-
,Water Supplied by Utility,81524.34,100.00
,-,-,-
,Total On Site, Change in Storage, and Utility Water Sources,81524.34,100.00
,Total Water End Uses,81524.34,100.00


Setpoint Not Met Criteria

,,Degrees [deltaF]
,Tolerance for Zone Heating Setpoint Not Met Time,0.36
,Tolerance for Zone Cooling Setpoint Not Met Time,0.36


Comfort and Setpoint Not Met Summary

,,Facility [Hours]
,Time Setpoint Not Met During Occupied Heating,92.00
,Time Setpoint Not Met During Occupied Cooling,7.00
,Time Not Comfortable Based on Simple ASHRAE 55-2004,2141.00


Note 1: An asterisk (*) indicates that the feature is not yet implemented.
----------------------------------------------------------------------------------------------------
REPORT:,Input Verification and Results Summary
FOR:,Entire Facility
General

,,Value
,Program Version and Build,EnergyPlus, Version 22.1.0-ed759b17ee, YMD=2025.02.21 08:16
,RunPeriod,WINTER
,Weather File,Montreal-Trudeau.Intl.AP QC CAN SRC-TMYx WMO#=716270
,Latitude [deg],45.47
,Longitude [deg],-73.8
,Elevation [ft],118.12
,Time Zone,-5.0
,North Axis Angle [deg],0.00
,Rotation for Appendix G [deg],0.00
,Hours Simulated [hrs],2160.00


ENVELOPE
Window-Wall Ratio

,,Total,North (315 to 45 deg),East (45 to 135 deg),South (135 to 225 deg),West (225 to 315 deg)
,Gross Wall Area [ft2],17103.09,6415.36,2136.19,6415.36,2136.19
,Above Ground Wall Area [ft2],16363.00,6175.53,2005.97,6175.53,2005.97
,Window Opening Area [ft2],2126.74,531.68,531.68,531.68,531.68
,Gross Window-Wall Ratio [%],12.43,8.29,24.89,8.29,24.89
,Above Ground Window-Wall Ratio [%],13.00,8.61,26.51,8.61,26.51


Conditioned Window-Wall Ratio

,,Total,North (315 to 45 deg),East (45 to 135 deg),South (135 to 225 deg),West (225 to 315 deg)
,Gross Wall Area [ft2],15296.60,6115.58,1532.73,6115.58,1532.73
,Above Ground Wall Area [ft2],15296.60,6115.58,1532.73,6115.58,1532.73
,Window Opening Area [ft2],2126.74,531.68,531.68,531.68,531.68
,Gross Window-Wall Ratio [%],13.90,8.69,34.69,8.69,34.69
,Above Ground Window-Wall Ratio [%],13.90,8.69,34.69,8.69,34.69


Skylight-Roof Ratio

,,Total
,Gross Roof Area [ft2],8451.30
,Skylight Area [ft2],0.00
,Skylight-Roof Ratio [%],0.00


PERFORMANCE
Zone Summary

,,Area [ft2],Conditioned (Y/N),Part of Total Floor Area (Y/N),Volume [ft3],Multipliers,Above Ground Gross Wall Area [ft2],Underground Gross Wall Area [ft2],Window Glass Area [ft2],Opening Area [ft2],Lighting [Btu/h-ft2],People [ft2 per person],Plug and Process [Btu/h-ft2]
,CRAWLSPACE,7794.39,No,Yes,19513.17,1.00,185.02,740.10,0.00,0.00,0.0000,,0.0000
,BREEZEWAY,1798.16,No,Yes,30553.25,1.00,0.00,0.00,0.00,0.00,0.0000,,0.0000
,LIVING_UNIT1_FRONTROW_BOTTOMFLOOR,1200.55,Yes,Yes,10207.81,1.00,934.97,0.00,147.69,147.69,0.5831,600.28,2.9092
,LIVING_UNIT2_FRONTROW_BOTTOMFLOOR,1200.55,Yes,Yes,10207.81,1.00,679.51,0.00,59.08,59.08,0.5831,600.28,2.9092
,LIVING_UNIT3_FRONTROW_BOTTOMFLOOR,1200.55,Yes,Yes,10207.81,1.00,934.97,0.00,147.69,147.69,0.5831,600.28,2.9092
,LIVING_UNIT1_BACKROW_BOTTOMFLOOR,1200.55,Yes,Yes,10207.81,1.00,934.97,0.00,147.69,147.69,0.5831,600.28,2.9092
,LIVING_UNIT2_BACKROW_BOTTOMFLOOR,1200.55,Yes,Yes,10207.81,1.00,679.51,0.00,59.08,59.08,0.5831,600.28,2.9092
,LIVING_UNIT3_BACKROW_BOTTOMFLOOR,1200.55,Yes,Yes,10207.81,1.00,934.97,0.00,147.69,147.69,0.5831,600.28,2.9092
,LIVING_UNIT1_FRONTROW_MIDDLEFLOOR,1200.55,Yes,Yes,10207.71,1.00,934.96,0.00,147.69,147.69,0.5831,600.28,2.9092
,LIVING_UNIT2_FRONTROW_MIDDLEFLOOR,1200.55,Yes,Yes,10207.71,1.00,679.51,0.00,59.08,59.08,0.5831,600.28,2.9092
,LIVING_UNIT3_FRONTROW_MIDDLEFLOOR,1200.55,Yes,Yes,10207.71,1.00,934.96,0.00,147.69,147.69,0.5831,600.28,2.9092
,LIVING_UNIT1_BACKROW_MIDDLEFLOOR,1200.55,Yes,Yes,10207.71,1.00,934.96,0.00,147.69,147.69,0.5831,600.28,2.9092
,LIVING_UNIT2_BACKROW_MIDDLEFLOOR,1200.55,Yes,Yes,10207.71,1.00,679.51,0.00,59.08,59.08,0.5831,600.28,2.9092
,LIVING_UNIT3_BACKROW_MIDDLEFLOOR,1200.55,Yes,Yes,10207.71,1.00,934.96,0.00,147.69,147.69,0.5831,600.28,2.9092
,ATTIC,7802.71,No,Yes,52795.56,1.00,881.37,0.00,0.00,0.00,0.0000,,0.0000
,LIVING_UNIT3_BACKROW_TOPFLOOR,1200.55,Yes,Yes,10207.71,1.00,934.96,0.00,147.69,147.69,0.5831,600.28,2.9092
,LIVING_UNIT3_FRONTROW_TOPFLOOR,1200.55,Yes,Yes,10207.71,1.00,934.96,0.00,147.69,147.69,0.5831,600.28,2.9092
,LIVING_UNIT1_FRONTROW_TOPFLOOR,1200.55,Yes,Yes,10207.71,1.00,934.96,0.00,147.69,147.69,0.5831,600.28,2.9092
,LIVING_UNIT2_BACKROW_TOPFLOOR,1200.55,Yes,Yes,10207.71,1.00,679.51,0.00,59.08,59.08,0.5831,600.28,2.9092
,LIVING_UNIT2_FRONTROW_TOPFLOOR,1200.55,Yes,Yes,10207.71,1.00,679.51,0.00,59.08,59.08,0.5831,600.28,2.9092
,LIVING_UNIT1_BACKROW_TOPFLOOR,1200.55,Yes,Yes,10207.71,1.00,934.96,0.00,147.69,147.69,0.5831,600.28,2.9092
,Total,39005.22,,,286601.37,,16363.00,740.10,2126.74,2126.74,0.3230,1083.48,1.6118
,Conditioned Total,21609.96,,,183739.38,,15296.60,0.00,2126.74,2126.74,0.5831,600.28,2.9092
,Unconditioned Total,17395.26,,,102861.98,,1066.39,740.10,0.00,0.00,0.0000,,0.0000
,Not Part of Total,0.00,,,0.00,,0.00,0.00,0.00,0.00,,,


Space Summary

,,Area [ft2],Conditioned (Y/N),Part of Total Floor Area (Y/N),Multipliers,Zone Name,Space Type,Radiant/Solar Enclosure Name,Lighting [Btu/h-ft2],People [ft2 per person],Plug and Process [Btu/h-ft2],Tags
,CRAWLSPACE,7794.39,No,Yes,1.00,CRAWLSPACE,GENERAL,CRAWLSPACE,0.0000,0.00,0.0000,
,BREEZEWAY,1798.16,No,Yes,1.00,BREEZEWAY,GENERAL,BREEZEWAY,0.0000,0.00,0.0000,
,LIVING_UNIT1_FRONTROW_BOTTOMFLOOR,1200.55,Yes,Yes,1.00,LIVING_UNIT1_FRONTROW_BOTTOMFLOOR,GENERAL,LIVING_UNIT1_FRONTROW_BOTTOMFLOOR,0.5831,600.28,2.9092,
,LIVING_UNIT2_FRONTROW_BOTTOMFLOOR,1200.55,Yes,Yes,1.00,LIVING_UNIT2_FRONTROW_BOTTOMFLOOR,GENERAL,LIVING_UNIT2_FRONTROW_BOTTOMFLOOR,0.5831,600.28,2.9092,
,LIVING_UNIT3_FRONTROW_BOTTOMFLOOR,1200.55,Yes,Yes,1.00,LIVING_UNIT3_FRONTROW_BOTTOMFLOOR,GENERAL,LIVING_UNIT3_FRONTROW_BOTTOMFLOOR,0.5831,600.28,2.9092,
,LIVING_UNIT1_BACKROW_BOTTOMFLOOR,1200.55,Yes,Yes,1.00,LIVING_UNIT1_BACKROW_BOTTOMFLOOR,GENERAL,LIVING_UNIT1_BACKROW_BOTTOMFLOOR,0.5831,600.28,2.9092,
,LIVING_UNIT2_BACKROW_BOTTOMFLOOR,1200.55,Yes,Yes,1.00,LIVING_UNIT2_BACKROW_BOTTOMFLOOR,GENERAL,LIVING_UNIT2_BACKROW_BOTTOMFLOOR,0.5831,600.28,2.9092,
,LIVING_UNIT3_BACKROW_BOTTOMFLOOR,1200.55,Yes,Yes,1.00,LIVING_UNIT3_BACKROW_BOTTOMFLOOR,GENERAL,LIVING_UNIT3_BACKROW_BOTTOMFLOOR,0.5831,600.28,2.9092,
,LIVING_UNIT1_FRONTROW_MIDDLEFLOOR,1200.55,Yes,Yes,1.00,LIVING_UNIT1_FRONTROW_MIDDLEFLOOR,GENERAL,LIVING_UNIT1_FRONTROW_MIDDLEFLOOR,0.5831,600.28,2.9092,
,LIVING_UNIT2_FRONTROW_MIDDLEFLOOR,1200.55,Yes,Yes,1.00,LIVING_UNIT2_FRONTROW_MIDDLEFLOOR,GENERAL,LIVING_UNIT2_FRONTROW_MIDDLEFLOOR,0.5831,600.28,2.9092,
,LIVING_UNIT3_FRONTROW_MIDDLEFLOOR,1200.55,Yes,Yes,1.00,LIVING_UNIT3_FRONTROW_MIDDLEFLOOR,GENERAL,LIVING_UNIT3_FRONTROW_MIDDLEFLOOR,0.5831,600.28,2.9092,
,LIVING_UNIT1_BACKROW_MIDDLEFLOOR,1200.55,Yes,Yes,1.00,LIVING_UNIT1_BACKROW_MIDDLEFLOOR,GENERAL,LIVING_UNIT1_BACKROW_MIDDLEFLOOR,0.5831,600.28,2.9092,
,LIVING_UNIT2_BACKROW_MIDDLEFLOOR,1200.55,Yes,Yes,1.00,LIVING_UNIT2_BACKROW_MIDDLEFLOOR,GENERAL,LIVING_UNIT2_BACKROW_MIDDLEFLOOR,0.5831,600.28,2.9092,
,LIVING_UNIT3_BACKROW_MIDDLEFLOOR,1200.55,Yes,Yes,1.00,LIVING_UNIT3_BACKROW_MIDDLEFLOOR,GENERAL,LIVING_UNIT3_BACKROW_MIDDLEFLOOR,0.5831,600.28,2.9092,
,ATTIC,7802.71,No,Yes,1.00,ATTIC,GENERAL,ATTIC,0.0000,0.00,0.0000,
,LIVING_UNIT3_BACKROW_TOPFLOOR,1200.55,Yes,Yes,1.00,LIVING_UNIT3_BACKROW_TOPFLOOR,GENERAL,LIVING_UNIT3_BACKROW_TOPFLOOR,0.5831,600.28,2.9092,
,LIVING_UNIT3_FRONTROW_TOPFLOOR,1200.55,Yes,Yes,1.00,LIVING_UNIT3_FRONTROW_TOPFLOOR,GENERAL,LIVING_UNIT3_FRONTROW_TOPFLOOR,0.5831,600.28,2.9092,
,LIVING_UNIT1_FRONTROW_TOPFLOOR,1200.55,Yes,Yes,1.00,LIVING_UNIT1_FRONTROW_TOPFLOOR,GENERAL,LIVING_UNIT1_FRONTROW_TOPFLOOR,0.5831,600.28,2.9092,
,LIVING_UNIT2_BACKROW_TOPFLOOR,1200.55,Yes,Yes,1.00,LIVING_UNIT2_BACKROW_TOPFLOOR,GENERAL,LIVING_UNIT2_BACKROW_TOPFLOOR,0.5831,600.28,2.9092,
,LIVING_UNIT2_FRONTROW_TOPFLOOR,1200.55,Yes,Yes,1.00,LIVING_UNIT2_FRONTROW_TOPFLOOR,GENERAL,LIVING_UNIT2_FRONTROW_TOPFLOOR,0.5831,600.28,2.9092,
,LIVING_UNIT1_BACKROW_TOPFLOOR,1200.55,Yes,Yes,1.00,LIVING_UNIT1_BACKROW_TOPFLOOR,GENERAL,LIVING_UNIT1_BACKROW_TOPFLOOR,0.5831,600.28,2.9092,
,Total,39005.22,,,,,,,0.3230,541.74,1.6118,
,Conditioned Total,21609.96,,,,,,,0.5831,300.14,2.9092,
,Unconditioned Total,17395.26,,,,,,,0.0000,0.00,0.0000,
,Not Part of Total,0.00,,,,,,,0.0000,0.00,0.0000,


Space Type Summary

,,Total Area [ft2],Conditioned Area [ft2],Unconditioned Area [ft2],Not Part of Total Area [ft2],Lighting [Btu/h-ft2],People [ft2 per person],Plug and Process [Btu/h-ft2]
,GENERAL,39005.22,21609.96,17395.26,0.00,0.3230,1083.48,1.6118
,Total,39005.22,21609.96,17395.26,0.00,,,


----------------------------------------------------------------------------------------------------
REPORT:,Demand End Use Components Summary
FOR:,Entire Facility
End Uses

,,Electricity [kBtuh],Natural Gas [kBtuh],Gasoline [kBtuh],Diesel [kBtuh],Coal [kBtuh],Fuel Oil No 1 [kBtuh],Fuel Oil No 2 [kBtuh],Propane [kBtuh],Other Fuel 1 [kBtuh],Other Fuel 2 [kBtuh],District Cooling [kBtuh],Steam [kBtuh],Water [gal/min]
,Time of Peak,29-JAN-07:30,-,-,-,-,-,-,-,-,-,-,-,01-JAN-08:15
,Heating,101.11,0.00,0.00,0.00,0.00,0.00,0.00,0.00,0.00,0.00,0.00,0.00,0.00
,Cooling,0.00,0.00,0.00,0.00,0.00,0.00,0.00,0.00,0.00,0.00,0.00,0.00,0.00
,Interior Lighting,5.42,0.00,0.00,0.00,0.00,0.00,0.00,0.00,0.00,0.00,0.00,0.00,0.00
,Exterior Lighting,0.00,0.00,0.00,0.00,0.00,0.00,0.00,0.00,0.00,0.00,0.00,0.00,0.00
,Interior Equipment,34.65,0.00,0.00,0.00,0.00,0.00,0.00,0.00,0.00,0.00,0.00,0.00,0.00
,Exterior Equipment,0.00,0.00,0.00,0.00,0.00,0.00,0.00,0.00,0.00,0.00,0.00,0.00,0.00
,Fans,2.09,0.00,0.00,0.00,0.00,0.00,0.00,0.00,0.00,0.00,0.00,0.00,0.00
,Pumps,0.00,0.00,0.00,0.00,0.00,0.00,0.00,0.00,0.00,0.00,0.00,0.00,0.00
,Heat Rejection,0.00,0.00,0.00,0.00,0.00,0.00,0.00,0.00,0.00,0.00,0.00,0.00,0.00
,Humidification,0.00,0.00,0.00,0.00,0.00,0.00,0.00,0.00,0.00,0.00,0.00,0.00,0.00
,Heat Recovery,0.00,0.00,0.00,0.00,0.00,0.00,0.00,0.00,0.00,0.00,0.00,0.00,0.00
,Water Systems,81.91,0.00,0.00,0.00,0.00,0.00,0.00,0.00,0.00,0.00,0.00,0.00,1.20
,Refrigeration,0.00,0.00,0.00,0.00,0.00,0.00,0.00,0.00,0.00,0.00,0.00,0.00,0.00
,Generators,0.00,0.00,0.00,0.00,0.00,0.00,0.00,0.00,0.00,0.00,0.00,0.00,0.00
,,,,,,,,,,,,,,
,Total End Uses,225.17,0.00,0.00,0.00,0.00,0.00,0.00,0.00,0.00,0.00,0.00,0.00,1.20


End Uses By Subcategory

,,Subcategory,Electricity [kBtuh],Natural Gas [kBtuh],Gasoline [kBtuh],Diesel [kBtuh],Coal [kBtuh],Fuel Oil No 1 [kBtuh],Fuel Oil No 2 [kBtuh],Propane [kBtuh],Other Fuel 1 [kBtuh],Other Fuel 2 [kBtuh],District Cooling [kBtuh],Steam [kBtuh],Water [gal/min]
,Heating,General,101.11,0.00,0.00,0.00,0.00,0.00,0.00,0.00,0.00,0.00,0.00,0.00,0.00
,Cooling,General,0.00,0.00,0.00,0.00,0.00,0.00,0.00,0.00,0.00,0.00,0.00,0.00,0.00
,Interior Lighting,General,5.42,0.00,0.00,0.00,0.00,0.00,0.00,0.00,0.00,0.00,0.00,0.00,0.00
,Exterior Lighting,Exterior-Lights,0.00,0.00,0.00,0.00,0.00,0.00,0.00,0.00,0.00,0.00,0.00,0.00,0.00
,,Garage-Lights,0.00,0.00,0.00,0.00,0.00,0.00,0.00,0.00,0.00,0.00,0.00,0.00,0.00
,Interior Equipment,dishwasher,0.83,0.00,0.00,0.00,0.00,0.00,0.00,0.00,0.00,0.00,0.00,0.00,0.00
,,refrigerator,4.48,0.00,0.00,0.00,0.00,0.00,0.00,0.00,0.00,0.00,0.00,0.00,0.00
,,clotheswasher,0.74,0.00,0.00,0.00,0.00,0.00,0.00,0.00,0.00,0.00,0.00,0.00,0.00
,,electric_dryer,4.26,0.00,0.00,0.00,0.00,0.00,0.00,0.00,0.00,0.00,0.00,0.00,0.00
,,electric_range,3.60,0.00,0.00,0.00,0.00,0.00,0.00,0.00,0.00,0.00,0.00,0.00,0.00
,,television,0.00,0.00,0.00,0.00,0.00,0.00,0.00,0.00,0.00,0.00,0.00,0.00,0.00
,,electric_mels,19.46,0.00,0.00,0.00,0.00,0.00,0.00,0.00,0.00,0.00,0.00,0.00,0.00
,,IECC_adj,1.29,0.00,0.00,0.00,0.00,0.00,0.00,0.00,0.00,0.00,0.00,0.00,0.00
,Exterior Equipment,General,0.00,0.00,0.00,0.00,0.00,0.00,0.00,0.00,0.00,0.00,0.00,0.00,0.00
,Fans,General,2.09,0.00,0.00,0.00,0.00,0.00,0.00,0.00,0.00,0.00,0.00,0.00,0.00
,,Ventilation,0.00,0.00,0.00,0.00,0.00,0.00,0.00,0.00,0.00,0.00,0.00,0.00,0.00
,,Ventilation (simple),0.00,0.00,0.00,0.00,0.00,0.00,0.00,0.00,0.00,0.00,0.00,0.00,0.00
,Pumps,General,0.00,0.00,0.00,0.00,0.00,0.00,0.00,0.00,0.00,0.00,0.00,0.00,0.00
,Heat Rejection,General,0.00,0.00,0.00,0.00,0.00,0.00,0.00,0.00,0.00,0.00,0.00,0.00,0.00
,Humidification,General,0.00,0.00,0.00,0.00,0.00,0.00,0.00,0.00,0.00,0.00,0.00,0.00,0.00
,Heat Recovery,General,0.00,0.00,0.00,0.00,0.00,0.00,0.00,0.00,0.00,0.00,0.00,0.00,0.00
,Water Systems,General,0.00,0.00,0.00,0.00,0.00,0.00,0.00,0.00,0.00,0.00,0.00,0.00,0.00
,,Domestic Hot Water,0.00,0.00,0.00,0.00,0.00,0.00,0.00,0.00,0.00,0.00,0.00,0.00,1.20
,,Water Heater,81.91,0.00,0.00,0.00,0.00,0.00,0.00,0.00,0.00,0.00,0.00,0.00,0.00
,,Water Heater Parasitic,0.00,0.00,0.00,0.00,0.00,0.00,0.00,0.00,0.00,0.00,0.00,0.00,0.00
,Refrigeration,General,0.00,0.00,0.00,0.00,0.00,0.00,0.00,0.00,0.00,0.00,0.00,0.00,0.00
,Generators,General,0.00,0.00,0.00,0.00,0.00,0.00,0.00,0.00,0.00,0.00,0.00,0.00,0.00


----------------------------------------------------------------------------------------------------
REPORT:,Source Energy End Use Components Summary
FOR:,Entire Facility
Values gathered over      2160.00 hours
WARNING: THE REPORT DOES NOT REPRESENT A FULL ANNUAL SIMULATION.

Source Energy End Use Components Summary

,,Source Electricity [kBtu],Source Natural Gas [kBtu],Source Gasoline [kBtu],Source Diesel [kBtu],Source Coal [kBtu],Source Fuel Oil No 1 [kBtu],Source Fuel Oil No 2 [kBtu],Source Propane [kBtu],Source Other Fuel 1 [kBtu],Source Other Fuel 2 [kBtu],Source District Cooling [kBtu],Source District Heating [kBtu]
,Heating,252536.03,0.00,0.00,0.00,0.00,0.00,0.00,0.00,0.00,0.00,0.00,0.00
,Cooling,162.96,0.00,0.00,0.00,0.00,0.00,0.00,0.00,0.00,0.00,0.00,0.00
,Interior Lighting,30227.71,0.00,0.00,0.00,0.00,0.00,0.00,0.00,0.00,0.00,0.00,0.00
,Exterior Lighting,14688.05,0.00,0.00,0.00,0.00,0.00,0.00,0.00,0.00,0.00,0.00,0.00
,Interior Equipment,234032.00,0.00,0.00,0.00,0.00,0.00,0.00,0.00,0.00,0.00,0.00,0.00
,Exterior Equipment,0.00,0.00,0.00,0.00,0.00,0.00,0.00,0.00,0.00,0.00,0.00,0.00
,Fans,5338.17,0.00,0.00,0.00,0.00,0.00,0.00,0.00,0.00,0.00,0.00,0.00
,Pumps,0.00,0.00,0.00,0.00,0.00,0.00,0.00,0.00,0.00,0.00,0.00,0.00
,Heat Rejection,0.00,0.00,0.00,0.00,0.00,0.00,0.00,0.00,0.00,0.00,0.00,0.00
,Humidification,0.00,0.00,0.00,0.00,0.00,0.00,0.00,0.00,0.00,0.00,0.00,0.00
,Heat Recovery,0.00,0.00,0.00,0.00,0.00,0.00,0.00,0.00,0.00,0.00,0.00,0.00
,Water Systems,173010.89,0.00,0.00,0.00,0.00,0.00,0.00,0.00,0.00,0.00,0.00,0.00
,Refrigeration,0.00,0.00,0.00,0.00,0.00,0.00,0.00,0.00,0.00,0.00,0.00,0.00
,Generators,0.00,0.00,0.00,0.00,0.00,0.00,0.00,0.00,0.00,0.00,0.00,0.00
,,,,,,,,,,,,,
,Total Source Energy End Use Components,709995.80,0.00,0.00,0.00,0.00,0.00,0.00,0.00,0.00,0.00,0.00,0.00


Normalized Metrics
Source Energy End Use Components Per Conditioned Floor Area

,,Source Electricity [kBtu/ft2],Source Natural Gas [kBtu/ft2],Source Gasoline [kBtu/ft2],Source Diesel [kBtu/ft2],Source Coal [kBtu/ft2],Source Fuel Oil No 1 [kBtu/ft2],Source Fuel Oil No 2 [kBtu/ft2],Source Propane [kBtu/ft2],Source Other Fuel 1 [kBtu/ft2],Source Other Fuel 2 [kBtu/ft2],Source District Cooling [kBtu/ft2],Source District Heating [kBtu/ft2]
,Heating,11.69,0.00,0.00,0.00,0.00,0.00,0.00,0.00,0.00,0.00,0.00,0.00
,Cooling,0.01,0.00,0.00,0.00,0.00,0.00,0.00,0.00,0.00,0.00,0.00,0.00
,Interior Lighting,1.40,0.00,0.00,0.00,0.00,0.00,0.00,0.00,0.00,0.00,0.00,0.00
,Exterior Lighting,0.68,0.00,0.00,0.00,0.00,0.00,0.00,0.00,0.00,0.00,0.00,0.00
,Interior Equipment,10.83,0.00,0.00,0.00,0.00,0.00,0.00,0.00,0.00,0.00,0.00,0.00
,Exterior Equipment,0.00,0.00,0.00,0.00,0.00,0.00,0.00,0.00,0.00,0.00,0.00,0.00
,Fans,0.25,0.00,0.00,0.00,0.00,0.00,0.00,0.00,0.00,0.00,0.00,0.00
,Pumps,0.00,0.00,0.00,0.00,0.00,0.00,0.00,0.00,0.00,0.00,0.00,0.00
,Heat Rejection,0.00,0.00,0.00,0.00,0.00,0.00,0.00,0.00,0.00,0.00,0.00,0.00
,Humidification,0.00,0.00,0.00,0.00,0.00,0.00,0.00,0.00,0.00,0.00,0.00,0.00
,Heat Recovery,0.00,0.00,0.00,0.00,0.00,0.00,0.00,0.00,0.00,0.00,0.00,0.00
,Water Systems,8.01,0.00,0.00,0.00,0.00,0.00,0.00,0.00,0.00,0.00,0.00,0.00
,Refrigeration,0.00,0.00,0.00,0.00,0.00,0.00,0.00,0.00,0.00,0.00,0.00,0.00
,Generators,0.00,0.00,0.00,0.00,0.00,0.00,0.00,0.00,0.00,0.00,0.00,0.00
,,,,,,,,,,,,,
,Total Source Energy End Use Components,32.86,0.00,0.00,0.00,0.00,0.00,0.00,0.00,0.00,0.00,0.00,0.00


Source Energy End Use Components Per Total Floor Area

,,Source Electricity [kBtu/ft2],Source Natural Gas [kBtu/ft2],Source Gasoline [kBtu/ft2],Source Diesel [kBtu/ft2],Source Coal [kBtu/ft2],Source Fuel Oil No 1 [kBtu/ft2],Source Fuel Oil No 2 [kBtu/ft2],Source Propane [kBtu/ft2],Source Other Fuel 1 [kBtu/ft2],Source Other Fuel 2 [kBtu/ft2],Source District Cooling [kBtu/ft2],Source District Heating [kBtu/ft2]
,Heating,6.47,0.00,0.00,0.00,0.00,0.00,0.00,0.00,0.00,0.00,0.00,0.00
,Cooling,0.00,0.00,0.00,0.00,0.00,0.00,0.00,0.00,0.00,0.00,0.00,0.00
,Interior Lighting,0.77,0.00,0.00,0.00,0.00,0.00,0.00,0.00,0.00,0.00,0.00,0.00
,Exterior Lighting,0.38,0.00,0.00,0.00,0.00,0.00,0.00,0.00,0.00,0.00,0.00,0.00
,Interior Equipment,6.00,0.00,0.00,0.00,0.00,0.00,0.00,0.00,0.00,0.00,0.00,0.00
,Exterior Equipment,0.00,0.00,0.00,0.00,0.00,0.00,0.00,0.00,0.00,0.00,0.00,0.00
,Fans,0.14,0.00,0.00,0.00,0.00,0.00,0.00,0.00,0.00,0.00,0.00,0.00
,Pumps,0.00,0.00,0.00,0.00,0.00,0.00,0.00,0.00,0.00,0.00,0.00,0.00
,Heat Rejection,0.00,0.00,0.00,0.00,0.00,0.00,0.00,0.00,0.00,0.00,0.00,0.00
,Humidification,0.00,0.00,0.00,0.00,0.00,0.00,0.00,0.00,0.00,0.00,0.00,0.00
,Heat Recovery,0.00,0.00,0.00,0.00,0.00,0.00,0.00,0.00,0.00,0.00,0.00,0.00
,Water Systems,4.44,0.00,0.00,0.00,0.00,0.00,0.00,0.00,0.00,0.00,0.00,0.00
,Refrigeration,0.00,0.00,0.00,0.00,0.00,0.00,0.00,0.00,0.00,0.00,0.00,0.00
,Generators,0.00,0.00,0.00,0.00,0.00,0.00,0.00,0.00,0.00,0.00,0.00,0.00
,,,,,,,,,,,,,
,Total Source Energy End Use Components,18.20,0.00,0.00,0.00,0.00,0.00,0.00,0.00,0.00,0.00,0.00,0.00


----------------------------------------------------------------------------------------------------
REPORT:,Component Sizing Summary
FOR:,Entire Facility
ZoneHVAC:EnergyRecoveryVentilator

,,User-Specified Supply Air Flow Rate [ft3/min],User-Specified Exhaust Air Flow Rate [ft3/min]
,ERV_UNIT1_FRONTROW_BOTTOMFLOOR,44.99,44.99
,ERV_UNIT2_FRONTROW_BOTTOMFLOOR,44.99,44.99
,ERV_UNIT3_FRONTROW_BOTTOMFLOOR,44.99,44.99
,ERV_UNIT1_BACKROW_BOTTOMFLOOR,44.99,44.99
,ERV_UNIT2_BACKROW_BOTTOMFLOOR,44.99,44.99
,ERV_UNIT3_BACKROW_BOTTOMFLOOR,44.99,44.99
,ERV_UNIT1_FRONTROW_MIDDLEFLOOR,44.99,44.99
,ERV_UNIT2_FRONTROW_MIDDLEFLOOR,44.99,44.99
,ERV_UNIT3_FRONTROW_MIDDLEFLOOR,44.99,44.99
,ERV_UNIT1_BACKROW_MIDDLEFLOOR,44.99,44.99
,ERV_UNIT2_BACKROW_MIDDLEFLOOR,44.99,44.99
,ERV_UNIT3_BACKROW_MIDDLEFLOOR,44.99,44.99
,ERV_UNIT3_BACKROW_TOPFLOOR,44.99,44.99
,ERV_UNIT3_FRONTROW_TOPFLOOR,44.99,44.99
,ERV_UNIT1_FRONTROW_TOPFLOOR,44.99,44.99
,ERV_UNIT2_BACKROW_TOPFLOOR,44.99,44.99
,ERV_UNIT2_FRONTROW_TOPFLOOR,44.99,44.99
,ERV_UNIT1_BACKROW_TOPFLOOR,44.99,44.99
User-Specified values were used. Design Size values were used if no User-Specified values were provided.


Fan:OnOff

,,User-Specified Maximum Flow Rate [ft3/min],Design Size Maximum Flow Rate [ft3/min]
,OASUPPLYFAN_UNIT1_FRONTROW_BOTTOMFLOOR,44.99,
,OAEXHAUSTFAN_UNIT1_FRONTROW_BOTTOMFLOOR,44.99,
,OASUPPLYFAN_UNIT2_FRONTROW_BOTTOMFLOOR,44.99,
,OAEXHAUSTFAN_UNIT2_FRONTROW_BOTTOMFLOOR,44.99,
,OASUPPLYFAN_UNIT3_FRONTROW_BOTTOMFLOOR,44.99,
,OAEXHAUSTFAN_UNIT3_FRONTROW_BOTTOMFLOOR,44.99,
,OASUPPLYFAN_UNIT1_BACKROW_BOTTOMFLOOR,44.99,
,OAEXHAUSTFAN_UNIT1_BACKROW_BOTTOMFLOOR,44.99,
,OASUPPLYFAN_UNIT2_BACKROW_BOTTOMFLOOR,44.99,
,OAEXHAUSTFAN_UNIT2_BACKROW_BOTTOMFLOOR,44.99,
,OASUPPLYFAN_UNIT3_BACKROW_BOTTOMFLOOR,44.99,
,OAEXHAUSTFAN_UNIT3_BACKROW_BOTTOMFLOOR,44.99,
,OASUPPLYFAN_UNIT1_FRONTROW_MIDDLEFLOOR,44.99,
,OAEXHAUSTFAN_UNIT1_FRONTROW_MIDDLEFLOOR,44.99,
,OASUPPLYFAN_UNIT2_FRONTROW_MIDDLEFLOOR,44.99,
,OAEXHAUSTFAN_UNIT2_FRONTROW_MIDDLEFLOOR,44.99,
,OASUPPLYFAN_UNIT3_FRONTROW_MIDDLEFLOOR,44.99,
,OAEXHAUSTFAN_UNIT3_FRONTROW_MIDDLEFLOOR,44.99,
,OASUPPLYFAN_UNIT1_BACKROW_MIDDLEFLOOR,44.99,
,OAEXHAUSTFAN_UNIT1_BACKROW_MIDDLEFLOOR,44.99,
,OASUPPLYFAN_UNIT2_BACKROW_MIDDLEFLOOR,44.99,
,OAEXHAUSTFAN_UNIT2_BACKROW_MIDDLEFLOOR,44.99,
,OASUPPLYFAN_UNIT3_BACKROW_MIDDLEFLOOR,44.99,
,OAEXHAUSTFAN_UNIT3_BACKROW_MIDDLEFLOOR,44.99,
,OASUPPLYFAN_UNIT3_BACKROW_TOPFLOOR,44.99,
,OAEXHAUSTFAN_UNIT3_BACKROW_TOPFLOOR,44.99,
,OASUPPLYFAN_UNIT3_FRONTROW_TOPFLOOR,44.99,
,OAEXHAUSTFAN_UNIT3_FRONTROW_TOPFLOOR,44.99,
,OASUPPLYFAN_UNIT1_FRONTROW_TOPFLOOR,44.99,
,OAEXHAUSTFAN_UNIT1_FRONTROW_TOPFLOOR,44.99,
,OASUPPLYFAN_UNIT2_BACKROW_TOPFLOOR,44.99,
,OAEXHAUSTFAN_UNIT2_BACKROW_TOPFLOOR,44.99,
,OASUPPLYFAN_UNIT2_FRONTROW_TOPFLOOR,44.99,
,OAEXHAUSTFAN_UNIT2_FRONTROW_TOPFLOOR,44.99,
,OASUPPLYFAN_UNIT1_BACKROW_TOPFLOOR,44.99,
,OAEXHAUSTFAN_UNIT1_BACKROW_TOPFLOOR,44.99,
,SUPPLY FAN_UNIT1_FRONTROW_BOTTOMFLOOR,,168.30
,SUPPLY FAN_UNIT2_FRONTROW_BOTTOMFLOOR,,120.49
,SUPPLY FAN_UNIT3_FRONTROW_BOTTOMFLOOR,,168.11
,SUPPLY FAN_UNIT1_BACKROW_BOTTOMFLOOR,,168.28
,SUPPLY FAN_UNIT2_BACKROW_BOTTOMFLOOR,,120.42
,SUPPLY FAN_UNIT3_BACKROW_BOTTOMFLOOR,,167.99
,SUPPLY FAN_UNIT1_FRONTROW_MIDDLEFLOOR,,118.36
,SUPPLY FAN_UNIT2_FRONTROW_MIDDLEFLOOR,,70.89
,SUPPLY FAN_UNIT3_FRONTROW_MIDDLEFLOOR,,118.06
,SUPPLY FAN_UNIT1_BACKROW_MIDDLEFLOOR,,118.31
,SUPPLY FAN_UNIT2_BACKROW_MIDDLEFLOOR,,70.80
,SUPPLY FAN_UNIT3_BACKROW_MIDDLEFLOOR,,117.93
,SUPPLY FAN_UNIT1_FRONTROW_TOPFLOOR,,171.52
,SUPPLY FAN_UNIT2_FRONTROW_TOPFLOOR,,123.84
,SUPPLY FAN_UNIT3_FRONTROW_TOPFLOOR,,171.15
,SUPPLY FAN_UNIT1_BACKROW_TOPFLOOR,,171.39
,SUPPLY FAN_UNIT2_BACKROW_TOPFLOOR,,123.69
,SUPPLY FAN_UNIT3_BACKROW_TOPFLOOR,,170.96
,HEAT PUMP WATER HEATER FAN_UNIT1_FRONTROW_BOTTOMFLOOR,,160.01
,HEAT PUMP WATER HEATER FAN_UNIT2_FRONTROW_BOTTOMFLOOR,,160.01
,HEAT PUMP WATER HEATER FAN_UNIT3_FRONTROW_BOTTOMFLOOR,,160.01
,HEAT PUMP WATER HEATER FAN_UNIT1_BACKROW_BOTTOMFLOOR,,160.01
,HEAT PUMP WATER HEATER FAN_UNIT2_BACKROW_BOTTOMFLOOR,,160.01
,HEAT PUMP WATER HEATER FAN_UNIT3_BACKROW_BOTTOMFLOOR,,160.01
,HEAT PUMP WATER HEATER FAN_UNIT1_FRONTROW_MIDDLEFLOOR,,160.01
,HEAT PUMP WATER HEATER FAN_UNIT2_FRONTROW_MIDDLEFLOOR,,160.01
,HEAT PUMP WATER HEATER FAN_UNIT3_FRONTROW_MIDDLEFLOOR,,160.01
,HEAT PUMP WATER HEATER FAN_UNIT1_BACKROW_MIDDLEFLOOR,,160.01
,HEAT PUMP WATER HEATER FAN_UNIT2_BACKROW_MIDDLEFLOOR,,160.01
,HEAT PUMP WATER HEATER FAN_UNIT3_BACKROW_MIDDLEFLOOR,,160.01
,HEAT PUMP WATER HEATER FAN_UNIT1_FRONTROW_TOPFLOOR,,160.01
,HEAT PUMP WATER HEATER FAN_UNIT2_FRONTROW_TOPFLOOR,,160.01
,HEAT PUMP WATER HEATER FAN_UNIT3_FRONTROW_TOPFLOOR,,160.01
,HEAT PUMP WATER HEATER FAN_UNIT1_BACKROW_TOPFLOOR,,160.01
,HEAT PUMP WATER HEATER FAN_UNIT2_BACKROW_TOPFLOOR,,160.01
,HEAT PUMP WATER HEATER FAN_UNIT3_BACKROW_TOPFLOOR,,160.01
User-Specified values were used. Design Size values were used if no User-Specified values were provided.


HeatExchanger:AirToAir:SensibleAndLatent

,,User-Specified Nominal Supply Air Flow Rate [ft3/min]
,OA_HEAT_RECOVERY_UNIT1_FRONTROW_BOTTOMFLOOR,44.99
,OA_HEAT_RECOVERY_UNIT2_FRONTROW_BOTTOMFLOOR,44.99
,OA_HEAT_RECOVERY_UNIT3_FRONTROW_BOTTOMFLOOR,44.99
,OA_HEAT_RECOVERY_UNIT1_BACKROW_BOTTOMFLOOR,44.99
,OA_HEAT_RECOVERY_UNIT2_BACKROW_BOTTOMFLOOR,44.99
,OA_HEAT_RECOVERY_UNIT3_BACKROW_BOTTOMFLOOR,44.99
,OA_HEAT_RECOVERY_UNIT1_FRONTROW_MIDDLEFLOOR,44.99
,OA_HEAT_RECOVERY_UNIT2_FRONTROW_MIDDLEFLOOR,44.99
,OA_HEAT_RECOVERY_UNIT3_FRONTROW_MIDDLEFLOOR,44.99
,OA_HEAT_RECOVERY_UNIT1_BACKROW_MIDDLEFLOOR,44.99
,OA_HEAT_RECOVERY_UNIT2_BACKROW_MIDDLEFLOOR,44.99
,OA_HEAT_RECOVERY_UNIT3_BACKROW_MIDDLEFLOOR,44.99
,OA_HEAT_RECOVERY_UNIT3_BACKROW_TOPFLOOR,44.99
,OA_HEAT_RECOVERY_UNIT3_FRONTROW_TOPFLOOR,44.99
,OA_HEAT_RECOVERY_UNIT1_FRONTROW_TOPFLOOR,44.99
,OA_HEAT_RECOVERY_UNIT2_BACKROW_TOPFLOOR,44.99
,OA_HEAT_RECOVERY_UNIT2_FRONTROW_TOPFLOOR,44.99
,OA_HEAT_RECOVERY_UNIT1_BACKROW_TOPFLOOR,44.99
User-Specified values were used. Design Size values were used if no User-Specified values were provided.


AirTerminal:SingleDuct:ConstantVolume:NoReheat

,,Design Size Maximum Air Flow Rate [ft3/min]
,ZONEDIRECTAIR_UNIT1_FRONTROW_BOTTOMFLOOR,168.30
,ZONEDIRECTAIR_UNIT2_FRONTROW_BOTTOMFLOOR,120.49
,ZONEDIRECTAIR_UNIT3_FRONTROW_BOTTOMFLOOR,168.11
,ZONEDIRECTAIR_UNIT1_BACKROW_BOTTOMFLOOR,168.28
,ZONEDIRECTAIR_UNIT2_BACKROW_BOTTOMFLOOR,120.42
,ZONEDIRECTAIR_UNIT3_BACKROW_BOTTOMFLOOR,167.99
,ZONEDIRECTAIR_UNIT1_FRONTROW_MIDDLEFLOOR,118.36
,ZONEDIRECTAIR_UNIT2_FRONTROW_MIDDLEFLOOR,70.89
,ZONEDIRECTAIR_UNIT3_FRONTROW_MIDDLEFLOOR,118.06
,ZONEDIRECTAIR_UNIT1_BACKROW_MIDDLEFLOOR,118.31
,ZONEDIRECTAIR_UNIT2_BACKROW_MIDDLEFLOOR,70.80
,ZONEDIRECTAIR_UNIT3_BACKROW_MIDDLEFLOOR,117.93
,ZONEDIRECTAIR_UNIT3_BACKROW_TOPFLOOR,170.96
,ZONEDIRECTAIR_UNIT3_FRONTROW_TOPFLOOR,171.15
,ZONEDIRECTAIR_UNIT1_FRONTROW_TOPFLOOR,171.52
,ZONEDIRECTAIR_UNIT2_BACKROW_TOPFLOOR,123.69
,ZONEDIRECTAIR_UNIT2_FRONTROW_TOPFLOOR,123.84
,ZONEDIRECTAIR_UNIT1_BACKROW_TOPFLOOR,171.39
User-Specified values were used. Design Size values were used if no User-Specified values were provided.


AirLoopHVAC

,,Sum of Air Terminal Maximum Heating Flow Rates [ft3/min],Sum of Air Terminal Minimum Heating Flow Rates [ft3/min],Sum of Air Terminal Maximum Flow Rates [ft3/min],Adjusted Heating Design Air Flow Rate [ft3/min],Adjusted Cooling Design Air Flow Rate [ft3/min],Adjusted Main Design Air Flow Rate [ft3/min],User Heating Air Flow Ratio [],Calculated Heating Air Flow Ratio [],Design Supply Air Flow Rate [ft3/min]
,CENTRAL SYSTEM_UNIT1_FRONTROW_BOTTOMFLOOR,168.30,168.30,168.30,168.30,168.30,168.30,1.00,1.00,168.30
,CENTRAL SYSTEM_UNIT2_FRONTROW_BOTTOMFLOOR,120.49,120.49,120.49,120.49,120.49,120.49,1.00,1.00,120.49
,CENTRAL SYSTEM_UNIT3_FRONTROW_BOTTOMFLOOR,168.11,168.11,168.11,168.11,168.11,168.11,1.00,1.00,168.11
,CENTRAL SYSTEM_UNIT1_BACKROW_BOTTOMFLOOR,168.28,168.28,168.28,168.28,168.28,168.28,1.00,1.00,168.28
,CENTRAL SYSTEM_UNIT2_BACKROW_BOTTOMFLOOR,120.42,120.42,120.42,120.42,120.42,120.42,1.00,1.00,120.42
,CENTRAL SYSTEM_UNIT3_BACKROW_BOTTOMFLOOR,167.99,167.99,167.99,167.99,167.99,167.99,1.00,1.00,167.99
,CENTRAL SYSTEM_UNIT1_FRONTROW_MIDDLEFLOOR,118.36,118.36,118.36,118.36,118.36,118.36,1.00,1.00,118.36
,CENTRAL SYSTEM_UNIT2_FRONTROW_MIDDLEFLOOR,70.89,70.89,70.89,70.89,70.89,70.89,1.00,1.00,70.89
,CENTRAL SYSTEM_UNIT3_FRONTROW_MIDDLEFLOOR,118.06,118.06,118.06,118.06,118.06,118.06,1.00,1.00,118.06
,CENTRAL SYSTEM_UNIT1_BACKROW_MIDDLEFLOOR,118.31,118.31,118.31,118.31,118.31,118.31,1.00,1.00,118.31
,CENTRAL SYSTEM_UNIT2_BACKROW_MIDDLEFLOOR,70.80,70.80,70.80,70.80,70.80,70.80,1.00,1.00,70.80
,CENTRAL SYSTEM_UNIT3_BACKROW_MIDDLEFLOOR,117.93,117.93,117.93,117.93,117.93,117.93,1.00,1.00,117.93
,CENTRAL SYSTEM_UNIT1_FRONTROW_TOPFLOOR,171.52,171.52,171.52,171.52,171.52,171.52,1.00,1.00,171.52
,CENTRAL SYSTEM_UNIT2_FRONTROW_TOPFLOOR,123.84,123.84,123.84,123.84,123.84,123.84,1.00,1.00,123.84
,CENTRAL SYSTEM_UNIT3_FRONTROW_TOPFLOOR,171.15,171.15,171.15,171.15,171.15,171.15,1.00,1.00,171.15
,CENTRAL SYSTEM_UNIT1_BACKROW_TOPFLOOR,171.39,171.39,171.39,171.39,171.39,171.39,1.00,1.00,171.39
,CENTRAL SYSTEM_UNIT2_BACKROW_TOPFLOOR,123.69,123.69,123.69,123.69,123.69,123.69,1.00,1.00,123.69
,CENTRAL SYSTEM_UNIT3_BACKROW_TOPFLOOR,170.96,170.96,170.96,170.96,170.96,170.96,1.00,1.00,170.96
User-Specified values were used. Design Size values were used if no User-Specified values were provided.


Coil:Cooling:DX:SingleSpeed

,,Design Size Rated Air Flow Rate [ft3/min],Design Size Gross Rated Total Cooling Capacity [ton],Design Size Gross Rated Sensible Heat Ratio
,DX COOLING COIL_UNIT1_FRONTROW_BOTTOMFLOOR,168.30,0.373887,0.800655
,DX COOLING COIL_UNIT2_FRONTROW_BOTTOMFLOOR,120.49,0.267673,0.800655
,DX COOLING COIL_UNIT3_FRONTROW_BOTTOMFLOOR,168.11,0.373463,0.800655
,DX COOLING COIL_UNIT1_BACKROW_BOTTOMFLOOR,168.28,0.373846,0.800655
,DX COOLING COIL_UNIT2_BACKROW_BOTTOMFLOOR,120.42,0.267530,0.800655
,DX COOLING COIL_UNIT3_BACKROW_BOTTOMFLOOR,167.99,0.373213,0.800655
,DX COOLING COIL_UNIT1_FRONTROW_MIDDLEFLOOR,118.36,0.262955,0.800655
,DX COOLING COIL_UNIT2_FRONTROW_MIDDLEFLOOR,70.89,0.157488,0.800655
,DX COOLING COIL_UNIT3_FRONTROW_MIDDLEFLOOR,118.06,0.262285,0.800655
,DX COOLING COIL_UNIT1_BACKROW_MIDDLEFLOOR,118.31,0.262843,0.800655
,DX COOLING COIL_UNIT2_BACKROW_MIDDLEFLOOR,70.80,0.157287,0.800655
,DX COOLING COIL_UNIT3_BACKROW_MIDDLEFLOOR,117.93,0.261985,0.800655
,DX COOLING COIL_UNIT1_FRONTROW_TOPFLOOR,171.52,0.381035,0.800655
,DX COOLING COIL_UNIT2_FRONTROW_TOPFLOOR,123.84,0.275128,0.800655
,DX COOLING COIL_UNIT3_FRONTROW_TOPFLOOR,171.15,0.380216,0.800655
,DX COOLING COIL_UNIT1_BACKROW_TOPFLOOR,171.39,0.380753,0.800655
,DX COOLING COIL_UNIT2_BACKROW_TOPFLOOR,123.69,0.274783,0.800655
,DX COOLING COIL_UNIT3_BACKROW_TOPFLOOR,170.96,0.379801,0.800655
User-Specified values were used. Design Size values were used if no User-Specified values were provided.


AirLoopHVAC:UnitaryHeatCool

,,Supply Air Flow Rate [ft3/min],Supply Air Flow Rate During Heating Operation [ft3/min],Supply Air Flow Rate During Cooling Operation [ft3/min],Nominal Heating Capacity [Btu/h],Nominal Cooling Capacity [ton],Fraction of Supply Air Flow That Goes Through the Controlling Zone
,ACANDF_UNIT1_FRONTROW_BOTTOMFLOOR,168.30,168.30,168.30,12943.41,0.373887,1.00
,ACANDF_UNIT2_FRONTROW_BOTTOMFLOOR,120.49,120.49,120.49,,0.267673,1.00
,ACANDF_UNIT3_FRONTROW_BOTTOMFLOOR,168.11,168.11,168.11,12933.12,0.373463,1.00
,ACANDF_UNIT1_BACKROW_BOTTOMFLOOR,168.28,168.28,168.28,12942.43,0.373846,1.00
,ACANDF_UNIT2_BACKROW_BOTTOMFLOOR,120.42,120.42,120.42,10362.21,0.267530,1.00
,ACANDF_UNIT3_BACKROW_BOTTOMFLOOR,167.99,167.99,167.99,12927.06,0.373213,1.00
,ACANDF_UNIT1_FRONTROW_MIDDLEFLOOR,118.36,118.36,118.36,10250.88,0.262955,1.00
,ACANDF_UNIT2_FRONTROW_MIDDLEFLOOR,70.89,70.89,70.89,7691.58,0.157488,1.00
,ACANDF_UNIT3_FRONTROW_MIDDLEFLOOR,118.06,118.06,118.06,10234.63,0.262285,1.00
,ACANDF_UNIT1_BACKROW_MIDDLEFLOOR,118.31,118.31,118.31,10248.15,0.262843,1.00
,ACANDF_UNIT2_BACKROW_MIDDLEFLOOR,70.80,70.80,70.80,7686.69,0.157287,1.00
,ACANDF_UNIT3_BACKROW_MIDDLEFLOOR,117.93,117.93,117.93,10227.35,0.261985,1.00
,ACANDF_UNIT1_FRONTROW_TOPFLOOR,171.52,171.52,171.52,13116.88,0.381035,1.00
,ACANDF_UNIT2_FRONTROW_TOPFLOOR,123.84,123.84,123.84,10546.59,0.275128,1.00
,ACANDF_UNIT3_FRONTROW_TOPFLOOR,171.15,171.15,171.15,13097.01,0.380216,1.00
,ACANDF_UNIT1_BACKROW_TOPFLOOR,171.39,171.39,171.39,13110.05,0.380753,1.00
,ACANDF_UNIT2_BACKROW_TOPFLOOR,123.69,123.69,123.69,10538.21,0.274783,1.00
,ACANDF_UNIT3_BACKROW_TOPFLOOR,170.96,170.96,170.96,13086.94,0.379801,1.00
User-Specified values were used. Design Size values were used if no User-Specified values were provided.


Coil:Heating:Electric

,,Design Size Nominal Capacity [Btu/h],User-Specified Nominal Capacity [Btu/h]
,MAIN ELECTRIC HEATING COIL_UNIT1_FRONTROW_BOTTOMFLOOR,12943.41,
,MAIN ELECTRIC HEATING COIL_UNIT2_FRONTROW_BOTTOMFLOOR,,13648.00
,MAIN ELECTRIC HEATING COIL_UNIT3_FRONTROW_BOTTOMFLOOR,12933.12,
,MAIN ELECTRIC HEATING COIL_UNIT1_BACKROW_BOTTOMFLOOR,12942.43,
,MAIN ELECTRIC HEATING COIL_UNIT2_BACKROW_BOTTOMFLOOR,10362.21,
,MAIN ELECTRIC HEATING COIL_UNIT3_BACKROW_BOTTOMFLOOR,12927.06,
,MAIN ELECTRIC HEATING COIL_UNIT1_FRONTROW_MIDDLEFLOOR,10250.88,
,MAIN ELECTRIC HEATING COIL_UNIT2_FRONTROW_MIDDLEFLOOR,7691.58,
,MAIN ELECTRIC HEATING COIL_UNIT3_FRONTROW_MIDDLEFLOOR,10234.63,
,MAIN ELECTRIC HEATING COIL_UNIT1_BACKROW_MIDDLEFLOOR,10248.15,
,MAIN ELECTRIC HEATING COIL_UNIT2_BACKROW_MIDDLEFLOOR,7686.69,
,MAIN ELECTRIC HEATING COIL_UNIT3_BACKROW_MIDDLEFLOOR,10227.35,
,MAIN ELECTRIC HEATING COIL_UNIT1_FRONTROW_TOPFLOOR,13116.88,
,MAIN ELECTRIC HEATING COIL_UNIT2_FRONTROW_TOPFLOOR,10546.59,
,MAIN ELECTRIC HEATING COIL_UNIT3_FRONTROW_TOPFLOOR,13097.01,
,MAIN ELECTRIC HEATING COIL_UNIT1_BACKROW_TOPFLOOR,13110.05,
,MAIN ELECTRIC HEATING COIL_UNIT2_BACKROW_TOPFLOOR,10538.21,
,MAIN ELECTRIC HEATING COIL_UNIT3_BACKROW_TOPFLOOR,13086.94,
User-Specified values were used. Design Size values were used if no User-Specified values were provided.


WaterHeater:HeatPump:WrappedCondenser

,,Evaporator air flow rate [ft3/min]
,WATER HEATER_UNIT1_FRONTROW_BOTTOMFLOOR,160.01
,WATER HEATER_UNIT2_FRONTROW_BOTTOMFLOOR,160.01
,WATER HEATER_UNIT3_FRONTROW_BOTTOMFLOOR,160.01
,WATER HEATER_UNIT1_BACKROW_BOTTOMFLOOR,160.01
,WATER HEATER_UNIT2_BACKROW_BOTTOMFLOOR,160.01
,WATER HEATER_UNIT3_BACKROW_BOTTOMFLOOR,160.01
,WATER HEATER_UNIT1_FRONTROW_MIDDLEFLOOR,160.01
,WATER HEATER_UNIT2_FRONTROW_MIDDLEFLOOR,160.01
,WATER HEATER_UNIT3_FRONTROW_MIDDLEFLOOR,160.01
,WATER HEATER_UNIT1_BACKROW_MIDDLEFLOOR,160.01
,WATER HEATER_UNIT2_BACKROW_MIDDLEFLOOR,160.01
,WATER HEATER_UNIT3_BACKROW_MIDDLEFLOOR,160.01
,WATER HEATER_UNIT1_FRONTROW_TOPFLOOR,160.01
,WATER HEATER_UNIT2_FRONTROW_TOPFLOOR,160.01
,WATER HEATER_UNIT3_FRONTROW_TOPFLOOR,160.01
,WATER HEATER_UNIT1_BACKROW_TOPFLOOR,160.01
,WATER HEATER_UNIT2_BACKROW_TOPFLOOR,160.01
,WATER HEATER_UNIT3_BACKROW_TOPFLOOR,160.01
User-Specified values were used. Design Size values were used if no User-Specified values were provided.


PlantLoop

,,Maximum Loop Flow Rate [ft3/min],Plant Loop Volume [ft3]
,DHW LOOP_UNIT1_FRONTROW_BOTTOMFLOOR,1.04,2.09
,DHW LOOP_UNIT2_FRONTROW_BOTTOMFLOOR,1.04,2.09
,DHW LOOP_UNIT3_FRONTROW_BOTTOMFLOOR,1.04,2.09
,DHW LOOP_UNIT1_BACKROW_BOTTOMFLOOR,1.04,2.09
,DHW LOOP_UNIT2_BACKROW_BOTTOMFLOOR,1.04,2.09
,DHW LOOP_UNIT3_BACKROW_BOTTOMFLOOR,1.04,2.09
,DHW LOOP_UNIT1_FRONTROW_MIDDLEFLOOR,1.04,2.09
,DHW LOOP_UNIT2_FRONTROW_MIDDLEFLOOR,1.04,2.09
,DHW LOOP_UNIT3_FRONTROW_MIDDLEFLOOR,1.04,2.09
,DHW LOOP_UNIT1_BACKROW_MIDDLEFLOOR,1.04,2.09
,DHW LOOP_UNIT2_BACKROW_MIDDLEFLOOR,1.04,2.09
,DHW LOOP_UNIT3_BACKROW_MIDDLEFLOOR,1.04,2.09
,DHW LOOP_UNIT1_FRONTROW_TOPFLOOR,1.04,2.09
,DHW LOOP_UNIT2_FRONTROW_TOPFLOOR,1.04,2.09
,DHW LOOP_UNIT3_FRONTROW_TOPFLOOR,1.04,2.09
,DHW LOOP_UNIT1_BACKROW_TOPFLOOR,1.04,2.09
,DHW LOOP_UNIT2_BACKROW_TOPFLOOR,1.04,2.09
,DHW LOOP_UNIT3_BACKROW_TOPFLOOR,1.04,2.09
User-Specified values were used. Design Size values were used if no User-Specified values were provided.


Pump:VariableSpeed

,,Design Flow Rate [ft3/min]
,MAINS PRESSURE_UNIT1_FRONTROW_BOTTOMFLOOR,1.04
,MAINS PRESSURE_UNIT2_FRONTROW_BOTTOMFLOOR,1.04
,MAINS PRESSURE_UNIT3_FRONTROW_BOTTOMFLOOR,1.04
,MAINS PRESSURE_UNIT1_BACKROW_BOTTOMFLOOR,1.04
,MAINS PRESSURE_UNIT2_BACKROW_BOTTOMFLOOR,1.04
,MAINS PRESSURE_UNIT3_BACKROW_BOTTOMFLOOR,1.04
,MAINS PRESSURE_UNIT1_FRONTROW_MIDDLEFLOOR,1.04
,MAINS PRESSURE_UNIT2_FRONTROW_MIDDLEFLOOR,1.04
,MAINS PRESSURE_UNIT3_FRONTROW_MIDDLEFLOOR,1.04
,MAINS PRESSURE_UNIT1_BACKROW_MIDDLEFLOOR,1.04
,MAINS PRESSURE_UNIT2_BACKROW_MIDDLEFLOOR,1.04
,MAINS PRESSURE_UNIT3_BACKROW_MIDDLEFLOOR,1.04
,MAINS PRESSURE_UNIT1_FRONTROW_TOPFLOOR,1.04
,MAINS PRESSURE_UNIT2_FRONTROW_TOPFLOOR,1.04
,MAINS PRESSURE_UNIT3_FRONTROW_TOPFLOOR,1.04
,MAINS PRESSURE_UNIT1_BACKROW_TOPFLOOR,1.04
,MAINS PRESSURE_UNIT2_BACKROW_TOPFLOOR,1.04
,MAINS PRESSURE_UNIT3_BACKROW_TOPFLOOR,1.04
User-Specified values were used. Design Size values were used if no User-Specified values were provided.


WaterHeater:Stratified

,,Maximum Heater Capacity [Btu/h],Use Side Design Flow Rate [ft3/min]
,WATER HEATER_TANK_UNIT1_FRONTROW_BOTTOMFLOOR,15354.00,1.04
,WATER HEATER_TANK_UNIT2_FRONTROW_BOTTOMFLOOR,15354.00,1.04
,WATER HEATER_TANK_UNIT3_FRONTROW_BOTTOMFLOOR,15354.00,1.04
,WATER HEATER_TANK_UNIT1_BACKROW_BOTTOMFLOOR,15354.00,1.04
,WATER HEATER_TANK_UNIT2_BACKROW_BOTTOMFLOOR,15354.00,1.04
,WATER HEATER_TANK_UNIT3_BACKROW_BOTTOMFLOOR,15354.00,1.04
,WATER HEATER_TANK_UNIT1_FRONTROW_MIDDLEFLOOR,15354.00,1.04
,WATER HEATER_TANK_UNIT2_FRONTROW_MIDDLEFLOOR,15354.00,1.04
,WATER HEATER_TANK_UNIT3_FRONTROW_MIDDLEFLOOR,15354.00,1.04
,WATER HEATER_TANK_UNIT1_BACKROW_MIDDLEFLOOR,15354.00,1.04
,WATER HEATER_TANK_UNIT2_BACKROW_MIDDLEFLOOR,15354.00,1.04
,WATER HEATER_TANK_UNIT3_BACKROW_MIDDLEFLOOR,15354.00,1.04
,WATER HEATER_TANK_UNIT1_FRONTROW_TOPFLOOR,15354.00,1.04
,WATER HEATER_TANK_UNIT2_FRONTROW_TOPFLOOR,15354.00,1.04
,WATER HEATER_TANK_UNIT3_FRONTROW_TOPFLOOR,15354.00,1.04
,WATER HEATER_TANK_UNIT1_BACKROW_TOPFLOOR,15354.00,1.04
,WATER HEATER_TANK_UNIT2_BACKROW_TOPFLOOR,15354.00,1.04
,WATER HEATER_TANK_UNIT3_BACKROW_TOPFLOOR,15354.00,1.04
User-Specified values were used. Design Size values were used if no User-Specified values were provided.


----------------------------------------------------------------------------------------------------
REPORT:,Surface Shadowing Summary
FOR:,Entire Facility
Surfaces (Walls, Roofs, etc) that may be Shadowed by Other Surfaces

,,Possible Shadow Receivers
,OVERHANG_LDF_UNIT1_FRONTROW_BOTTOMFLOOR,WALL_LDF_1.UNIT1_FRONTROW_BOTTOMFLOOR | WALL_LDF_1.UNIT2_FRONTROW_BOTTOMFLOOR | WALL_LDF_1.UNIT3_FRONTROW_BOTTOMFLOOR | WALL_LDF_1.UNIT1_BACKROW_BOTTOMFLOOR | WALL_LDF_1.UNIT2_BACKROW_BOTTOMFLOOR | WALL_LDF_1.UNIT3_BACKROW_BOTTOMFLOOR |
,Mir-OVERHANG_LDF_UNIT1_FRONTROW_BOTTOMFLOOR,OVERHANG_LDF_UNIT1_FRONTROW_MIDDLEFLOOR | OVERHANG_LDF_UNIT2_FRONTROW_MIDDLEFLOOR | OVERHANG_SDR_UNIT3_FRONTROW_MIDDLEFLOOR | OVERHANG_SDL_UNIT3_FRONTROW_MIDDLEFLOOR | OVERHANG_LDF_UNIT3_FRONTROW_MIDDLEFLOOR | OVERHANG_LDB_UNIT1_BACKROW_MIDDLEFLOOR | OVERHANG_LDB_UNIT2_BACKROW_MIDDLEFLOOR | OVERHANG_SDR_UNIT3_BACKROW_MIDDLEFLOOR | OVERHANG_SDL_UNIT3_BACKROW_MIDDLEFLOOR | OVERHANG_LDB_UNIT3_BACKROW_MIDDLEFLOOR | OVERHANG_LDF_UNIT1_FRONTROW_TOPFLOOR | OVERHANG_LDF_UNIT2_FRONTROW_TOPFLOOR | OVERHANG_SDR_UNIT3_FRONTROW_TOPFLOOR | OVERHANG_SDL_UNIT3_FRONTROW_TOPFLOOR | OVERHANG_LDF_UNIT3_FRONTROW_TOPFLOOR | OVERHANG_LDB_UNIT1_BACKROW_TOPFLOOR | OVERHANG_LDB_UNIT2_BACKROW_TOPFLOOR | OVERHANG_SDR_UNIT3_BACKROW_TOPFLOOR | OVERHANG_SDL_UNIT3_BACKROW_TOPFLOOR | OVERHANG_LDB_UNIT3_BACKROW_TOPFLOOR | BREEZEWAY_MIDDLEFLOOR | BREEZEWAY_TOPFLOOR | WALL_LDF_1.UNIT1_FRONTROW_BOTTOMFLOOR | WALL_LDF_1.UNIT2_FRONTROW_BOTTOMFLOOR | WALL_LDF_1.UNIT3_FRONTROW_BOTTOMFLOOR | WALL_LDF_1.UNIT1_BACKROW_BOTTOMFLOOR | WALL_LDF_1.UNIT2_BACKROW_BOTTOMFLOOR | WALL_LDF_1.UNIT3_BACKROW_BOTTOMFLOOR | WALL_LDF_1.UNIT1_FRONTROW_MIDDLEFLOOR | WALL_LDF_1.UNIT2_FRONTROW_MIDDLEFLOOR | WALL_LDF_1.UNIT3_FRONTROW_MIDDLEFLOOR | WALL_LDF_1.UNIT1_BACKROW_MIDDLEFLOOR | WALL_LDF_1.UNIT2_BACKROW_MIDDLEFLOOR | WALL_LDF_1.UNIT3_BACKROW_MIDDLEFLOOR | WALL_LDF_1.UNIT3_BACKROW_TOPFLOOR | WALL_LDF_1.UNIT3_FRONTROW_TOPFLOOR | WALL_LDF_1.UNIT1_FRONTROW_TOPFLOOR | WALL_LDF_1.UNIT2_BACKROW_TOPFLOOR | WALL_LDF_1.UNIT2_FRONTROW_TOPFLOOR | WALL_LDF_1.UNIT1_BACKROW_TOPFLOOR |
,OVERHANG_LDF_UNIT2_FRONTROW_BOTTOMFLOOR,WALL_LDF_1.UNIT1_FRONTROW_BOTTOMFLOOR | WALL_LDF_1.UNIT2_FRONTROW_BOTTOMFLOOR | WALL_LDF_1.UNIT3_FRONTROW_BOTTOMFLOOR | WALL_LDF_1.UNIT1_BACKROW_BOTTOMFLOOR | WALL_LDF_1.UNIT2_BACKROW_BOTTOMFLOOR | WALL_LDF_1.UNIT3_BACKROW_BOTTOMFLOOR |
,Mir-OVERHANG_LDF_UNIT2_FRONTROW_BOTTOMFLOOR,OVERHANG_LDF_UNIT1_FRONTROW_MIDDLEFLOOR | OVERHANG_LDF_UNIT2_FRONTROW_MIDDLEFLOOR | OVERHANG_SDR_UNIT3_FRONTROW_MIDDLEFLOOR | OVERHANG_SDL_UNIT3_FRONTROW_MIDDLEFLOOR | OVERHANG_LDF_UNIT3_FRONTROW_MIDDLEFLOOR | OVERHANG_LDB_UNIT1_BACKROW_MIDDLEFLOOR | OVERHANG_LDB_UNIT2_BACKROW_MIDDLEFLOOR | OVERHANG_SDR_UNIT3_BACKROW_MIDDLEFLOOR | OVERHANG_SDL_UNIT3_BACKROW_MIDDLEFLOOR | OVERHANG_LDB_UNIT3_BACKROW_MIDDLEFLOOR | OVERHANG_LDF_UNIT1_FRONTROW_TOPFLOOR | OVERHANG_LDF_UNIT2_FRONTROW_TOPFLOOR | OVERHANG_SDR_UNIT3_FRONTROW_TOPFLOOR | OVERHANG_SDL_UNIT3_FRONTROW_TOPFLOOR | OVERHANG_LDF_UNIT3_FRONTROW_TOPFLOOR | OVERHANG_LDB_UNIT1_BACKROW_TOPFLOOR | OVERHANG_LDB_UNIT2_BACKROW_TOPFLOOR | OVERHANG_SDR_UNIT3_BACKROW_TOPFLOOR | OVERHANG_SDL_UNIT3_BACKROW_TOPFLOOR | OVERHANG_LDB_UNIT3_BACKROW_TOPFLOOR | BREEZEWAY_MIDDLEFLOOR | BREEZEWAY_TOPFLOOR | WALL_LDF_1.UNIT1_FRONTROW_BOTTOMFLOOR | WALL_LDF_1.UNIT2_FRONTROW_BOTTOMFLOOR | WALL_LDF_1.UNIT3_FRONTROW_BOTTOMFLOOR | WALL_LDF_1.UNIT1_BACKROW_BOTTOMFLOOR | WALL_LDF_1.UNIT2_BACKROW_BOTTOMFLOOR | WALL_LDF_1.UNIT3_BACKROW_BOTTOMFLOOR | WALL_LDF_1.UNIT1_FRONTROW_MIDDLEFLOOR | WALL_LDF_1.UNIT2_FRONTROW_MIDDLEFLOOR | WALL_LDF_1.UNIT3_FRONTROW_MIDDLEFLOOR | WALL_LDF_1.UNIT1_BACKROW_MIDDLEFLOOR | WALL_LDF_1.UNIT2_BACKROW_MIDDLEFLOOR | WALL_LDF_1.UNIT3_BACKROW_MIDDLEFLOOR | WALL_LDF_1.UNIT3_BACKROW_TOPFLOOR | WALL_LDF_1.UNIT3_FRONTROW_TOPFLOOR | WALL_LDF_1.UNIT1_FRONTROW_TOPFLOOR | WALL_LDF_1.UNIT2_BACKROW_TOPFLOOR | WALL_LDF_1.UNIT2_FRONTROW_TOPFLOOR | WALL_LDF_1.UNIT1_BACKROW_TOPFLOOR |
,OVERHANG_SDR_UNIT3_FRONTROW_BOTTOMFLOOR,WALL_SDR_1.UNIT3_FRONTROW_BOTTOMFLOOR | WALL_LDF_1.UNIT1_BACKROW_BOTTOMFLOOR | WALL_LDF_1.UNIT2_BACKROW_BOTTOMFLOOR | WALL_LDF_1.UNIT3_BACKROW_BOTTOMFLOOR | WALL_SDR_1.UNIT3_BACKROW_BOTTOMFLOOR |
,Mir-OVERHANG_SDR_UNIT3_FRONTROW_BOTTOMFLOOR,OVERHANG_LDF_UNIT1_FRONTROW_MIDDLEFLOOR | OVERHANG_LDF_UNIT2_FRONTROW_MIDDLEFLOOR | OVERHANG_SDR_UNIT3_FRONTROW_MIDDLEFLOOR | OVERHANG_SDL_UNIT3_FRONTROW_MIDDLEFLOOR | OVERHANG_LDF_UNIT3_FRONTROW_MIDDLEFLOOR | OVERHANG_LDB_UNIT1_BACKROW_MIDDLEFLOOR | OVERHANG_LDB_UNIT2_BACKROW_MIDDLEFLOOR | OVERHANG_SDR_UNIT3_BACKROW_MIDDLEFLOOR | OVERHANG_SDL_UNIT3_BACKROW_MIDDLEFLOOR | OVERHANG_LDB_UNIT3_BACKROW_MIDDLEFLOOR | OVERHANG_LDF_UNIT1_FRONTROW_TOPFLOOR | OVERHANG_LDF_UNIT2_FRONTROW_TOPFLOOR | OVERHANG_SDR_UNIT3_FRONTROW_TOPFLOOR | OVERHANG_SDL_UNIT3_FRONTROW_TOPFLOOR | OVERHANG_LDF_UNIT3_FRONTROW_TOPFLOOR | OVERHANG_LDB_UNIT1_BACKROW_TOPFLOOR | OVERHANG_LDB_UNIT2_BACKROW_TOPFLOOR | OVERHANG_SDR_UNIT3_BACKROW_TOPFLOOR | OVERHANG_SDL_UNIT3_BACKROW_TOPFLOOR | OVERHANG_LDB_UNIT3_BACKROW_TOPFLOOR | BREEZEWAY_MIDDLEFLOOR | BREEZEWAY_TOPFLOOR | WALL_SDR_1.UNIT3_FRONTROW_BOTTOMFLOOR | WALL_LDF_1.UNIT1_BACKROW_BOTTOMFLOOR | WALL_LDF_1.UNIT2_BACKROW_BOTTOMFLOOR | WALL_LDF_1.UNIT3_BACKROW_BOTTOMFLOOR | WALL_SDR_1.UNIT3_BACKROW_BOTTOMFLOOR | WALL_SDR_1.UNIT3_FRONTROW_MIDDLEFLOOR | WALL_LDF_1.UNIT1_BACKROW_MIDDLEFLOOR | WALL_LDF_1.UNIT2_BACKROW_MIDDLEFLOOR | WALL_LDF_1.UNIT3_BACKROW_MIDDLEFLOOR | WALL_SDR_1.UNIT3_BACKROW_MIDDLEFLOOR | ROOF_RIGHT | WALL_SDR_1.UNIT3_BACKROW_TOPFLOOR | WALL_LDF_1.UNIT3_BACKROW_TOPFLOOR | WALL_SDR_1.UNIT3_FRONTROW_TOPFLOOR | WALL_LDF_1.UNIT2_BACKROW_TOPFLOOR | WALL_LDF_1.UNIT1_BACKROW_TOPFLOOR |
,OVERHANG_SDL_UNIT3_FRONTROW_BOTTOMFLOOR,WALL_SDL_1.UNIT1_FRONTROW_BOTTOMFLOOR | WALL_LDF_1.UNIT1_BACKROW_BOTTOMFLOOR | WALL_SDL_1.UNIT1_BACKROW_BOTTOMFLOOR | WALL_LDF_1.UNIT2_BACKROW_BOTTOMFLOOR | WALL_LDF_1.UNIT3_BACKROW_BOTTOMFLOOR |
,Mir-OVERHANG_SDL_UNIT3_FRONTROW_BOTTOMFLOOR,OVERHANG_LDF_UNIT1_FRONTROW_MIDDLEFLOOR | OVERHANG_LDF_UNIT2_FRONTROW_MIDDLEFLOOR | OVERHANG_SDR_UNIT3_FRONTROW_MIDDLEFLOOR | OVERHANG_SDL_UNIT3_FRONTROW_MIDDLEFLOOR | OVERHANG_LDF_UNIT3_FRONTROW_MIDDLEFLOOR | OVERHANG_LDB_UNIT1_BACKROW_MIDDLEFLOOR | OVERHANG_LDB_UNIT2_BACKROW_MIDDLEFLOOR | OVERHANG_SDR_UNIT3_BACKROW_MIDDLEFLOOR | OVERHANG_SDL_UNIT3_BACKROW_MIDDLEFLOOR | OVERHANG_LDB_UNIT3_BACKROW_MIDDLEFLOOR | OVERHANG_LDF_UNIT1_FRONTROW_TOPFLOOR | OVERHANG_LDF_UNIT2_FRONTROW_TOPFLOOR | OVERHANG_SDR_UNIT3_FRONTROW_TOPFLOOR | OVERHANG_SDL_UNIT3_FRONTROW_TOPFLOOR | OVERHANG_LDF_UNIT3_FRONTROW_TOPFLOOR | OVERHANG_LDB_UNIT1_BACKROW_TOPFLOOR | OVERHANG_LDB_UNIT2_BACKROW_TOPFLOOR | OVERHANG_SDR_UNIT3_BACKROW_TOPFLOOR | OVERHANG_SDL_UNIT3_BACKROW_TOPFLOOR | OVERHANG_LDB_UNIT3_BACKROW_TOPFLOOR | BREEZEWAY_MIDDLEFLOOR | BREEZEWAY_TOPFLOOR | WALL_SDL_1.UNIT1_FRONTROW_BOTTOMFLOOR | WALL_LDF_1.UNIT1_BACKROW_BOTTOMFLOOR | WALL_SDL_1.UNIT1_BACKROW_BOTTOMFLOOR | WALL_LDF_1.UNIT2_BACKROW_BOTTOMFLOOR | WALL_LDF_1.UNIT3_BACKROW_BOTTOMFLOOR | WALL_SDL_1.UNIT1_FRONTROW_MIDDLEFLOOR | WALL_LDF_1.UNIT1_BACKROW_MIDDLEFLOOR | WALL_SDL_1.UNIT1_BACKROW_MIDDLEFLOOR | WALL_LDF_1.UNIT2_BACKROW_MIDDLEFLOOR | WALL_LDF_1.UNIT3_BACKROW_MIDDLEFLOOR | ROOF_LEFT | WALL_LDF_1.UNIT3_BACKROW_TOPFLOOR | WALL_SDL_1.UNIT1_FRONTROW_TOPFLOOR | WALL_LDF_1.UNIT2_BACKROW_TOPFLOOR | WALL_SDL_1.UNIT1_BACKROW_TOPFLOOR | WALL_LDF_1.UNIT1_BACKROW_TOPFLOOR |
,OVERHANG_LDF_UNIT3_FRONTROW_BOTTOMFLOOR,WALL_LDF_1.UNIT1_FRONTROW_BOTTOMFLOOR | WALL_LDF_1.UNIT2_FRONTROW_BOTTOMFLOOR | WALL_LDF_1.UNIT3_FRONTROW_BOTTOMFLOOR | WALL_LDF_1.UNIT1_BACKROW_BOTTOMFLOOR | WALL_LDF_1.UNIT2_BACKROW_BOTTOMFLOOR | WALL_LDF_1.UNIT3_BACKROW_BOTTOMFLOOR |
,Mir-OVERHANG_LDF_UNIT3_FRONTROW_BOTTOMFLOOR,OVERHANG_LDF_UNIT1_FRONTROW_MIDDLEFLOOR | OVERHANG_LDF_UNIT2_FRONTROW_MIDDLEFLOOR | OVERHANG_SDR_UNIT3_FRONTROW_MIDDLEFLOOR | OVERHANG_SDL_UNIT3_FRONTROW_MIDDLEFLOOR | OVERHANG_LDF_UNIT3_FRONTROW_MIDDLEFLOOR | OVERHANG_LDB_UNIT1_BACKROW_MIDDLEFLOOR | OVERHANG_LDB_UNIT2_BACKROW_MIDDLEFLOOR | OVERHANG_SDR_UNIT3_BACKROW_MIDDLEFLOOR | OVERHANG_SDL_UNIT3_BACKROW_MIDDLEFLOOR | OVERHANG_LDB_UNIT3_BACKROW_MIDDLEFLOOR | OVERHANG_LDF_UNIT1_FRONTROW_TOPFLOOR | OVERHANG_LDF_UNIT2_FRONTROW_TOPFLOOR | OVERHANG_SDR_UNIT3_FRONTROW_TOPFLOOR | OVERHANG_SDL_UNIT3_FRONTROW_TOPFLOOR | OVERHANG_LDF_UNIT3_FRONTROW_TOPFLOOR | OVERHANG_LDB_UNIT1_BACKROW_TOPFLOOR | OVERHANG_LDB_UNIT2_BACKROW_TOPFLOOR | OVERHANG_SDR_UNIT3_BACKROW_TOPFLOOR | OVERHANG_SDL_UNIT3_BACKROW_TOPFLOOR | OVERHANG_LDB_UNIT3_BACKROW_TOPFLOOR | BREEZEWAY_MIDDLEFLOOR | BREEZEWAY_TOPFLOOR | WALL_LDF_1.UNIT1_FRONTROW_BOTTOMFLOOR | WALL_LDF_1.UNIT2_FRONTROW_BOTTOMFLOOR | WALL_LDF_1.UNIT3_FRONTROW_BOTTOMFLOOR | WALL_LDF_1.UNIT1_BACKROW_BOTTOMFLOOR | WALL_LDF_1.UNIT2_BACKROW_BOTTOMFLOOR | WALL_LDF_1.UNIT3_BACKROW_BOTTOMFLOOR | WALL_LDF_1.UNIT1_FRONTROW_MIDDLEFLOOR | WALL_LDF_1.UNIT2_FRONTROW_MIDDLEFLOOR | WALL_LDF_1.UNIT3_FRONTROW_MIDDLEFLOOR | WALL_LDF_1.UNIT1_BACKROW_MIDDLEFLOOR | WALL_LDF_1.UNIT2_BACKROW_MIDDLEFLOOR | WALL_LDF_1.UNIT3_BACKROW_MIDDLEFLOOR | WALL_LDF_1.UNIT3_BACKROW_TOPFLOOR | WALL_LDF_1.UNIT3_FRONTROW_TOPFLOOR | WALL_LDF_1.UNIT1_FRONTROW_TOPFLOOR | WALL_LDF_1.UNIT2_BACKROW_TOPFLOOR | WALL_LDF_1.UNIT2_FRONTROW_TOPFLOOR | WALL_LDF_1.UNIT1_BACKROW_TOPFLOOR |
,OVERHANG_LDB_UNIT1_BACKROW_BOTTOMFLOOR,WALL_LDB_1.UNIT1_FRONTROW_BOTTOMFLOOR | WALL_LDB_1.UNIT2_FRONTROW_BOTTOMFLOOR | WALL_LDB_1.UNIT3_FRONTROW_BOTTOMFLOOR | WALL_LDB_1.UNIT1_BACKROW_BOTTOMFLOOR | WALL_LDB_1.UNIT2_BACKROW_BOTTOMFLOOR | WALL_LDB_1.UNIT3_BACKROW_BOTTOMFLOOR |
,Mir-OVERHANG_LDB_UNIT1_BACKROW_BOTTOMFLOOR,OVERHANG_LDF_UNIT1_FRONTROW_MIDDLEFLOOR | OVERHANG_LDF_UNIT2_FRONTROW_MIDDLEFLOOR | OVERHANG_SDR_UNIT3_FRONTROW_MIDDLEFLOOR | OVERHANG_SDL_UNIT3_FRONTROW_MIDDLEFLOOR | OVERHANG_LDF_UNIT3_FRONTROW_MIDDLEFLOOR | OVERHANG_LDB_UNIT1_BACKROW_MIDDLEFLOOR | OVERHANG_LDB_UNIT2_BACKROW_MIDDLEFLOOR | OVERHANG_SDR_UNIT3_BACKROW_MIDDLEFLOOR | OVERHANG_SDL_UNIT3_BACKROW_MIDDLEFLOOR | OVERHANG_LDB_UNIT3_BACKROW_MIDDLEFLOOR | OVERHANG_LDF_UNIT1_FRONTROW_TOPFLOOR | OVERHANG_LDF_UNIT2_FRONTROW_TOPFLOOR | OVERHANG_SDR_UNIT3_FRONTROW_TOPFLOOR | OVERHANG_SDL_UNIT3_FRONTROW_TOPFLOOR | OVERHANG_LDF_UNIT3_FRONTROW_TOPFLOOR | OVERHANG_LDB_UNIT1_BACKROW_TOPFLOOR | OVERHANG_LDB_UNIT2_BACKROW_TOPFLOOR | OVERHANG_SDR_UNIT3_BACKROW_TOPFLOOR | OVERHANG_SDL_UNIT3_BACKROW_TOPFLOOR | OVERHANG_LDB_UNIT3_BACKROW_TOPFLOOR | BREEZEWAY_MIDDLEFLOOR | BREEZEWAY_TOPFLOOR | WALL_LDB_1.UNIT1_FRONTROW_BOTTOMFLOOR | WALL_LDB_1.UNIT2_FRONTROW_BOTTOMFLOOR | WALL_LDB_1.UNIT3_FRONTROW_BOTTOMFLOOR | WALL_LDB_1.UNIT1_BACKROW_BOTTOMFLOOR | WALL_LDB_1.UNIT2_BACKROW_BOTTOMFLOOR | WALL_LDB_1.UNIT3_BACKROW_BOTTOMFLOOR | WALL_LDB_1.UNIT1_FRONTROW_MIDDLEFLOOR | WALL_LDB_1.UNIT2_FRONTROW_MIDDLEFLOOR | WALL_LDB_1.UNIT3_FRONTROW_MIDDLEFLOOR | WALL_LDB_1.UNIT1_BACKROW_MIDDLEFLOOR | WALL_LDB_1.UNIT2_BACKROW_MIDDLEFLOOR | WALL_LDB_1.UNIT3_BACKROW_MIDDLEFLOOR | WALL_LDB_1.UNIT3_BACKROW_TOPFLOOR | WALL_LDB_1.UNIT3_FRONTROW_TOPFLOOR | WALL_LDB_1.UNIT1_FRONTROW_TOPFLOOR | WALL_LDB_1.UNIT2_BACKROW_TOPFLOOR | WALL_LDB_1.UNIT2_FRONTROW_TOPFLOOR | WALL_LDB_1.UNIT1_BACKROW_TOPFLOOR |
,OVERHANG_LDB_UNIT2_BACKROW_BOTTOMFLOOR,WALL_LDB_1.UNIT1_FRONTROW_BOTTOMFLOOR | WALL_LDB_1.UNIT2_FRONTROW_BOTTOMFLOOR | WALL_LDB_1.UNIT3_FRONTROW_BOTTOMFLOOR | WALL_LDB_1.UNIT1_BACKROW_BOTTOMFLOOR | WALL_LDB_1.UNIT2_BACKROW_BOTTOMFLOOR | WALL_LDB_1.UNIT3_BACKROW_BOTTOMFLOOR |
,Mir-OVERHANG_LDB_UNIT2_BACKROW_BOTTOMFLOOR,OVERHANG_LDF_UNIT1_FRONTROW_MIDDLEFLOOR | OVERHANG_LDF_UNIT2_FRONTROW_MIDDLEFLOOR | OVERHANG_SDR_UNIT3_FRONTROW_MIDDLEFLOOR | OVERHANG_SDL_UNIT3_FRONTROW_MIDDLEFLOOR | OVERHANG_LDF_UNIT3_FRONTROW_MIDDLEFLOOR | OVERHANG_LDB_UNIT1_BACKROW_MIDDLEFLOOR | OVERHANG_LDB_UNIT2_BACKROW_MIDDLEFLOOR | OVERHANG_SDR_UNIT3_BACKROW_MIDDLEFLOOR | OVERHANG_SDL_UNIT3_BACKROW_MIDDLEFLOOR | OVERHANG_LDB_UNIT3_BACKROW_MIDDLEFLOOR | OVERHANG_LDF_UNIT1_FRONTROW_TOPFLOOR | OVERHANG_LDF_UNIT2_FRONTROW_TOPFLOOR | OVERHANG_SDR_UNIT3_FRONTROW_TOPFLOOR | OVERHANG_SDL_UNIT3_FRONTROW_TOPFLOOR | OVERHANG_LDF_UNIT3_FRONTROW_TOPFLOOR | OVERHANG_LDB_UNIT1_BACKROW_TOPFLOOR | OVERHANG_LDB_UNIT2_BACKROW_TOPFLOOR | OVERHANG_SDR_UNIT3_BACKROW_TOPFLOOR | OVERHANG_SDL_UNIT3_BACKROW_TOPFLOOR | OVERHANG_LDB_UNIT3_BACKROW_TOPFLOOR | BREEZEWAY_MIDDLEFLOOR | BREEZEWAY_TOPFLOOR | WALL_LDB_1.UNIT1_FRONTROW_BOTTOMFLOOR | WALL_LDB_1.UNIT2_FRONTROW_BOTTOMFLOOR | WALL_LDB_1.UNIT3_FRONTROW_BOTTOMFLOOR | WALL_LDB_1.UNIT1_BACKROW_BOTTOMFLOOR | WALL_LDB_1.UNIT2_BACKROW_BOTTOMFLOOR | WALL_LDB_1.UNIT3_BACKROW_BOTTOMFLOOR | WALL_LDB_1.UNIT1_FRONTROW_MIDDLEFLOOR | WALL_LDB_1.UNIT2_FRONTROW_MIDDLEFLOOR | WALL_LDB_1.UNIT3_FRONTROW_MIDDLEFLOOR | WALL_LDB_1.UNIT1_BACKROW_MIDDLEFLOOR | WALL_LDB_1.UNIT2_BACKROW_MIDDLEFLOOR | WALL_LDB_1.UNIT3_BACKROW_MIDDLEFLOOR | WALL_LDB_1.UNIT3_BACKROW_TOPFLOOR | WALL_LDB_1.UNIT3_FRONTROW_TOPFLOOR | WALL_LDB_1.UNIT1_FRONTROW_TOPFLOOR | WALL_LDB_1.UNIT2_BACKROW_TOPFLOOR | WALL_LDB_1.UNIT2_FRONTROW_TOPFLOOR | WALL_LDB_1.UNIT1_BACKROW_TOPFLOOR |
,OVERHANG_SDR_UNIT3_BACKROW_BOTTOMFLOOR,WALL_LDB_1.UNIT1_FRONTROW_BOTTOMFLOOR | WALL_LDB_1.UNIT2_FRONTROW_BOTTOMFLOOR | WALL_SDR_1.UNIT3_FRONTROW_BOTTOMFLOOR | WALL_LDB_1.UNIT3_FRONTROW_BOTTOMFLOOR | WALL_SDR_1.UNIT3_BACKROW_BOTTOMFLOOR |
,Mir-OVERHANG_SDR_UNIT3_BACKROW_BOTTOMFLOOR,OVERHANG_LDF_UNIT1_FRONTROW_MIDDLEFLOOR | OVERHANG_LDF_UNIT2_FRONTROW_MIDDLEFLOOR | OVERHANG_SDR_UNIT3_FRONTROW_MIDDLEFLOOR | OVERHANG_SDL_UNIT3_FRONTROW_MIDDLEFLOOR | OVERHANG_LDF_UNIT3_FRONTROW_MIDDLEFLOOR | OVERHANG_LDB_UNIT1_BACKROW_MIDDLEFLOOR | OVERHANG_LDB_UNIT2_BACKROW_MIDDLEFLOOR | OVERHANG_SDR_UNIT3_BACKROW_MIDDLEFLOOR | OVERHANG_SDL_UNIT3_BACKROW_MIDDLEFLOOR | OVERHANG_LDB_UNIT3_BACKROW_MIDDLEFLOOR | OVERHANG_LDF_UNIT1_FRONTROW_TOPFLOOR | OVERHANG_LDF_UNIT2_FRONTROW_TOPFLOOR | OVERHANG_SDR_UNIT3_FRONTROW_TOPFLOOR | OVERHANG_SDL_UNIT3_FRONTROW_TOPFLOOR | OVERHANG_LDF_UNIT3_FRONTROW_TOPFLOOR | OVERHANG_LDB_UNIT1_BACKROW_TOPFLOOR | OVERHANG_LDB_UNIT2_BACKROW_TOPFLOOR | OVERHANG_SDR_UNIT3_BACKROW_TOPFLOOR | OVERHANG_SDL_UNIT3_BACKROW_TOPFLOOR | OVERHANG_LDB_UNIT3_BACKROW_TOPFLOOR | BREEZEWAY_MIDDLEFLOOR | BREEZEWAY_TOPFLOOR | WALL_LDB_1.UNIT1_FRONTROW_BOTTOMFLOOR | WALL_LDB_1.UNIT2_FRONTROW_BOTTOMFLOOR | WALL_SDR_1.UNIT3_FRONTROW_BOTTOMFLOOR | WALL_LDB_1.UNIT3_FRONTROW_BOTTOMFLOOR | WALL_SDR_1.UNIT3_BACKROW_BOTTOMFLOOR | WALL_LDB_1.UNIT1_FRONTROW_MIDDLEFLOOR | WALL_LDB_1.UNIT2_FRONTROW_MIDDLEFLOOR | WALL_SDR_1.UNIT3_FRONTROW_MIDDLEFLOOR | WALL_LDB_1.UNIT3_FRONTROW_MIDDLEFLOOR | WALL_SDR_1.UNIT3_BACKROW_MIDDLEFLOOR | ROOF_RIGHT | WALL_SDR_1.UNIT3_BACKROW_TOPFLOOR | WALL_SDR_1.UNIT3_FRONTROW_TOPFLOOR | WALL_LDB_1.UNIT3_FRONTROW_TOPFLOOR | WALL_LDB_1.UNIT1_FRONTROW_TOPFLOOR | WALL_LDB_1.UNIT2_FRONTROW_TOPFLOOR |
,OVERHANG_SDL_UNIT3_BACKROW_BOTTOMFLOOR,WALL_LDB_1.UNIT1_FRONTROW_BOTTOMFLOOR | WALL_SDL_1.UNIT1_FRONTROW_BOTTOMFLOOR | WALL_LDB_1.UNIT2_FRONTROW_BOTTOMFLOOR | WALL_LDB_1.UNIT3_FRONTROW_BOTTOMFLOOR | WALL_SDL_1.UNIT1_BACKROW_BOTTOMFLOOR |
,Mir-OVERHANG_SDL_UNIT3_BACKROW_BOTTOMFLOOR,OVERHANG_LDF_UNIT1_FRONTROW_MIDDLEFLOOR | OVERHANG_LDF_UNIT2_FRONTROW_MIDDLEFLOOR | OVERHANG_SDR_UNIT3_FRONTROW_MIDDLEFLOOR | OVERHANG_SDL_UNIT3_FRONTROW_MIDDLEFLOOR | OVERHANG_LDF_UNIT3_FRONTROW_MIDDLEFLOOR | OVERHANG_LDB_UNIT1_BACKROW_MIDDLEFLOOR | OVERHANG_LDB_UNIT2_BACKROW_MIDDLEFLOOR | OVERHANG_SDR_UNIT3_BACKROW_MIDDLEFLOOR | OVERHANG_SDL_UNIT3_BACKROW_MIDDLEFLOOR | OVERHANG_LDB_UNIT3_BACKROW_MIDDLEFLOOR | OVERHANG_LDF_UNIT1_FRONTROW_TOPFLOOR | OVERHANG_LDF_UNIT2_FRONTROW_TOPFLOOR | OVERHANG_SDR_UNIT3_FRONTROW_TOPFLOOR | OVERHANG_SDL_UNIT3_FRONTROW_TOPFLOOR | OVERHANG_LDF_UNIT3_FRONTROW_TOPFLOOR | OVERHANG_LDB_UNIT1_BACKROW_TOPFLOOR | OVERHANG_LDB_UNIT2_BACKROW_TOPFLOOR | OVERHANG_SDR_UNIT3_BACKROW_TOPFLOOR | OVERHANG_SDL_UNIT3_BACKROW_TOPFLOOR | OVERHANG_LDB_UNIT3_BACKROW_TOPFLOOR | BREEZEWAY_MIDDLEFLOOR | BREEZEWAY_TOPFLOOR | WALL_LDB_1.UNIT1_FRONTROW_BOTTOMFLOOR | WALL_SDL_1.UNIT1_FRONTROW_BOTTOMFLOOR | WALL_LDB_1.UNIT2_FRONTROW_BOTTOMFLOOR | WALL_LDB_1.UNIT3_FRONTROW_BOTTOMFLOOR | WALL_SDL_1.UNIT1_BACKROW_BOTTOMFLOOR | WALL_LDB_1.UNIT1_FRONTROW_MIDDLEFLOOR | WALL_SDL_1.UNIT1_FRONTROW_MIDDLEFLOOR | WALL_LDB_1.UNIT2_FRONTROW_MIDDLEFLOOR | WALL_LDB_1.UNIT3_FRONTROW_MIDDLEFLOOR | WALL_SDL_1.UNIT1_BACKROW_MIDDLEFLOOR | ROOF_LEFT | WALL_LDB_1.UNIT3_FRONTROW_TOPFLOOR | WALL_SDL_1.UNIT1_FRONTROW_TOPFLOOR | WALL_LDB_1.UNIT1_FRONTROW_TOPFLOOR | WALL_LDB_1.UNIT2_FRONTROW_TOPFLOOR | WALL_SDL_1.UNIT1_BACKROW_TOPFLOOR |
,OVERHANG_LDB_UNIT3_BACKROW_BOTTOMFLOOR,WALL_LDB_1.UNIT1_FRONTROW_BOTTOMFLOOR | WALL_LDB_1.UNIT2_FRONTROW_BOTTOMFLOOR | WALL_LDB_1.UNIT3_FRONTROW_BOTTOMFLOOR | WALL_LDB_1.UNIT1_BACKROW_BOTTOMFLOOR | WALL_LDB_1.UNIT2_BACKROW_BOTTOMFLOOR | WALL_LDB_1.UNIT3_BACKROW_BOTTOMFLOOR |
,Mir-OVERHANG_LDB_UNIT3_BACKROW_BOTTOMFLOOR,OVERHANG_LDF_UNIT1_FRONTROW_MIDDLEFLOOR | OVERHANG_LDF_UNIT2_FRONTROW_MIDDLEFLOOR | OVERHANG_SDR_UNIT3_FRONTROW_MIDDLEFLOOR | OVERHANG_SDL_UNIT3_FRONTROW_MIDDLEFLOOR | OVERHANG_LDF_UNIT3_FRONTROW_MIDDLEFLOOR | OVERHANG_LDB_UNIT1_BACKROW_MIDDLEFLOOR | OVERHANG_LDB_UNIT2_BACKROW_MIDDLEFLOOR | OVERHANG_SDR_UNIT3_BACKROW_MIDDLEFLOOR | OVERHANG_SDL_UNIT3_BACKROW_MIDDLEFLOOR | OVERHANG_LDB_UNIT3_BACKROW_MIDDLEFLOOR | OVERHANG_LDF_UNIT1_FRONTROW_TOPFLOOR | OVERHANG_LDF_UNIT2_FRONTROW_TOPFLOOR | OVERHANG_SDR_UNIT3_FRONTROW_TOPFLOOR | OVERHANG_SDL_UNIT3_FRONTROW_TOPFLOOR | OVERHANG_LDF_UNIT3_FRONTROW_TOPFLOOR | OVERHANG_LDB_UNIT1_BACKROW_TOPFLOOR | OVERHANG_LDB_UNIT2_BACKROW_TOPFLOOR | OVERHANG_SDR_UNIT3_BACKROW_TOPFLOOR | OVERHANG_SDL_UNIT3_BACKROW_TOPFLOOR | OVERHANG_LDB_UNIT3_BACKROW_TOPFLOOR | BREEZEWAY_MIDDLEFLOOR | BREEZEWAY_TOPFLOOR | WALL_LDB_1.UNIT1_FRONTROW_BOTTOMFLOOR | WALL_LDB_1.UNIT2_FRONTROW_BOTTOMFLOOR | WALL_LDB_1.UNIT3_FRONTROW_BOTTOMFLOOR | WALL_LDB_1.UNIT1_BACKROW_BOTTOMFLOOR | WALL_LDB_1.UNIT2_BACKROW_BOTTOMFLOOR | WALL_LDB_1.UNIT3_BACKROW_BOTTOMFLOOR | WALL_LDB_1.UNIT1_FRONTROW_MIDDLEFLOOR | WALL_LDB_1.UNIT2_FRONTROW_MIDDLEFLOOR | WALL_LDB_1.UNIT3_FRONTROW_MIDDLEFLOOR | WALL_LDB_1.UNIT1_BACKROW_MIDDLEFLOOR | WALL_LDB_1.UNIT2_BACKROW_MIDDLEFLOOR | WALL_LDB_1.UNIT3_BACKROW_MIDDLEFLOOR | WALL_LDB_1.UNIT3_BACKROW_TOPFLOOR | WALL_LDB_1.UNIT3_FRONTROW_TOPFLOOR | WALL_LDB_1.UNIT1_FRONTROW_TOPFLOOR | WALL_LDB_1.UNIT2_BACKROW_TOPFLOOR | WALL_LDB_1.UNIT2_FRONTROW_TOPFLOOR | WALL_LDB_1.UNIT1_BACKROW_TOPFLOOR |
,OVERHANG_LDF_UNIT1_FRONTROW_MIDDLEFLOOR,WALL_LDF_1.UNIT1_FRONTROW_MIDDLEFLOOR | WALL_LDF_1.UNIT2_FRONTROW_MIDDLEFLOOR | WALL_LDF_1.UNIT3_FRONTROW_MIDDLEFLOOR | WALL_LDF_1.UNIT1_BACKROW_MIDDLEFLOOR | WALL_LDF_1.UNIT2_BACKROW_MIDDLEFLOOR | WALL_LDF_1.UNIT3_BACKROW_MIDDLEFLOOR |
,Mir-OVERHANG_LDF_UNIT1_FRONTROW_MIDDLEFLOOR,OVERHANG_LDF_UNIT1_FRONTROW_TOPFLOOR | OVERHANG_LDF_UNIT2_FRONTROW_TOPFLOOR | OVERHANG_SDR_UNIT3_FRONTROW_TOPFLOOR | OVERHANG_SDL_UNIT3_FRONTROW_TOPFLOOR | OVERHANG_LDF_UNIT3_FRONTROW_TOPFLOOR | OVERHANG_LDB_UNIT1_BACKROW_TOPFLOOR | OVERHANG_LDB_UNIT2_BACKROW_TOPFLOOR | OVERHANG_SDR_UNIT3_BACKROW_TOPFLOOR | OVERHANG_SDL_UNIT3_BACKROW_TOPFLOOR | OVERHANG_LDB_UNIT3_BACKROW_TOPFLOOR | BREEZEWAY_TOPFLOOR | WALL_LDF_1.UNIT1_FRONTROW_MIDDLEFLOOR | WALL_LDF_1.UNIT2_FRONTROW_MIDDLEFLOOR | WALL_LDF_1.UNIT3_FRONTROW_MIDDLEFLOOR | WALL_LDF_1.UNIT1_BACKROW_MIDDLEFLOOR | WALL_LDF_1.UNIT2_BACKROW_MIDDLEFLOOR | WALL_LDF_1.UNIT3_BACKROW_MIDDLEFLOOR | WALL_LDF_1.UNIT3_BACKROW_TOPFLOOR | WALL_LDF_1.UNIT3_FRONTROW_TOPFLOOR | WALL_LDF_1.UNIT1_FRONTROW_TOPFLOOR | WALL_LDF_1.UNIT2_BACKROW_TOPFLOOR | WALL_LDF_1.UNIT2_FRONTROW_TOPFLOOR | WALL_LDF_1.UNIT1_BACKROW_TOPFLOOR |
,OVERHANG_LDF_UNIT2_FRONTROW_MIDDLEFLOOR,WALL_LDF_1.UNIT1_FRONTROW_MIDDLEFLOOR | WALL_LDF_1.UNIT2_FRONTROW_MIDDLEFLOOR | WALL_LDF_1.UNIT3_FRONTROW_MIDDLEFLOOR | WALL_LDF_1.UNIT1_BACKROW_MIDDLEFLOOR | WALL_LDF_1.UNIT2_BACKROW_MIDDLEFLOOR | WALL_LDF_1.UNIT3_BACKROW_MIDDLEFLOOR |
,Mir-OVERHANG_LDF_UNIT2_FRONTROW_MIDDLEFLOOR,OVERHANG_LDF_UNIT1_FRONTROW_TOPFLOOR | OVERHANG_LDF_UNIT2_FRONTROW_TOPFLOOR | OVERHANG_SDR_UNIT3_FRONTROW_TOPFLOOR | OVERHANG_SDL_UNIT3_FRONTROW_TOPFLOOR | OVERHANG_LDF_UNIT3_FRONTROW_TOPFLOOR | OVERHANG_LDB_UNIT1_BACKROW_TOPFLOOR | OVERHANG_LDB_UNIT2_BACKROW_TOPFLOOR | OVERHANG_SDR_UNIT3_BACKROW_TOPFLOOR | OVERHANG_SDL_UNIT3_BACKROW_TOPFLOOR | OVERHANG_LDB_UNIT3_BACKROW_TOPFLOOR | BREEZEWAY_TOPFLOOR | WALL_LDF_1.UNIT1_FRONTROW_MIDDLEFLOOR | WALL_LDF_1.UNIT2_FRONTROW_MIDDLEFLOOR | WALL_LDF_1.UNIT3_FRONTROW_MIDDLEFLOOR | WALL_LDF_1.UNIT1_BACKROW_MIDDLEFLOOR | WALL_LDF_1.UNIT2_BACKROW_MIDDLEFLOOR | WALL_LDF_1.UNIT3_BACKROW_MIDDLEFLOOR | WALL_LDF_1.UNIT3_BACKROW_TOPFLOOR | WALL_LDF_1.UNIT3_FRONTROW_TOPFLOOR | WALL_LDF_1.UNIT1_FRONTROW_TOPFLOOR | WALL_LDF_1.UNIT2_BACKROW_TOPFLOOR | WALL_LDF_1.UNIT2_FRONTROW_TOPFLOOR | WALL_LDF_1.UNIT1_BACKROW_TOPFLOOR |
,OVERHANG_SDR_UNIT3_FRONTROW_MIDDLEFLOOR,WALL_SDR_1.UNIT3_FRONTROW_MIDDLEFLOOR | WALL_LDF_1.UNIT1_BACKROW_MIDDLEFLOOR | WALL_LDF_1.UNIT2_BACKROW_MIDDLEFLOOR | WALL_LDF_1.UNIT3_BACKROW_MIDDLEFLOOR | WALL_SDR_1.UNIT3_BACKROW_MIDDLEFLOOR |
,Mir-OVERHANG_SDR_UNIT3_FRONTROW_MIDDLEFLOOR,OVERHANG_LDF_UNIT1_FRONTROW_TOPFLOOR | OVERHANG_LDF_UNIT2_FRONTROW_TOPFLOOR | OVERHANG_SDR_UNIT3_FRONTROW_TOPFLOOR | OVERHANG_SDL_UNIT3_FRONTROW_TOPFLOOR | OVERHANG_LDF_UNIT3_FRONTROW_TOPFLOOR | OVERHANG_LDB_UNIT1_BACKROW_TOPFLOOR | OVERHANG_LDB_UNIT2_BACKROW_TOPFLOOR | OVERHANG_SDR_UNIT3_BACKROW_TOPFLOOR | OVERHANG_SDL_UNIT3_BACKROW_TOPFLOOR | OVERHANG_LDB_UNIT3_BACKROW_TOPFLOOR | BREEZEWAY_TOPFLOOR | WALL_SDR_1.UNIT3_FRONTROW_MIDDLEFLOOR | WALL_LDF_1.UNIT1_BACKROW_MIDDLEFLOOR | WALL_LDF_1.UNIT2_BACKROW_MIDDLEFLOOR | WALL_LDF_1.UNIT3_BACKROW_MIDDLEFLOOR | WALL_SDR_1.UNIT3_BACKROW_MIDDLEFLOOR | ROOF_RIGHT | WALL_SDR_1.UNIT3_BACKROW_TOPFLOOR | WALL_LDF_1.UNIT3_BACKROW_TOPFLOOR | WALL_SDR_1.UNIT3_FRONTROW_TOPFLOOR | WALL_LDF_1.UNIT2_BACKROW_TOPFLOOR | WALL_LDF_1.UNIT1_BACKROW_TOPFLOOR |
,OVERHANG_SDL_UNIT3_FRONTROW_MIDDLEFLOOR,WALL_SDL_1.UNIT1_FRONTROW_MIDDLEFLOOR | WALL_LDF_1.UNIT1_BACKROW_MIDDLEFLOOR | WALL_SDL_1.UNIT1_BACKROW_MIDDLEFLOOR | WALL_LDF_1.UNIT2_BACKROW_MIDDLEFLOOR | WALL_LDF_1.UNIT3_BACKROW_MIDDLEFLOOR |
,Mir-OVERHANG_SDL_UNIT3_FRONTROW_MIDDLEFLOOR,OVERHANG_LDF_UNIT1_FRONTROW_TOPFLOOR | OVERHANG_LDF_UNIT2_FRONTROW_TOPFLOOR | OVERHANG_SDR_UNIT3_FRONTROW_TOPFLOOR | OVERHANG_SDL_UNIT3_FRONTROW_TOPFLOOR | OVERHANG_LDF_UNIT3_FRONTROW_TOPFLOOR | OVERHANG_LDB_UNIT1_BACKROW_TOPFLOOR | OVERHANG_LDB_UNIT2_BACKROW_TOPFLOOR | OVERHANG_SDR_UNIT3_BACKROW_TOPFLOOR | OVERHANG_SDL_UNIT3_BACKROW_TOPFLOOR | OVERHANG_LDB_UNIT3_BACKROW_TOPFLOOR | BREEZEWAY_TOPFLOOR | WALL_SDL_1.UNIT1_FRONTROW_MIDDLEFLOOR | WALL_LDF_1.UNIT1_BACKROW_MIDDLEFLOOR | WALL_SDL_1.UNIT1_BACKROW_MIDDLEFLOOR | WALL_LDF_1.UNIT2_BACKROW_MIDDLEFLOOR | WALL_LDF_1.UNIT3_BACKROW_MIDDLEFLOOR | ROOF_LEFT | WALL_LDF_1.UNIT3_BACKROW_TOPFLOOR | WALL_SDL_1.UNIT1_FRONTROW_TOPFLOOR | WALL_LDF_1.UNIT2_BACKROW_TOPFLOOR | WALL_SDL_1.UNIT1_BACKROW_TOPFLOOR | WALL_LDF_1.UNIT1_BACKROW_TOPFLOOR |
,OVERHANG_LDF_UNIT3_FRONTROW_MIDDLEFLOOR,WALL_LDF_1.UNIT1_FRONTROW_MIDDLEFLOOR | WALL_LDF_1.UNIT2_FRONTROW_MIDDLEFLOOR | WALL_LDF_1.UNIT3_FRONTROW_MIDDLEFLOOR | WALL_LDF_1.UNIT1_BACKROW_MIDDLEFLOOR | WALL_LDF_1.UNIT2_BACKROW_MIDDLEFLOOR | WALL_LDF_1.UNIT3_BACKROW_MIDDLEFLOOR |
,Mir-OVERHANG_LDF_UNIT3_FRONTROW_MIDDLEFLOOR,OVERHANG_LDF_UNIT1_FRONTROW_TOPFLOOR | OVERHANG_LDF_UNIT2_FRONTROW_TOPFLOOR | OVERHANG_SDR_UNIT3_FRONTROW_TOPFLOOR | OVERHANG_SDL_UNIT3_FRONTROW_TOPFLOOR | OVERHANG_LDF_UNIT3_FRONTROW_TOPFLOOR | OVERHANG_LDB_UNIT1_BACKROW_TOPFLOOR | OVERHANG_LDB_UNIT2_BACKROW_TOPFLOOR | OVERHANG_SDR_UNIT3_BACKROW_TOPFLOOR | OVERHANG_SDL_UNIT3_BACKROW_TOPFLOOR | OVERHANG_LDB_UNIT3_BACKROW_TOPFLOOR | BREEZEWAY_TOPFLOOR | WALL_LDF_1.UNIT1_FRONTROW_MIDDLEFLOOR | WALL_LDF_1.UNIT2_FRONTROW_MIDDLEFLOOR | WALL_LDF_1.UNIT3_FRONTROW_MIDDLEFLOOR | WALL_LDF_1.UNIT1_BACKROW_MIDDLEFLOOR | WALL_LDF_1.UNIT2_BACKROW_MIDDLEFLOOR | WALL_LDF_1.UNIT3_BACKROW_MIDDLEFLOOR | WALL_LDF_1.UNIT3_BACKROW_TOPFLOOR | WALL_LDF_1.UNIT3_FRONTROW_TOPFLOOR | WALL_LDF_1.UNIT1_FRONTROW_TOPFLOOR | WALL_LDF_1.UNIT2_BACKROW_TOPFLOOR | WALL_LDF_1.UNIT2_FRONTROW_TOPFLOOR | WALL_LDF_1.UNIT1_BACKROW_TOPFLOOR |
,OVERHANG_LDB_UNIT1_BACKROW_MIDDLEFLOOR,WALL_LDB_1.UNIT1_FRONTROW_MIDDLEFLOOR | WALL_LDB_1.UNIT2_FRONTROW_MIDDLEFLOOR | WALL_LDB_1.UNIT3_FRONTROW_MIDDLEFLOOR | WALL_LDB_1.UNIT1_BACKROW_MIDDLEFLOOR | WALL_LDB_1.UNIT2_BACKROW_MIDDLEFLOOR | WALL_LDB_1.UNIT3_BACKROW_MIDDLEFLOOR |
,Mir-OVERHANG_LDB_UNIT1_BACKROW_MIDDLEFLOOR,OVERHANG_LDF_UNIT1_FRONTROW_TOPFLOOR | OVERHANG_LDF_UNIT2_FRONTROW_TOPFLOOR | OVERHANG_SDR_UNIT3_FRONTROW_TOPFLOOR | OVERHANG_SDL_UNIT3_FRONTROW_TOPFLOOR | OVERHANG_LDF_UNIT3_FRONTROW_TOPFLOOR | OVERHANG_LDB_UNIT1_BACKROW_TOPFLOOR | OVERHANG_LDB_UNIT2_BACKROW_TOPFLOOR | OVERHANG_SDR_UNIT3_BACKROW_TOPFLOOR | OVERHANG_SDL_UNIT3_BACKROW_TOPFLOOR | OVERHANG_LDB_UNIT3_BACKROW_TOPFLOOR | BREEZEWAY_TOPFLOOR | WALL_LDB_1.UNIT1_FRONTROW_MIDDLEFLOOR | WALL_LDB_1.UNIT2_FRONTROW_MIDDLEFLOOR | WALL_LDB_1.UNIT3_FRONTROW_MIDDLEFLOOR | WALL_LDB_1.UNIT1_BACKROW_MIDDLEFLOOR | WALL_LDB_1.UNIT2_BACKROW_MIDDLEFLOOR | WALL_LDB_1.UNIT3_BACKROW_MIDDLEFLOOR | WALL_LDB_1.UNIT3_BACKROW_TOPFLOOR | WALL_LDB_1.UNIT3_FRONTROW_TOPFLOOR | WALL_LDB_1.UNIT1_FRONTROW_TOPFLOOR | WALL_LDB_1.UNIT2_BACKROW_TOPFLOOR | WALL_LDB_1.UNIT2_FRONTROW_TOPFLOOR | WALL_LDB_1.UNIT1_BACKROW_TOPFLOOR |
,OVERHANG_LDB_UNIT2_BACKROW_MIDDLEFLOOR,WALL_LDB_1.UNIT1_FRONTROW_MIDDLEFLOOR | WALL_LDB_1.UNIT2_FRONTROW_MIDDLEFLOOR | WALL_LDB_1.UNIT3_FRONTROW_MIDDLEFLOOR | WALL_LDB_1.UNIT1_BACKROW_MIDDLEFLOOR | WALL_LDB_1.UNIT2_BACKROW_MIDDLEFLOOR | WALL_LDB_1.UNIT3_BACKROW_MIDDLEFLOOR |
,Mir-OVERHANG_LDB_UNIT2_BACKROW_MIDDLEFLOOR,OVERHANG_LDF_UNIT1_FRONTROW_TOPFLOOR | OVERHANG_LDF_UNIT2_FRONTROW_TOPFLOOR | OVERHANG_SDR_UNIT3_FRONTROW_TOPFLOOR | OVERHANG_SDL_UNIT3_FRONTROW_TOPFLOOR | OVERHANG_LDF_UNIT3_FRONTROW_TOPFLOOR | OVERHANG_LDB_UNIT1_BACKROW_TOPFLOOR | OVERHANG_LDB_UNIT2_BACKROW_TOPFLOOR | OVERHANG_SDR_UNIT3_BACKROW_TOPFLOOR | OVERHANG_SDL_UNIT3_BACKROW_TOPFLOOR | OVERHANG_LDB_UNIT3_BACKROW_TOPFLOOR | BREEZEWAY_TOPFLOOR | WALL_LDB_1.UNIT1_FRONTROW_MIDDLEFLOOR | WALL_LDB_1.UNIT2_FRONTROW_MIDDLEFLOOR | WALL_LDB_1.UNIT3_FRONTROW_MIDDLEFLOOR | WALL_LDB_1.UNIT1_BACKROW_MIDDLEFLOOR | WALL_LDB_1.UNIT2_BACKROW_MIDDLEFLOOR | WALL_LDB_1.UNIT3_BACKROW_MIDDLEFLOOR | WALL_LDB_1.UNIT3_BACKROW_TOPFLOOR | WALL_LDB_1.UNIT3_FRONTROW_TOPFLOOR | WALL_LDB_1.UNIT1_FRONTROW_TOPFLOOR | WALL_LDB_1.UNIT2_BACKROW_TOPFLOOR | WALL_LDB_1.UNIT2_FRONTROW_TOPFLOOR | WALL_LDB_1.UNIT1_BACKROW_TOPFLOOR |
,OVERHANG_SDR_UNIT3_BACKROW_MIDDLEFLOOR,WALL_LDB_1.UNIT1_FRONTROW_MIDDLEFLOOR | WALL_LDB_1.UNIT2_FRONTROW_MIDDLEFLOOR | WALL_SDR_1.UNIT3_FRONTROW_MIDDLEFLOOR | WALL_LDB_1.UNIT3_FRONTROW_MIDDLEFLOOR | WALL_SDR_1.UNIT3_BACKROW_MIDDLEFLOOR |
,Mir-OVERHANG_SDR_UNIT3_BACKROW_MIDDLEFLOOR,OVERHANG_LDF_UNIT1_FRONTROW_TOPFLOOR | OVERHANG_LDF_UNIT2_FRONTROW_TOPFLOOR | OVERHANG_SDR_UNIT3_FRONTROW_TOPFLOOR | OVERHANG_SDL_UNIT3_FRONTROW_TOPFLOOR | OVERHANG_LDF_UNIT3_FRONTROW_TOPFLOOR | OVERHANG_LDB_UNIT1_BACKROW_TOPFLOOR | OVERHANG_LDB_UNIT2_BACKROW_TOPFLOOR | OVERHANG_SDR_UNIT3_BACKROW_TOPFLOOR | OVERHANG_SDL_UNIT3_BACKROW_TOPFLOOR | OVERHANG_LDB_UNIT3_BACKROW_TOPFLOOR | BREEZEWAY_TOPFLOOR | WALL_LDB_1.UNIT1_FRONTROW_MIDDLEFLOOR | WALL_LDB_1.UNIT2_FRONTROW_MIDDLEFLOOR | WALL_SDR_1.UNIT3_FRONTROW_MIDDLEFLOOR | WALL_LDB_1.UNIT3_FRONTROW_MIDDLEFLOOR | WALL_SDR_1.UNIT3_BACKROW_MIDDLEFLOOR | ROOF_RIGHT | WALL_SDR_1.UNIT3_BACKROW_TOPFLOOR | WALL_SDR_1.UNIT3_FRONTROW_TOPFLOOR | WALL_LDB_1.UNIT3_FRONTROW_TOPFLOOR | WALL_LDB_1.UNIT1_FRONTROW_TOPFLOOR | WALL_LDB_1.UNIT2_FRONTROW_TOPFLOOR |
,OVERHANG_SDL_UNIT3_BACKROW_MIDDLEFLOOR,WALL_LDB_1.UNIT1_FRONTROW_MIDDLEFLOOR | WALL_SDL_1.UNIT1_FRONTROW_MIDDLEFLOOR | WALL_LDB_1.UNIT2_FRONTROW_MIDDLEFLOOR | WALL_LDB_1.UNIT3_FRONTROW_MIDDLEFLOOR | WALL_SDL_1.UNIT1_BACKROW_MIDDLEFLOOR |
,Mir-OVERHANG_SDL_UNIT3_BACKROW_MIDDLEFLOOR,OVERHANG_LDF_UNIT1_FRONTROW_TOPFLOOR | OVERHANG_LDF_UNIT2_FRONTROW_TOPFLOOR | OVERHANG_SDR_UNIT3_FRONTROW_TOPFLOOR | OVERHANG_SDL_UNIT3_FRONTROW_TOPFLOOR | OVERHANG_LDF_UNIT3_FRONTROW_TOPFLOOR | OVERHANG_LDB_UNIT1_BACKROW_TOPFLOOR | OVERHANG_LDB_UNIT2_BACKROW_TOPFLOOR | OVERHANG_SDR_UNIT3_BACKROW_TOPFLOOR | OVERHANG_SDL_UNIT3_BACKROW_TOPFLOOR | OVERHANG_LDB_UNIT3_BACKROW_TOPFLOOR | BREEZEWAY_TOPFLOOR | WALL_LDB_1.UNIT1_FRONTROW_MIDDLEFLOOR | WALL_SDL_1.UNIT1_FRONTROW_MIDDLEFLOOR | WALL_LDB_1.UNIT2_FRONTROW_MIDDLEFLOOR | WALL_LDB_1.UNIT3_FRONTROW_MIDDLEFLOOR | WALL_SDL_1.UNIT1_BACKROW_MIDDLEFLOOR | ROOF_LEFT | WALL_LDB_1.UNIT3_FRONTROW_TOPFLOOR | WALL_SDL_1.UNIT1_FRONTROW_TOPFLOOR | WALL_LDB_1.UNIT1_FRONTROW_TOPFLOOR | WALL_LDB_1.UNIT2_FRONTROW_TOPFLOOR | WALL_SDL_1.UNIT1_BACKROW_TOPFLOOR |
,OVERHANG_LDB_UNIT3_BACKROW_MIDDLEFLOOR,WALL_LDB_1.UNIT1_FRONTROW_MIDDLEFLOOR | WALL_LDB_1.UNIT2_FRONTROW_MIDDLEFLOOR | WALL_LDB_1.UNIT3_FRONTROW_MIDDLEFLOOR | WALL_LDB_1.UNIT1_BACKROW_MIDDLEFLOOR | WALL_LDB_1.UNIT2_BACKROW_MIDDLEFLOOR | WALL_LDB_1.UNIT3_BACKROW_MIDDLEFLOOR |
,Mir-OVERHANG_LDB_UNIT3_BACKROW_MIDDLEFLOOR,OVERHANG_LDF_UNIT1_FRONTROW_TOPFLOOR | OVERHANG_LDF_UNIT2_FRONTROW_TOPFLOOR | OVERHANG_SDR_UNIT3_FRONTROW_TOPFLOOR | OVERHANG_SDL_UNIT3_FRONTROW_TOPFLOOR | OVERHANG_LDF_UNIT3_FRONTROW_TOPFLOOR | OVERHANG_LDB_UNIT1_BACKROW_TOPFLOOR | OVERHANG_LDB_UNIT2_BACKROW_TOPFLOOR | OVERHANG_SDR_UNIT3_BACKROW_TOPFLOOR | OVERHANG_SDL_UNIT3_BACKROW_TOPFLOOR | OVERHANG_LDB_UNIT3_BACKROW_TOPFLOOR | BREEZEWAY_TOPFLOOR | WALL_LDB_1.UNIT1_FRONTROW_MIDDLEFLOOR | WALL_LDB_1.UNIT2_FRONTROW_MIDDLEFLOOR | WALL_LDB_1.UNIT3_FRONTROW_MIDDLEFLOOR | WALL_LDB_1.UNIT1_BACKROW_MIDDLEFLOOR | WALL_LDB_1.UNIT2_BACKROW_MIDDLEFLOOR | WALL_LDB_1.UNIT3_BACKROW_MIDDLEFLOOR | WALL_LDB_1.UNIT3_BACKROW_TOPFLOOR | WALL_LDB_1.UNIT3_FRONTROW_TOPFLOOR | WALL_LDB_1.UNIT1_FRONTROW_TOPFLOOR | WALL_LDB_1.UNIT2_BACKROW_TOPFLOOR | WALL_LDB_1.UNIT2_FRONTROW_TOPFLOOR | WALL_LDB_1.UNIT1_BACKROW_TOPFLOOR |
,OVERHANG_LDF_UNIT1_FRONTROW_TOPFLOOR,WALL_LDF_1.UNIT3_BACKROW_TOPFLOOR | WALL_LDF_1.UNIT3_FRONTROW_TOPFLOOR | WALL_LDF_1.UNIT1_FRONTROW_TOPFLOOR | WALL_LDF_1.UNIT2_BACKROW_TOPFLOOR | WALL_LDF_1.UNIT2_FRONTROW_TOPFLOOR | WALL_LDF_1.UNIT1_BACKROW_TOPFLOOR |
,Mir-OVERHANG_LDF_UNIT1_FRONTROW_TOPFLOOR,WALL_LDF_1.UNIT3_BACKROW_TOPFLOOR | WALL_LDF_1.UNIT3_FRONTROW_TOPFLOOR | WALL_LDF_1.UNIT1_FRONTROW_TOPFLOOR | WALL_LDF_1.UNIT2_BACKROW_TOPFLOOR | WALL_LDF_1.UNIT2_FRONTROW_TOPFLOOR | WALL_LDF_1.UNIT1_BACKROW_TOPFLOOR |
,OVERHANG_LDF_UNIT2_FRONTROW_TOPFLOOR,WALL_LDF_1.UNIT3_BACKROW_TOPFLOOR | WALL_LDF_1.UNIT3_FRONTROW_TOPFLOOR | WALL_LDF_1.UNIT1_FRONTROW_TOPFLOOR | WALL_LDF_1.UNIT2_BACKROW_TOPFLOOR | WALL_LDF_1.UNIT2_FRONTROW_TOPFLOOR | WALL_LDF_1.UNIT1_BACKROW_TOPFLOOR |
,Mir-OVERHANG_LDF_UNIT2_FRONTROW_TOPFLOOR,WALL_LDF_1.UNIT3_BACKROW_TOPFLOOR | WALL_LDF_1.UNIT3_FRONTROW_TOPFLOOR | WALL_LDF_1.UNIT1_FRONTROW_TOPFLOOR | WALL_LDF_1.UNIT2_BACKROW_TOPFLOOR | WALL_LDF_1.UNIT2_FRONTROW_TOPFLOOR | WALL_LDF_1.UNIT1_BACKROW_TOPFLOOR |
,OVERHANG_SDR_UNIT3_FRONTROW_TOPFLOOR,WALL_SDR_1.UNIT3_BACKROW_TOPFLOOR | WALL_LDF_1.UNIT3_BACKROW_TOPFLOOR | WALL_SDR_1.UNIT3_FRONTROW_TOPFLOOR | WALL_LDF_1.UNIT2_BACKROW_TOPFLOOR | WALL_LDF_1.UNIT1_BACKROW_TOPFLOOR |
,Mir-OVERHANG_SDR_UNIT3_FRONTROW_TOPFLOOR,ROOF_RIGHT | WALL_SDR_1.UNIT3_BACKROW_TOPFLOOR | WALL_LDF_1.UNIT3_BACKROW_TOPFLOOR | WALL_SDR_1.UNIT3_FRONTROW_TOPFLOOR | WALL_LDF_1.UNIT2_BACKROW_TOPFLOOR | WALL_LDF_1.UNIT1_BACKROW_TOPFLOOR |
,OVERHANG_SDL_UNIT3_FRONTROW_TOPFLOOR,WALL_LDF_1.UNIT3_BACKROW_TOPFLOOR | WALL_SDL_1.UNIT1_FRONTROW_TOPFLOOR | WALL_LDF_1.UNIT2_BACKROW_TOPFLOOR | WALL_SDL_1.UNIT1_BACKROW_TOPFLOOR | WALL_LDF_1.UNIT1_BACKROW_TOPFLOOR |
,Mir-OVERHANG_SDL_UNIT3_FRONTROW_TOPFLOOR,ROOF_LEFT | WALL_LDF_1.UNIT3_BACKROW_TOPFLOOR | WALL_SDL_1.UNIT1_FRONTROW_TOPFLOOR | WALL_LDF_1.UNIT2_BACKROW_TOPFLOOR | WALL_SDL_1.UNIT1_BACKROW_TOPFLOOR | WALL_LDF_1.UNIT1_BACKROW_TOPFLOOR |
,OVERHANG_LDF_UNIT3_FRONTROW_TOPFLOOR,WALL_LDF_1.UNIT3_BACKROW_TOPFLOOR | WALL_LDF_1.UNIT3_FRONTROW_TOPFLOOR | WALL_LDF_1.UNIT1_FRONTROW_TOPFLOOR | WALL_LDF_1.UNIT2_BACKROW_TOPFLOOR | WALL_LDF_1.UNIT2_FRONTROW_TOPFLOOR | WALL_LDF_1.UNIT1_BACKROW_TOPFLOOR |
,Mir-OVERHANG_LDF_UNIT3_FRONTROW_TOPFLOOR,WALL_LDF_1.UNIT3_BACKROW_TOPFLOOR | WALL_LDF_1.UNIT3_FRONTROW_TOPFLOOR | WALL_LDF_1.UNIT1_FRONTROW_TOPFLOOR | WALL_LDF_1.UNIT2_BACKROW_TOPFLOOR | WALL_LDF_1.UNIT2_FRONTROW_TOPFLOOR | WALL_LDF_1.UNIT1_BACKROW_TOPFLOOR |
,OVERHANG_LDB_UNIT1_BACKROW_TOPFLOOR,WALL_LDB_1.UNIT3_BACKROW_TOPFLOOR | WALL_LDB_1.UNIT3_FRONTROW_TOPFLOOR | WALL_LDB_1.UNIT1_FRONTROW_TOPFLOOR | WALL_LDB_1.UNIT2_BACKROW_TOPFLOOR | WALL_LDB_1.UNIT2_FRONTROW_TOPFLOOR | WALL_LDB_1.UNIT1_BACKROW_TOPFLOOR |
,Mir-OVERHANG_LDB_UNIT1_BACKROW_TOPFLOOR,WALL_LDB_1.UNIT3_BACKROW_TOPFLOOR | WALL_LDB_1.UNIT3_FRONTROW_TOPFLOOR | WALL_LDB_1.UNIT1_FRONTROW_TOPFLOOR | WALL_LDB_1.UNIT2_BACKROW_TOPFLOOR | WALL_LDB_1.UNIT2_FRONTROW_TOPFLOOR | WALL_LDB_1.UNIT1_BACKROW_TOPFLOOR |
,OVERHANG_LDB_UNIT2_BACKROW_TOPFLOOR,WALL_LDB_1.UNIT3_BACKROW_TOPFLOOR | WALL_LDB_1.UNIT3_FRONTROW_TOPFLOOR | WALL_LDB_1.UNIT1_FRONTROW_TOPFLOOR | WALL_LDB_1.UNIT2_BACKROW_TOPFLOOR | WALL_LDB_1.UNIT2_FRONTROW_TOPFLOOR | WALL_LDB_1.UNIT1_BACKROW_TOPFLOOR |
,Mir-OVERHANG_LDB_UNIT2_BACKROW_TOPFLOOR,WALL_LDB_1.UNIT3_BACKROW_TOPFLOOR | WALL_LDB_1.UNIT3_FRONTROW_TOPFLOOR | WALL_LDB_1.UNIT1_FRONTROW_TOPFLOOR | WALL_LDB_1.UNIT2_BACKROW_TOPFLOOR | WALL_LDB_1.UNIT2_FRONTROW_TOPFLOOR | WALL_LDB_1.UNIT1_BACKROW_TOPFLOOR |
,OVERHANG_SDR_UNIT3_BACKROW_TOPFLOOR,WALL_SDR_1.UNIT3_BACKROW_TOPFLOOR | WALL_SDR_1.UNIT3_FRONTROW_TOPFLOOR | WALL_LDB_1.UNIT3_FRONTROW_TOPFLOOR | WALL_LDB_1.UNIT1_FRONTROW_TOPFLOOR | WALL_LDB_1.UNIT2_FRONTROW_TOPFLOOR |
,Mir-OVERHANG_SDR_UNIT3_BACKROW_TOPFLOOR,ROOF_RIGHT | WALL_SDR_1.UNIT3_BACKROW_TOPFLOOR | WALL_SDR_1.UNIT3_FRONTROW_TOPFLOOR | WALL_LDB_1.UNIT3_FRONTROW_TOPFLOOR | WALL_LDB_1.UNIT1_FRONTROW_TOPFLOOR | WALL_LDB_1.UNIT2_FRONTROW_TOPFLOOR |
,OVERHANG_SDL_UNIT3_BACKROW_TOPFLOOR,WALL_LDB_1.UNIT3_FRONTROW_TOPFLOOR | WALL_SDL_1.UNIT1_FRONTROW_TOPFLOOR | WALL_LDB_1.UNIT1_FRONTROW_TOPFLOOR | WALL_LDB_1.UNIT2_FRONTROW_TOPFLOOR | WALL_SDL_1.UNIT1_BACKROW_TOPFLOOR |
,Mir-OVERHANG_SDL_UNIT3_BACKROW_TOPFLOOR,ROOF_LEFT | WALL_LDB_1.UNIT3_FRONTROW_TOPFLOOR | WALL_SDL_1.UNIT1_FRONTROW_TOPFLOOR | WALL_LDB_1.UNIT1_FRONTROW_TOPFLOOR | WALL_LDB_1.UNIT2_FRONTROW_TOPFLOOR | WALL_SDL_1.UNIT1_BACKROW_TOPFLOOR |
,OVERHANG_LDB_UNIT3_BACKROW_TOPFLOOR,WALL_LDB_1.UNIT3_BACKROW_TOPFLOOR | WALL_LDB_1.UNIT3_FRONTROW_TOPFLOOR | WALL_LDB_1.UNIT1_FRONTROW_TOPFLOOR | WALL_LDB_1.UNIT2_BACKROW_TOPFLOOR | WALL_LDB_1.UNIT2_FRONTROW_TOPFLOOR | WALL_LDB_1.UNIT1_BACKROW_TOPFLOOR |
,Mir-OVERHANG_LDB_UNIT3_BACKROW_TOPFLOOR,WALL_LDB_1.UNIT3_BACKROW_TOPFLOOR | WALL_LDB_1.UNIT3_FRONTROW_TOPFLOOR | WALL_LDB_1.UNIT1_FRONTROW_TOPFLOOR | WALL_LDB_1.UNIT2_BACKROW_TOPFLOOR | WALL_LDB_1.UNIT2_FRONTROW_TOPFLOOR | WALL_LDB_1.UNIT1_BACKROW_TOPFLOOR |
,BGWALL_UPPER_LDF,OVERHANG_LDF_UNIT1_FRONTROW_BOTTOMFLOOR | OVERHANG_LDF_UNIT2_FRONTROW_BOTTOMFLOOR | OVERHANG_LDF_UNIT3_FRONTROW_BOTTOMFLOOR | OVERHANG_LDF_UNIT1_FRONTROW_MIDDLEFLOOR | OVERHANG_LDF_UNIT2_FRONTROW_MIDDLEFLOOR | OVERHANG_LDF_UNIT3_FRONTROW_MIDDLEFLOOR | OVERHANG_LDF_UNIT1_FRONTROW_TOPFLOOR | OVERHANG_LDF_UNIT2_FRONTROW_TOPFLOOR | OVERHANG_LDF_UNIT3_FRONTROW_TOPFLOOR |
,BGWALL_UPPER_SDR,OVERHANG_SDR_UNIT3_FRONTROW_BOTTOMFLOOR | OVERHANG_SDR_UNIT3_BACKROW_BOTTOMFLOOR | OVERHANG_SDR_UNIT3_FRONTROW_MIDDLEFLOOR | OVERHANG_SDR_UNIT3_BACKROW_MIDDLEFLOOR | OVERHANG_SDR_UNIT3_FRONTROW_TOPFLOOR | OVERHANG_SDR_UNIT3_BACKROW_TOPFLOOR |
,BGWALL_UPPER_LDB,OVERHANG_LDB_UNIT1_BACKROW_BOTTOMFLOOR | OVERHANG_LDB_UNIT2_BACKROW_BOTTOMFLOOR | OVERHANG_LDB_UNIT3_BACKROW_BOTTOMFLOOR | OVERHANG_LDB_UNIT1_BACKROW_MIDDLEFLOOR | OVERHANG_LDB_UNIT2_BACKROW_MIDDLEFLOOR | OVERHANG_LDB_UNIT3_BACKROW_MIDDLEFLOOR | OVERHANG_LDB_UNIT1_BACKROW_TOPFLOOR | OVERHANG_LDB_UNIT2_BACKROW_TOPFLOOR | OVERHANG_LDB_UNIT3_BACKROW_TOPFLOOR |
,BGWALL_UPPER_SDL,OVERHANG_SDL_UNIT3_FRONTROW_BOTTOMFLOOR | OVERHANG_SDL_UNIT3_BACKROW_BOTTOMFLOOR | OVERHANG_SDL_UNIT3_FRONTROW_MIDDLEFLOOR | OVERHANG_SDL_UNIT3_BACKROW_MIDDLEFLOOR | OVERHANG_SDL_UNIT3_FRONTROW_TOPFLOOR | OVERHANG_SDL_UNIT3_BACKROW_TOPFLOOR |
,BREEZEWAY_MIDDLEFLOOR,WALL_LDB_1.UNIT1_FRONTROW_BOTTOMFLOOR | WALL_LDB_1.UNIT2_FRONTROW_BOTTOMFLOOR | WALL_LDB_1.UNIT3_FRONTROW_BOTTOMFLOOR | WALL_LDF_1.UNIT1_BACKROW_BOTTOMFLOOR | WALL_LDF_1.UNIT2_BACKROW_BOTTOMFLOOR | WALL_LDF_1.UNIT3_BACKROW_BOTTOMFLOOR |
,BREEZEWAY_TOPFLOOR,WALL_LDB_1.UNIT1_FRONTROW_MIDDLEFLOOR | WALL_LDB_1.UNIT2_FRONTROW_MIDDLEFLOOR | WALL_LDB_1.UNIT3_FRONTROW_MIDDLEFLOOR | WALL_LDF_1.UNIT1_BACKROW_MIDDLEFLOOR | WALL_LDF_1.UNIT2_BACKROW_MIDDLEFLOOR | WALL_LDF_1.UNIT3_BACKROW_MIDDLEFLOOR |
,WALL_LDF_1.UNIT1_FRONTROW_BOTTOMFLOOR,OVERHANG_LDF_UNIT1_FRONTROW_BOTTOMFLOOR | OVERHANG_LDF_UNIT2_FRONTROW_BOTTOMFLOOR | OVERHANG_LDF_UNIT3_FRONTROW_BOTTOMFLOOR | OVERHANG_LDF_UNIT1_FRONTROW_MIDDLEFLOOR | OVERHANG_LDF_UNIT2_FRONTROW_MIDDLEFLOOR | OVERHANG_LDF_UNIT3_FRONTROW_MIDDLEFLOOR | OVERHANG_LDF_UNIT1_FRONTROW_TOPFLOOR | OVERHANG_LDF_UNIT2_FRONTROW_TOPFLOOR | OVERHANG_LDF_UNIT3_FRONTROW_TOPFLOOR |
,WALL_LDB_1.UNIT1_FRONTROW_BOTTOMFLOOR,OVERHANG_LDB_UNIT1_BACKROW_BOTTOMFLOOR | OVERHANG_LDB_UNIT2_BACKROW_BOTTOMFLOOR | OVERHANG_SDR_UNIT3_BACKROW_BOTTOMFLOOR | OVERHANG_SDL_UNIT3_BACKROW_BOTTOMFLOOR | OVERHANG_LDB_UNIT3_BACKROW_BOTTOMFLOOR | OVERHANG_LDB_UNIT1_BACKROW_MIDDLEFLOOR | OVERHANG_LDB_UNIT2_BACKROW_MIDDLEFLOOR | OVERHANG_SDR_UNIT3_BACKROW_MIDDLEFLOOR | OVERHANG_SDL_UNIT3_BACKROW_MIDDLEFLOOR | OVERHANG_LDB_UNIT3_BACKROW_MIDDLEFLOOR | OVERHANG_LDB_UNIT1_BACKROW_TOPFLOOR | OVERHANG_LDB_UNIT2_BACKROW_TOPFLOOR | OVERHANG_SDR_UNIT3_BACKROW_TOPFLOOR | OVERHANG_SDL_UNIT3_BACKROW_TOPFLOOR | OVERHANG_LDB_UNIT3_BACKROW_TOPFLOOR | BREEZEWAY_MIDDLEFLOOR | BREEZEWAY_TOPFLOOR | WALL_LDF_1.UNIT1_BACKROW_BOTTOMFLOOR | WALL_LDF_1.UNIT2_BACKROW_BOTTOMFLOOR | WALL_LDF_1.UNIT3_BACKROW_BOTTOMFLOOR | WALL_LDF_1.UNIT1_BACKROW_MIDDLEFLOOR | WALL_LDF_1.UNIT2_BACKROW_MIDDLEFLOOR | WALL_LDF_1.UNIT3_BACKROW_MIDDLEFLOOR | WALL_LDF_1.UNIT3_BACKROW_TOPFLOOR | WALL_LDF_1.UNIT2_BACKROW_TOPFLOOR | WALL_LDF_1.UNIT1_BACKROW_TOPFLOOR |
,WALL_SDL_1.UNIT1_FRONTROW_BOTTOMFLOOR,OVERHANG_SDL_UNIT3_FRONTROW_BOTTOMFLOOR | OVERHANG_SDL_UNIT3_BACKROW_BOTTOMFLOOR | OVERHANG_SDL_UNIT3_FRONTROW_MIDDLEFLOOR | OVERHANG_SDL_UNIT3_BACKROW_MIDDLEFLOOR | OVERHANG_SDL_UNIT3_FRONTROW_TOPFLOOR | OVERHANG_SDL_UNIT3_BACKROW_TOPFLOOR |
,WALL_LDF_1.UNIT2_FRONTROW_BOTTOMFLOOR,OVERHANG_LDF_UNIT1_FRONTROW_BOTTOMFLOOR | OVERHANG_LDF_UNIT2_FRONTROW_BOTTOMFLOOR | OVERHANG_LDF_UNIT3_FRONTROW_BOTTOMFLOOR | OVERHANG_LDF_UNIT1_FRONTROW_MIDDLEFLOOR | OVERHANG_LDF_UNIT2_FRONTROW_MIDDLEFLOOR | OVERHANG_LDF_UNIT3_FRONTROW_MIDDLEFLOOR | OVERHANG_LDF_UNIT1_FRONTROW_TOPFLOOR | OVERHANG_LDF_UNIT2_FRONTROW_TOPFLOOR | OVERHANG_LDF_UNIT3_FRONTROW_TOPFLOOR |
,WALL_LDB_1.UNIT2_FRONTROW_BOTTOMFLOOR,OVERHANG_LDB_UNIT1_BACKROW_BOTTOMFLOOR | OVERHANG_LDB_UNIT2_BACKROW_BOTTOMFLOOR | OVERHANG_SDR_UNIT3_BACKROW_BOTTOMFLOOR | OVERHANG_SDL_UNIT3_BACKROW_BOTTOMFLOOR | OVERHANG_LDB_UNIT3_BACKROW_BOTTOMFLOOR | OVERHANG_LDB_UNIT1_BACKROW_MIDDLEFLOOR | OVERHANG_LDB_UNIT2_BACKROW_MIDDLEFLOOR | OVERHANG_SDR_UNIT3_BACKROW_MIDDLEFLOOR | OVERHANG_SDL_UNIT3_BACKROW_MIDDLEFLOOR | OVERHANG_LDB_UNIT3_BACKROW_MIDDLEFLOOR | OVERHANG_LDB_UNIT1_BACKROW_TOPFLOOR | OVERHANG_LDB_UNIT2_BACKROW_TOPFLOOR | OVERHANG_SDR_UNIT3_BACKROW_TOPFLOOR | OVERHANG_SDL_UNIT3_BACKROW_TOPFLOOR | OVERHANG_LDB_UNIT3_BACKROW_TOPFLOOR | BREEZEWAY_MIDDLEFLOOR | BREEZEWAY_TOPFLOOR | WALL_LDF_1.UNIT1_BACKROW_BOTTOMFLOOR | WALL_LDF_1.UNIT2_BACKROW_BOTTOMFLOOR | WALL_LDF_1.UNIT3_BACKROW_BOTTOMFLOOR | WALL_LDF_1.UNIT1_BACKROW_MIDDLEFLOOR | WALL_LDF_1.UNIT2_BACKROW_MIDDLEFLOOR | WALL_LDF_1.UNIT3_BACKROW_MIDDLEFLOOR | WALL_LDF_1.UNIT3_BACKROW_TOPFLOOR | WALL_LDF_1.UNIT2_BACKROW_TOPFLOOR | WALL_LDF_1.UNIT1_BACKROW_TOPFLOOR |
,WALL_LDF_1.UNIT3_FRONTROW_BOTTOMFLOOR,OVERHANG_LDF_UNIT1_FRONTROW_BOTTOMFLOOR | OVERHANG_LDF_UNIT2_FRONTROW_BOTTOMFLOOR | OVERHANG_LDF_UNIT3_FRONTROW_BOTTOMFLOOR | OVERHANG_LDF_UNIT1_FRONTROW_MIDDLEFLOOR | OVERHANG_LDF_UNIT2_FRONTROW_MIDDLEFLOOR | OVERHANG_LDF_UNIT3_FRONTROW_MIDDLEFLOOR | OVERHANG_LDF_UNIT1_FRONTROW_TOPFLOOR | OVERHANG_LDF_UNIT2_FRONTROW_TOPFLOOR | OVERHANG_LDF_UNIT3_FRONTROW_TOPFLOOR |
,WALL_SDR_1.UNIT3_FRONTROW_BOTTOMFLOOR,OVERHANG_SDR_UNIT3_FRONTROW_BOTTOMFLOOR | OVERHANG_SDR_UNIT3_BACKROW_BOTTOMFLOOR | OVERHANG_SDR_UNIT3_FRONTROW_MIDDLEFLOOR | OVERHANG_SDR_UNIT3_BACKROW_MIDDLEFLOOR | OVERHANG_SDR_UNIT3_FRONTROW_TOPFLOOR | OVERHANG_SDR_UNIT3_BACKROW_TOPFLOOR |
,WALL_LDB_1.UNIT3_FRONTROW_BOTTOMFLOOR,OVERHANG_LDB_UNIT1_BACKROW_BOTTOMFLOOR | OVERHANG_LDB_UNIT2_BACKROW_BOTTOMFLOOR | OVERHANG_SDR_UNIT3_BACKROW_BOTTOMFLOOR | OVERHANG_SDL_UNIT3_BACKROW_BOTTOMFLOOR | OVERHANG_LDB_UNIT3_BACKROW_BOTTOMFLOOR | OVERHANG_LDB_UNIT1_BACKROW_MIDDLEFLOOR | OVERHANG_LDB_UNIT2_BACKROW_MIDDLEFLOOR | OVERHANG_SDR_UNIT3_BACKROW_MIDDLEFLOOR | OVERHANG_SDL_UNIT3_BACKROW_MIDDLEFLOOR | OVERHANG_LDB_UNIT3_BACKROW_MIDDLEFLOOR | OVERHANG_LDB_UNIT1_BACKROW_TOPFLOOR | OVERHANG_LDB_UNIT2_BACKROW_TOPFLOOR | OVERHANG_SDR_UNIT3_BACKROW_TOPFLOOR | OVERHANG_SDL_UNIT3_BACKROW_TOPFLOOR | OVERHANG_LDB_UNIT3_BACKROW_TOPFLOOR | BREEZEWAY_MIDDLEFLOOR | BREEZEWAY_TOPFLOOR | WALL_LDF_1.UNIT1_BACKROW_BOTTOMFLOOR | WALL_LDF_1.UNIT2_BACKROW_BOTTOMFLOOR | WALL_LDF_1.UNIT3_BACKROW_BOTTOMFLOOR | WALL_LDF_1.UNIT1_BACKROW_MIDDLEFLOOR | WALL_LDF_1.UNIT2_BACKROW_MIDDLEFLOOR | WALL_LDF_1.UNIT3_BACKROW_MIDDLEFLOOR | WALL_LDF_1.UNIT3_BACKROW_TOPFLOOR | WALL_LDF_1.UNIT2_BACKROW_TOPFLOOR | WALL_LDF_1.UNIT1_BACKROW_TOPFLOOR |
,WALL_LDF_1.UNIT1_BACKROW_BOTTOMFLOOR,OVERHANG_LDF_UNIT1_FRONTROW_BOTTOMFLOOR | OVERHANG_LDF_UNIT2_FRONTROW_BOTTOMFLOOR | OVERHANG_SDR_UNIT3_FRONTROW_BOTTOMFLOOR | OVERHANG_SDL_UNIT3_FRONTROW_BOTTOMFLOOR | OVERHANG_LDF_UNIT3_FRONTROW_BOTTOMFLOOR | OVERHANG_LDF_UNIT1_FRONTROW_MIDDLEFLOOR | OVERHANG_LDF_UNIT2_FRONTROW_MIDDLEFLOOR | OVERHANG_SDR_UNIT3_FRONTROW_MIDDLEFLOOR | OVERHANG_SDL_UNIT3_FRONTROW_MIDDLEFLOOR | OVERHANG_LDF_UNIT3_FRONTROW_MIDDLEFLOOR | OVERHANG_LDF_UNIT1_FRONTROW_TOPFLOOR | OVERHANG_LDF_UNIT2_FRONTROW_TOPFLOOR | OVERHANG_SDR_UNIT3_FRONTROW_TOPFLOOR | OVERHANG_SDL_UNIT3_FRONTROW_TOPFLOOR | OVERHANG_LDF_UNIT3_FRONTROW_TOPFLOOR | BREEZEWAY_MIDDLEFLOOR | BREEZEWAY_TOPFLOOR | WALL_LDB_1.UNIT1_FRONTROW_BOTTOMFLOOR | WALL_LDB_1.UNIT2_FRONTROW_BOTTOMFLOOR | WALL_LDB_1.UNIT3_FRONTROW_BOTTOMFLOOR | WALL_LDB_1.UNIT1_FRONTROW_MIDDLEFLOOR | WALL_LDB_1.UNIT2_FRONTROW_MIDDLEFLOOR | WALL_LDB_1.UNIT3_FRONTROW_MIDDLEFLOOR | WALL_LDB_1.UNIT3_FRONTROW_TOPFLOOR | WALL_LDB_1.UNIT1_FRONTROW_TOPFLOOR | WALL_LDB_1.UNIT2_FRONTROW_TOPFLOOR |
,WALL_LDB_1.UNIT1_BACKROW_BOTTOMFLOOR,OVERHANG_LDB_UNIT1_BACKROW_BOTTOMFLOOR | OVERHANG_LDB_UNIT2_BACKROW_BOTTOMFLOOR | OVERHANG_LDB_UNIT3_BACKROW_BOTTOMFLOOR | OVERHANG_LDB_UNIT1_BACKROW_MIDDLEFLOOR | OVERHANG_LDB_UNIT2_BACKROW_MIDDLEFLOOR | OVERHANG_LDB_UNIT3_BACKROW_MIDDLEFLOOR | OVERHANG_LDB_UNIT1_BACKROW_TOPFLOOR | OVERHANG_LDB_UNIT2_BACKROW_TOPFLOOR | OVERHANG_LDB_UNIT3_BACKROW_TOPFLOOR |
,WALL_SDL_1.UNIT1_BACKROW_BOTTOMFLOOR,OVERHANG_SDL_UNIT3_FRONTROW_BOTTOMFLOOR | OVERHANG_SDL_UNIT3_BACKROW_BOTTOMFLOOR | OVERHANG_SDL_UNIT3_FRONTROW_MIDDLEFLOOR | OVERHANG_SDL_UNIT3_BACKROW_MIDDLEFLOOR | OVERHANG_SDL_UNIT3_FRONTROW_TOPFLOOR | OVERHANG_SDL_UNIT3_BACKROW_TOPFLOOR |
,WALL_LDF_1.UNIT2_BACKROW_BOTTOMFLOOR,OVERHANG_LDF_UNIT1_FRONTROW_BOTTOMFLOOR | OVERHANG_LDF_UNIT2_FRONTROW_BOTTOMFLOOR | OVERHANG_SDR_UNIT3_FRONTROW_BOTTOMFLOOR | OVERHANG_SDL_UNIT3_FRONTROW_BOTTOMFLOOR | OVERHANG_LDF_UNIT3_FRONTROW_BOTTOMFLOOR | OVERHANG_LDF_UNIT1_FRONTROW_MIDDLEFLOOR | OVERHANG_LDF_UNIT2_FRONTROW_MIDDLEFLOOR | OVERHANG_SDR_UNIT3_FRONTROW_MIDDLEFLOOR | OVERHANG_SDL_UNIT3_FRONTROW_MIDDLEFLOOR | OVERHANG_LDF_UNIT3_FRONTROW_MIDDLEFLOOR | OVERHANG_LDF_UNIT1_FRONTROW_TOPFLOOR | OVERHANG_LDF_UNIT2_FRONTROW_TOPFLOOR | OVERHANG_SDR_UNIT3_FRONTROW_TOPFLOOR | OVERHANG_SDL_UNIT3_FRONTROW_TOPFLOOR | OVERHANG_LDF_UNIT3_FRONTROW_TOPFLOOR | BREEZEWAY_MIDDLEFLOOR | BREEZEWAY_TOPFLOOR | WALL_LDB_1.UNIT1_FRONTROW_BOTTOMFLOOR | WALL_LDB_1.UNIT2_FRONTROW_BOTTOMFLOOR | WALL_LDB_1.UNIT3_FRONTROW_BOTTOMFLOOR | WALL_LDB_1.UNIT1_FRONTROW_MIDDLEFLOOR | WALL_LDB_1.UNIT2_FRONTROW_MIDDLEFLOOR | WALL_LDB_1.UNIT3_FRONTROW_MIDDLEFLOOR | WALL_LDB_1.UNIT3_FRONTROW_TOPFLOOR | WALL_LDB_1.UNIT1_FRONTROW_TOPFLOOR | WALL_LDB_1.UNIT2_FRONTROW_TOPFLOOR |
,WALL_LDB_1.UNIT2_BACKROW_BOTTOMFLOOR,OVERHANG_LDB_UNIT1_BACKROW_BOTTOMFLOOR | OVERHANG_LDB_UNIT2_BACKROW_BOTTOMFLOOR | OVERHANG_LDB_UNIT3_BACKROW_BOTTOMFLOOR | OVERHANG_LDB_UNIT1_BACKROW_MIDDLEFLOOR | OVERHANG_LDB_UNIT2_BACKROW_MIDDLEFLOOR | OVERHANG_LDB_UNIT3_BACKROW_MIDDLEFLOOR | OVERHANG_LDB_UNIT1_BACKROW_TOPFLOOR | OVERHANG_LDB_UNIT2_BACKROW_TOPFLOOR | OVERHANG_LDB_UNIT3_BACKROW_TOPFLOOR |
,WALL_LDF_1.UNIT3_BACKROW_BOTTOMFLOOR,OVERHANG_LDF_UNIT1_FRONTROW_BOTTOMFLOOR | OVERHANG_LDF_UNIT2_FRONTROW_BOTTOMFLOOR | OVERHANG_SDR_UNIT3_FRONTROW_BOTTOMFLOOR | OVERHANG_SDL_UNIT3_FRONTROW_BOTTOMFLOOR | OVERHANG_LDF_UNIT3_FRONTROW_BOTTOMFLOOR | OVERHANG_LDF_UNIT1_FRONTROW_MIDDLEFLOOR | OVERHANG_LDF_UNIT2_FRONTROW_MIDDLEFLOOR | OVERHANG_SDR_UNIT3_FRONTROW_MIDDLEFLOOR | OVERHANG_SDL_UNIT3_FRONTROW_MIDDLEFLOOR | OVERHANG_LDF_UNIT3_FRONTROW_MIDDLEFLOOR | OVERHANG_LDF_UNIT1_FRONTROW_TOPFLOOR | OVERHANG_LDF_UNIT2_FRONTROW_TOPFLOOR | OVERHANG_SDR_UNIT3_FRONTROW_TOPFLOOR | OVERHANG_SDL_UNIT3_FRONTROW_TOPFLOOR | OVERHANG_LDF_UNIT3_FRONTROW_TOPFLOOR | BREEZEWAY_MIDDLEFLOOR | BREEZEWAY_TOPFLOOR | WALL_LDB_1.UNIT1_FRONTROW_BOTTOMFLOOR | WALL_LDB_1.UNIT2_FRONTROW_BOTTOMFLOOR | WALL_LDB_1.UNIT3_FRONTROW_BOTTOMFLOOR | WALL_LDB_1.UNIT1_FRONTROW_MIDDLEFLOOR | WALL_LDB_1.UNIT2_FRONTROW_MIDDLEFLOOR | WALL_LDB_1.UNIT3_FRONTROW_MIDDLEFLOOR | WALL_LDB_1.UNIT3_FRONTROW_TOPFLOOR | WALL_LDB_1.UNIT1_FRONTROW_TOPFLOOR | WALL_LDB_1.UNIT2_FRONTROW_TOPFLOOR |
,WALL_SDR_1.UNIT3_BACKROW_BOTTOMFLOOR,OVERHANG_SDR_UNIT3_FRONTROW_BOTTOMFLOOR | OVERHANG_SDR_UNIT3_BACKROW_BOTTOMFLOOR | OVERHANG_SDR_UNIT3_FRONTROW_MIDDLEFLOOR | OVERHANG_SDR_UNIT3_BACKROW_MIDDLEFLOOR | OVERHANG_SDR_UNIT3_FRONTROW_TOPFLOOR | OVERHANG_SDR_UNIT3_BACKROW_TOPFLOOR |
,WALL_LDB_1.UNIT3_BACKROW_BOTTOMFLOOR,OVERHANG_LDB_UNIT1_BACKROW_BOTTOMFLOOR | OVERHANG_LDB_UNIT2_BACKROW_BOTTOMFLOOR | OVERHANG_LDB_UNIT3_BACKROW_BOTTOMFLOOR | OVERHANG_LDB_UNIT1_BACKROW_MIDDLEFLOOR | OVERHANG_LDB_UNIT2_BACKROW_MIDDLEFLOOR | OVERHANG_LDB_UNIT3_BACKROW_MIDDLEFLOOR | OVERHANG_LDB_UNIT1_BACKROW_TOPFLOOR | OVERHANG_LDB_UNIT2_BACKROW_TOPFLOOR | OVERHANG_LDB_UNIT3_BACKROW_TOPFLOOR |
,WALL_LDF_1.UNIT1_FRONTROW_MIDDLEFLOOR,OVERHANG_LDF_UNIT1_FRONTROW_MIDDLEFLOOR | OVERHANG_LDF_UNIT2_FRONTROW_MIDDLEFLOOR | OVERHANG_LDF_UNIT3_FRONTROW_MIDDLEFLOOR | OVERHANG_LDF_UNIT1_FRONTROW_TOPFLOOR | OVERHANG_LDF_UNIT2_FRONTROW_TOPFLOOR | OVERHANG_LDF_UNIT3_FRONTROW_TOPFLOOR |
,WALL_LDB_1.UNIT1_FRONTROW_MIDDLEFLOOR,OVERHANG_LDB_UNIT1_BACKROW_MIDDLEFLOOR | OVERHANG_LDB_UNIT2_BACKROW_MIDDLEFLOOR | OVERHANG_SDR_UNIT3_BACKROW_MIDDLEFLOOR | OVERHANG_SDL_UNIT3_BACKROW_MIDDLEFLOOR | OVERHANG_LDB_UNIT3_BACKROW_MIDDLEFLOOR | OVERHANG_LDB_UNIT1_BACKROW_TOPFLOOR | OVERHANG_LDB_UNIT2_BACKROW_TOPFLOOR | OVERHANG_SDR_UNIT3_BACKROW_TOPFLOOR | OVERHANG_SDL_UNIT3_BACKROW_TOPFLOOR | OVERHANG_LDB_UNIT3_BACKROW_TOPFLOOR | BREEZEWAY_TOPFLOOR | WALL_LDF_1.UNIT1_BACKROW_BOTTOMFLOOR | WALL_LDF_1.UNIT2_BACKROW_BOTTOMFLOOR | WALL_LDF_1.UNIT3_BACKROW_BOTTOMFLOOR | WALL_LDF_1.UNIT1_BACKROW_MIDDLEFLOOR | WALL_LDF_1.UNIT2_BACKROW_MIDDLEFLOOR | WALL_LDF_1.UNIT3_BACKROW_MIDDLEFLOOR | WALL_LDF_1.UNIT3_BACKROW_TOPFLOOR | WALL_LDF_1.UNIT2_BACKROW_TOPFLOOR | WALL_LDF_1.UNIT1_BACKROW_TOPFLOOR |
,WALL_SDL_1.UNIT1_FRONTROW_MIDDLEFLOOR,OVERHANG_SDL_UNIT3_FRONTROW_MIDDLEFLOOR | OVERHANG_SDL_UNIT3_BACKROW_MIDDLEFLOOR | OVERHANG_SDL_UNIT3_FRONTROW_TOPFLOOR | OVERHANG_SDL_UNIT3_BACKROW_TOPFLOOR |
,WALL_LDF_1.UNIT2_FRONTROW_MIDDLEFLOOR,OVERHANG_LDF_UNIT1_FRONTROW_MIDDLEFLOOR | OVERHANG_LDF_UNIT2_FRONTROW_MIDDLEFLOOR | OVERHANG_LDF_UNIT3_FRONTROW_MIDDLEFLOOR | OVERHANG_LDF_UNIT1_FRONTROW_TOPFLOOR | OVERHANG_LDF_UNIT2_FRONTROW_TOPFLOOR | OVERHANG_LDF_UNIT3_FRONTROW_TOPFLOOR |
,WALL_LDB_1.UNIT2_FRONTROW_MIDDLEFLOOR,OVERHANG_LDB_UNIT1_BACKROW_MIDDLEFLOOR | OVERHANG_LDB_UNIT2_BACKROW_MIDDLEFLOOR | OVERHANG_SDR_UNIT3_BACKROW_MIDDLEFLOOR | OVERHANG_SDL_UNIT3_BACKROW_MIDDLEFLOOR | OVERHANG_LDB_UNIT3_BACKROW_MIDDLEFLOOR | OVERHANG_LDB_UNIT1_BACKROW_TOPFLOOR | OVERHANG_LDB_UNIT2_BACKROW_TOPFLOOR | OVERHANG_SDR_UNIT3_BACKROW_TOPFLOOR | OVERHANG_SDL_UNIT3_BACKROW_TOPFLOOR | OVERHANG_LDB_UNIT3_BACKROW_TOPFLOOR | BREEZEWAY_TOPFLOOR | WALL_LDF_1.UNIT1_BACKROW_BOTTOMFLOOR | WALL_LDF_1.UNIT2_BACKROW_BOTTOMFLOOR | WALL_LDF_1.UNIT3_BACKROW_BOTTOMFLOOR | WALL_LDF_1.UNIT1_BACKROW_MIDDLEFLOOR | WALL_LDF_1.UNIT2_BACKROW_MIDDLEFLOOR | WALL_LDF_1.UNIT3_BACKROW_MIDDLEFLOOR | WALL_LDF_1.UNIT3_BACKROW_TOPFLOOR | WALL_LDF_1.UNIT2_BACKROW_TOPFLOOR | WALL_LDF_1.UNIT1_BACKROW_TOPFLOOR |
,WALL_LDF_1.UNIT3_FRONTROW_MIDDLEFLOOR,OVERHANG_LDF_UNIT1_FRONTROW_MIDDLEFLOOR | OVERHANG_LDF_UNIT2_FRONTROW_MIDDLEFLOOR | OVERHANG_LDF_UNIT3_FRONTROW_MIDDLEFLOOR | OVERHANG_LDF_UNIT1_FRONTROW_TOPFLOOR | OVERHANG_LDF_UNIT2_FRONTROW_TOPFLOOR | OVERHANG_LDF_UNIT3_FRONTROW_TOPFLOOR |
,WALL_SDR_1.UNIT3_FRONTROW_MIDDLEFLOOR,OVERHANG_SDR_UNIT3_FRONTROW_MIDDLEFLOOR | OVERHANG_SDR_UNIT3_BACKROW_MIDDLEFLOOR | OVERHANG_SDR_UNIT3_FRONTROW_TOPFLOOR | OVERHANG_SDR_UNIT3_BACKROW_TOPFLOOR |
,WALL_LDB_1.UNIT3_FRONTROW_MIDDLEFLOOR,OVERHANG_LDB_UNIT1_BACKROW_MIDDLEFLOOR | OVERHANG_LDB_UNIT2_BACKROW_MIDDLEFLOOR | OVERHANG_SDR_UNIT3_BACKROW_MIDDLEFLOOR | OVERHANG_SDL_UNIT3_BACKROW_MIDDLEFLOOR | OVERHANG_LDB_UNIT3_BACKROW_MIDDLEFLOOR | OVERHANG_LDB_UNIT1_BACKROW_TOPFLOOR | OVERHANG_LDB_UNIT2_BACKROW_TOPFLOOR | OVERHANG_SDR_UNIT3_BACKROW_TOPFLOOR | OVERHANG_SDL_UNIT3_BACKROW_TOPFLOOR | OVERHANG_LDB_UNIT3_BACKROW_TOPFLOOR | BREEZEWAY_TOPFLOOR | WALL_LDF_1.UNIT1_BACKROW_BOTTOMFLOOR | WALL_LDF_1.UNIT2_BACKROW_BOTTOMFLOOR | WALL_LDF_1.UNIT3_BACKROW_BOTTOMFLOOR | WALL_LDF_1.UNIT1_BACKROW_MIDDLEFLOOR | WALL_LDF_1.UNIT2_BACKROW_MIDDLEFLOOR | WALL_LDF_1.UNIT3_BACKROW_MIDDLEFLOOR | WALL_LDF_1.UNIT3_BACKROW_TOPFLOOR | WALL_LDF_1.UNIT2_BACKROW_TOPFLOOR | WALL_LDF_1.UNIT1_BACKROW_TOPFLOOR |
,WALL_LDF_1.UNIT1_BACKROW_MIDDLEFLOOR,OVERHANG_LDF_UNIT1_FRONTROW_MIDDLEFLOOR | OVERHANG_LDF_UNIT2_FRONTROW_MIDDLEFLOOR | OVERHANG_SDR_UNIT3_FRONTROW_MIDDLEFLOOR | OVERHANG_SDL_UNIT3_FRONTROW_MIDDLEFLOOR | OVERHANG_LDF_UNIT3_FRONTROW_MIDDLEFLOOR | OVERHANG_LDF_UNIT1_FRONTROW_TOPFLOOR | OVERHANG_LDF_UNIT2_FRONTROW_TOPFLOOR | OVERHANG_SDR_UNIT3_FRONTROW_TOPFLOOR | OVERHANG_SDL_UNIT3_FRONTROW_TOPFLOOR | OVERHANG_LDF_UNIT3_FRONTROW_TOPFLOOR | BREEZEWAY_TOPFLOOR | WALL_LDB_1.UNIT1_FRONTROW_BOTTOMFLOOR | WALL_LDB_1.UNIT2_FRONTROW_BOTTOMFLOOR | WALL_LDB_1.UNIT3_FRONTROW_BOTTOMFLOOR | WALL_LDB_1.UNIT1_FRONTROW_MIDDLEFLOOR | WALL_LDB_1.UNIT2_FRONTROW_MIDDLEFLOOR | WALL_LDB_1.UNIT3_FRONTROW_MIDDLEFLOOR | WALL_LDB_1.UNIT3_FRONTROW_TOPFLOOR | WALL_LDB_1.UNIT1_FRONTROW_TOPFLOOR | WALL_LDB_1.UNIT2_FRONTROW_TOPFLOOR |
,WALL_LDB_1.UNIT1_BACKROW_MIDDLEFLOOR,OVERHANG_LDB_UNIT1_BACKROW_MIDDLEFLOOR | OVERHANG_LDB_UNIT2_BACKROW_MIDDLEFLOOR | OVERHANG_LDB_UNIT3_BACKROW_MIDDLEFLOOR | OVERHANG_LDB_UNIT1_BACKROW_TOPFLOOR | OVERHANG_LDB_UNIT2_BACKROW_TOPFLOOR | OVERHANG_LDB_UNIT3_BACKROW_TOPFLOOR |
,WALL_SDL_1.UNIT1_BACKROW_MIDDLEFLOOR,OVERHANG_SDL_UNIT3_FRONTROW_MIDDLEFLOOR | OVERHANG_SDL_UNIT3_BACKROW_MIDDLEFLOOR | OVERHANG_SDL_UNIT3_FRONTROW_TOPFLOOR | OVERHANG_SDL_UNIT3_BACKROW_TOPFLOOR |
,WALL_LDF_1.UNIT2_BACKROW_MIDDLEFLOOR,OVERHANG_LDF_UNIT1_FRONTROW_MIDDLEFLOOR | OVERHANG_LDF_UNIT2_FRONTROW_MIDDLEFLOOR | OVERHANG_SDR_UNIT3_FRONTROW_MIDDLEFLOOR | OVERHANG_SDL_UNIT3_FRONTROW_MIDDLEFLOOR | OVERHANG_LDF_UNIT3_FRONTROW_MIDDLEFLOOR | OVERHANG_LDF_UNIT1_FRONTROW_TOPFLOOR | OVERHANG_LDF_UNIT2_FRONTROW_TOPFLOOR | OVERHANG_SDR_UNIT3_FRONTROW_TOPFLOOR | OVERHANG_SDL_UNIT3_FRONTROW_TOPFLOOR | OVERHANG_LDF_UNIT3_FRONTROW_TOPFLOOR | BREEZEWAY_TOPFLOOR | WALL_LDB_1.UNIT1_FRONTROW_BOTTOMFLOOR | WALL_LDB_1.UNIT2_FRONTROW_BOTTOMFLOOR | WALL_LDB_1.UNIT3_FRONTROW_BOTTOMFLOOR | WALL_LDB_1.UNIT1_FRONTROW_MIDDLEFLOOR | WALL_LDB_1.UNIT2_FRONTROW_MIDDLEFLOOR | WALL_LDB_1.UNIT3_FRONTROW_MIDDLEFLOOR | WALL_LDB_1.UNIT3_FRONTROW_TOPFLOOR | WALL_LDB_1.UNIT1_FRONTROW_TOPFLOOR | WALL_LDB_1.UNIT2_FRONTROW_TOPFLOOR |
,WALL_LDB_1.UNIT2_BACKROW_MIDDLEFLOOR,OVERHANG_LDB_UNIT1_BACKROW_MIDDLEFLOOR | OVERHANG_LDB_UNIT2_BACKROW_MIDDLEFLOOR | OVERHANG_LDB_UNIT3_BACKROW_MIDDLEFLOOR | OVERHANG_LDB_UNIT1_BACKROW_TOPFLOOR | OVERHANG_LDB_UNIT2_BACKROW_TOPFLOOR | OVERHANG_LDB_UNIT3_BACKROW_TOPFLOOR |
,WALL_LDF_1.UNIT3_BACKROW_MIDDLEFLOOR,OVERHANG_LDF_UNIT1_FRONTROW_MIDDLEFLOOR | OVERHANG_LDF_UNIT2_FRONTROW_MIDDLEFLOOR | OVERHANG_SDR_UNIT3_FRONTROW_MIDDLEFLOOR | OVERHANG_SDL_UNIT3_FRONTROW_MIDDLEFLOOR | OVERHANG_LDF_UNIT3_FRONTROW_MIDDLEFLOOR | OVERHANG_LDF_UNIT1_FRONTROW_TOPFLOOR | OVERHANG_LDF_UNIT2_FRONTROW_TOPFLOOR | OVERHANG_SDR_UNIT3_FRONTROW_TOPFLOOR | OVERHANG_SDL_UNIT3_FRONTROW_TOPFLOOR | OVERHANG_LDF_UNIT3_FRONTROW_TOPFLOOR | BREEZEWAY_TOPFLOOR | WALL_LDB_1.UNIT1_FRONTROW_BOTTOMFLOOR | WALL_LDB_1.UNIT2_FRONTROW_BOTTOMFLOOR | WALL_LDB_1.UNIT3_FRONTROW_BOTTOMFLOOR | WALL_LDB_1.UNIT1_FRONTROW_MIDDLEFLOOR | WALL_LDB_1.UNIT2_FRONTROW_MIDDLEFLOOR | WALL_LDB_1.UNIT3_FRONTROW_MIDDLEFLOOR | WALL_LDB_1.UNIT3_FRONTROW_TOPFLOOR | WALL_LDB_1.UNIT1_FRONTROW_TOPFLOOR | WALL_LDB_1.UNIT2_FRONTROW_TOPFLOOR |
,WALL_SDR_1.UNIT3_BACKROW_MIDDLEFLOOR,OVERHANG_SDR_UNIT3_FRONTROW_MIDDLEFLOOR | OVERHANG_SDR_UNIT3_BACKROW_MIDDLEFLOOR | OVERHANG_SDR_UNIT3_FRONTROW_TOPFLOOR | OVERHANG_SDR_UNIT3_BACKROW_TOPFLOOR |
,WALL_LDB_1.UNIT3_BACKROW_MIDDLEFLOOR,OVERHANG_LDB_UNIT1_BACKROW_MIDDLEFLOOR | OVERHANG_LDB_UNIT2_BACKROW_MIDDLEFLOOR | OVERHANG_LDB_UNIT3_BACKROW_MIDDLEFLOOR | OVERHANG_LDB_UNIT1_BACKROW_TOPFLOOR | OVERHANG_LDB_UNIT2_BACKROW_TOPFLOOR | OVERHANG_LDB_UNIT3_BACKROW_TOPFLOOR |
,WALL_SDR_1.UNIT3_BACKROW_TOPFLOOR,OVERHANG_SDR_UNIT3_FRONTROW_TOPFLOOR | OVERHANG_SDR_UNIT3_BACKROW_TOPFLOOR |
,WALL_LDB_1.UNIT3_BACKROW_TOPFLOOR,OVERHANG_LDB_UNIT1_BACKROW_TOPFLOOR | OVERHANG_LDB_UNIT2_BACKROW_TOPFLOOR | OVERHANG_LDB_UNIT3_BACKROW_TOPFLOOR |
,WALL_LDF_1.UNIT3_BACKROW_TOPFLOOR,OVERHANG_LDF_UNIT1_FRONTROW_TOPFLOOR | OVERHANG_LDF_UNIT2_FRONTROW_TOPFLOOR | OVERHANG_SDR_UNIT3_FRONTROW_TOPFLOOR | OVERHANG_SDL_UNIT3_FRONTROW_TOPFLOOR | OVERHANG_LDF_UNIT3_FRONTROW_TOPFLOOR | WALL_LDB_1.UNIT3_FRONTROW_TOPFLOOR | WALL_LDB_1.UNIT1_FRONTROW_TOPFLOOR | WALL_LDB_1.UNIT2_FRONTROW_TOPFLOOR |
,WALL_LDF_1.UNIT3_FRONTROW_TOPFLOOR,OVERHANG_LDF_UNIT1_FRONTROW_TOPFLOOR | OVERHANG_LDF_UNIT2_FRONTROW_TOPFLOOR | OVERHANG_LDF_UNIT3_FRONTROW_TOPFLOOR |
,WALL_SDR_1.UNIT3_FRONTROW_TOPFLOOR,OVERHANG_SDR_UNIT3_FRONTROW_TOPFLOOR | OVERHANG_SDR_UNIT3_BACKROW_TOPFLOOR |
,WALL_LDB_1.UNIT3_FRONTROW_TOPFLOOR,OVERHANG_LDB_UNIT1_BACKROW_TOPFLOOR | OVERHANG_LDB_UNIT2_BACKROW_TOPFLOOR | OVERHANG_SDR_UNIT3_BACKROW_TOPFLOOR | OVERHANG_SDL_UNIT3_BACKROW_TOPFLOOR | OVERHANG_LDB_UNIT3_BACKROW_TOPFLOOR | WALL_LDF_1.UNIT3_BACKROW_TOPFLOOR | WALL_LDF_1.UNIT2_BACKROW_TOPFLOOR | WALL_LDF_1.UNIT1_BACKROW_TOPFLOOR |
,WALL_LDF_1.UNIT1_FRONTROW_TOPFLOOR,OVERHANG_LDF_UNIT1_FRONTROW_TOPFLOOR | OVERHANG_LDF_UNIT2_FRONTROW_TOPFLOOR | OVERHANG_LDF_UNIT3_FRONTROW_TOPFLOOR |
,WALL_SDL_1.UNIT1_FRONTROW_TOPFLOOR,OVERHANG_SDL_UNIT3_FRONTROW_TOPFLOOR | OVERHANG_SDL_UNIT3_BACKROW_TOPFLOOR |
,WALL_LDB_1.UNIT1_FRONTROW_TOPFLOOR,OVERHANG_LDB_UNIT1_BACKROW_TOPFLOOR | OVERHANG_LDB_UNIT2_BACKROW_TOPFLOOR | OVERHANG_SDR_UNIT3_BACKROW_TOPFLOOR | OVERHANG_SDL_UNIT3_BACKROW_TOPFLOOR | OVERHANG_LDB_UNIT3_BACKROW_TOPFLOOR | WALL_LDF_1.UNIT3_BACKROW_TOPFLOOR | WALL_LDF_1.UNIT2_BACKROW_TOPFLOOR | WALL_LDF_1.UNIT1_BACKROW_TOPFLOOR |
,WALL_LDF_1.UNIT2_BACKROW_TOPFLOOR,OVERHANG_LDF_UNIT1_FRONTROW_TOPFLOOR | OVERHANG_LDF_UNIT2_FRONTROW_TOPFLOOR | OVERHANG_SDR_UNIT3_FRONTROW_TOPFLOOR | OVERHANG_SDL_UNIT3_FRONTROW_TOPFLOOR | OVERHANG_LDF_UNIT3_FRONTROW_TOPFLOOR | WALL_LDB_1.UNIT3_FRONTROW_TOPFLOOR | WALL_LDB_1.UNIT1_FRONTROW_TOPFLOOR | WALL_LDB_1.UNIT2_FRONTROW_TOPFLOOR |
,WALL_LDB_1.UNIT2_BACKROW_TOPFLOOR,OVERHANG_LDB_UNIT1_BACKROW_TOPFLOOR | OVERHANG_LDB_UNIT2_BACKROW_TOPFLOOR | OVERHANG_LDB_UNIT3_BACKROW_TOPFLOOR |
,WALL_LDF_1.UNIT2_FRONTROW_TOPFLOOR,OVERHANG_LDF_UNIT1_FRONTROW_TOPFLOOR | OVERHANG_LDF_UNIT2_FRONTROW_TOPFLOOR | OVERHANG_LDF_UNIT3_FRONTROW_TOPFLOOR |
,WALL_LDB_1.UNIT2_FRONTROW_TOPFLOOR,OVERHANG_LDB_UNIT1_BACKROW_TOPFLOOR | OVERHANG_LDB_UNIT2_BACKROW_TOPFLOOR | OVERHANG_SDR_UNIT3_BACKROW_TOPFLOOR | OVERHANG_SDL_UNIT3_BACKROW_TOPFLOOR | OVERHANG_LDB_UNIT3_BACKROW_TOPFLOOR | WALL_LDF_1.UNIT3_BACKROW_TOPFLOOR | WALL_LDF_1.UNIT2_BACKROW_TOPFLOOR | WALL_LDF_1.UNIT1_BACKROW_TOPFLOOR |
,WALL_LDB_1.UNIT1_BACKROW_TOPFLOOR,OVERHANG_LDB_UNIT1_BACKROW_TOPFLOOR | OVERHANG_LDB_UNIT2_BACKROW_TOPFLOOR | OVERHANG_LDB_UNIT3_BACKROW_TOPFLOOR |
,WALL_SDL_1.UNIT1_BACKROW_TOPFLOOR,OVERHANG_SDL_UNIT3_FRONTROW_TOPFLOOR | OVERHANG_SDL_UNIT3_BACKROW_TOPFLOOR |
,WALL_LDF_1.UNIT1_BACKROW_TOPFLOOR,OVERHANG_LDF_UNIT1_FRONTROW_TOPFLOOR | OVERHANG_LDF_UNIT2_FRONTROW_TOPFLOOR | OVERHANG_SDR_UNIT3_FRONTROW_TOPFLOOR | OVERHANG_SDL_UNIT3_FRONTROW_TOPFLOOR | OVERHANG_LDF_UNIT3_FRONTROW_TOPFLOOR | WALL_LDB_1.UNIT3_FRONTROW_TOPFLOOR | WALL_LDB_1.UNIT1_FRONTROW_TOPFLOOR | WALL_LDB_1.UNIT2_FRONTROW_TOPFLOOR |


Subsurfaces (Windows and Doors) that may be Shadowed by Surfaces

,,Possible Shadow Receivers
,WALL_LDF_1.UNIT1_FRONTROW_BOTTOMFLOOR,WINDOW_LDF_UNIT1_FRONTROW_BOTTOMFLOOR |
,WALL_LDB_1.UNIT1_FRONTROW_BOTTOMFLOOR,DOOR_LDB_UNIT1_FRONTROW_BOTTOMFLOOR |
,WALL_SDL_1.UNIT1_FRONTROW_BOTTOMFLOOR,WINDOW_SDL_UNIT3_FRONTROW_BOTTOMFLOOR |
,WALL_LDF_1.UNIT2_FRONTROW_BOTTOMFLOOR,WINDOW_LDF_UNIT2_FRONTROW_BOTTOMFLOOR |
,WALL_LDB_1.UNIT2_FRONTROW_BOTTOMFLOOR,DOOR_LDB_UNIT2_FRONTROW_BOTTOMFLOOR |
,WALL_LDF_1.UNIT3_FRONTROW_BOTTOMFLOOR,WINDOW_LDF_UNIT3_FRONTROW_BOTTOMFLOOR |
,WALL_SDR_1.UNIT3_FRONTROW_BOTTOMFLOOR,WINDOW_SDR_UNIT3_FRONTROW_BOTTOMFLOOR |
,WALL_LDB_1.UNIT3_FRONTROW_BOTTOMFLOOR,DOOR_LDB_UNIT3_FRONTROW_BOTTOMFLOOR |
,WALL_LDF_1.UNIT1_BACKROW_BOTTOMFLOOR,DOOR_LDF_UNIT1_BACKROW_BOTTOMFLOOR |
,WALL_LDB_1.UNIT1_BACKROW_BOTTOMFLOOR,WINDOW_LDB_UNIT1_BACKROW_BOTTOMFLOOR |
,WALL_SDL_1.UNIT1_BACKROW_BOTTOMFLOOR,WINDOW_SDL_UNIT3_BACKROW_BOTTOMFLOOR |
,WALL_LDF_1.UNIT2_BACKROW_BOTTOMFLOOR,DOOR_LDF_UNIT2_BACKROW_BOTTOMFLOOR |
,WALL_LDB_1.UNIT2_BACKROW_BOTTOMFLOOR,WINDOW_LDB_UNIT2_BACKROW_BOTTOMFLOOR |
,WALL_LDF_1.UNIT3_BACKROW_BOTTOMFLOOR,DOOR_LDF_UNIT3_BACKROW_BOTTOMFLOOR |
,WALL_SDR_1.UNIT3_BACKROW_BOTTOMFLOOR,WINDOW_SDR_UNIT3_BACKROW_BOTTOMFLOOR |
,WALL_LDB_1.UNIT3_BACKROW_BOTTOMFLOOR,WINDOW_LDB_UNIT3_BACKROW_BOTTOMFLOOR |
,WALL_LDF_1.UNIT1_FRONTROW_MIDDLEFLOOR,WINDOW_LDF_UNIT1_FRONTROW_MIDDLEFLOOR |
,WALL_LDB_1.UNIT1_FRONTROW_MIDDLEFLOOR,DOOR_LDB_UNIT1_FRONTROW_MIDDLEFLOOR |
,WALL_SDL_1.UNIT1_FRONTROW_MIDDLEFLOOR,WINDOW_SDL_UNIT3_FRONTROW_MIDDLEFLOOR |
,WALL_LDF_1.UNIT2_FRONTROW_MIDDLEFLOOR,WINDOW_LDF_UNIT2_FRONTROW_MIDDLEFLOOR |
,WALL_LDB_1.UNIT2_FRONTROW_MIDDLEFLOOR,DOOR_LDB_UNIT2_FRONTROW_MIDDLEFLOOR |
,WALL_LDF_1.UNIT3_FRONTROW_MIDDLEFLOOR,WINDOW_LDF_UNIT3_FRONTROW_MIDDLEFLOOR |
,WALL_SDR_1.UNIT3_FRONTROW_MIDDLEFLOOR,WINDOW_SDR_UNIT3_FRONTROW_MIDDLEFLOOR |
,WALL_LDB_1.UNIT3_FRONTROW_MIDDLEFLOOR,DOOR_LDB_UNIT3_FRONTROW_MIDDLEFLOOR |
,WALL_LDF_1.UNIT1_BACKROW_MIDDLEFLOOR,DOOR_LDF_UNIT1_BACKROW_MIDDLEFLOOR |
,WALL_LDB_1.UNIT1_BACKROW_MIDDLEFLOOR,WINDOW_LDB_UNIT1_BACKROW_MIDDLEFLOOR |
,WALL_SDL_1.UNIT1_BACKROW_MIDDLEFLOOR,WINDOW_SDL_UNIT3_BACKROW_MIDDLEFLOOR |
,WALL_LDF_1.UNIT2_BACKROW_MIDDLEFLOOR,DOOR_LDF_UNIT2_BACKROW_MIDDLEFLOOR |
,WALL_LDB_1.UNIT2_BACKROW_MIDDLEFLOOR,WINDOW_LDB_UNIT2_BACKROW_MIDDLEFLOOR |
,WALL_LDF_1.UNIT3_BACKROW_MIDDLEFLOOR,DOOR_LDF_UNIT3_BACKROW_MIDDLEFLOOR |
,WALL_SDR_1.UNIT3_BACKROW_MIDDLEFLOOR,WINDOW_SDR_UNIT3_BACKROW_MIDDLEFLOOR |
,WALL_LDB_1.UNIT3_BACKROW_MIDDLEFLOOR,WINDOW_LDB_UNIT3_BACKROW_MIDDLEFLOOR |
,WALL_SDR_1.UNIT3_BACKROW_TOPFLOOR,WINDOW_SDR_UNIT3_BACKROW_TOPFLOOR |
,WALL_LDB_1.UNIT3_BACKROW_TOPFLOOR,WINDOW_LDB_UNIT3_BACKROW_TOPFLOOR |
,WALL_LDF_1.UNIT3_BACKROW_TOPFLOOR,DOOR_LDF_UNIT3_BACKROW_TOPFLOOR |
,WALL_LDF_1.UNIT3_FRONTROW_TOPFLOOR,WINDOW_LDF_UNIT3_FRONTROW_TOPFLOOR |
,WALL_SDR_1.UNIT3_FRONTROW_TOPFLOOR,WINDOW_SDR_UNIT3_FRONTROW_TOPFLOOR |
,WALL_LDB_1.UNIT3_FRONTROW_TOPFLOOR,DOOR_LDB_UNIT3_FRONTROW_TOPFLOOR |
,WALL_LDF_1.UNIT1_FRONTROW_TOPFLOOR,WINDOW_LDF_UNIT1_FRONTROW_TOPFLOOR |
,WALL_SDL_1.UNIT1_FRONTROW_TOPFLOOR,WINDOW_SDL_UNIT3_FRONTROW_TOPFLOOR |
,WALL_LDB_1.UNIT1_FRONTROW_TOPFLOOR,DOOR_LDB_UNIT1_FRONTROW_TOPFLOOR |
,WALL_LDF_1.UNIT2_BACKROW_TOPFLOOR,DOOR_LDF_UNIT2_BACKROW_TOPFLOOR |
,WALL_LDB_1.UNIT2_BACKROW_TOPFLOOR,WINDOW_LDB_UNIT2_BACKROW_TOPFLOOR |
,WALL_LDF_1.UNIT2_FRONTROW_TOPFLOOR,WINDOW_LDF_UNIT2_FRONTROW_TOPFLOOR |
,WALL_LDB_1.UNIT2_FRONTROW_TOPFLOOR,DOOR_LDB_UNIT2_FRONTROW_TOPFLOOR |
,WALL_LDB_1.UNIT1_BACKROW_TOPFLOOR,WINDOW_LDB_UNIT1_BACKROW_TOPFLOOR |
,WALL_SDL_1.UNIT1_BACKROW_TOPFLOOR,WINDOW_SDL_UNIT3_BACKROW_TOPFLOOR |
,WALL_LDF_1.UNIT1_BACKROW_TOPFLOOR,DOOR_LDF_UNIT1_BACKROW_TOPFLOOR |


----------------------------------------------------------------------------------------------------
REPORT:,Adaptive Comfort Summary
FOR:,Entire Facility
Time Not Meeting the Adaptive Comfort Models during Occupied Hours

,,ASHRAE55 90% Acceptability Limits [Hours],ASHRAE55 80% Acceptability Limits  [Hours],CEN15251 Category I Acceptability Limits [Hours],CEN15251 Category II Acceptability Limits [Hours],CEN15251 Category III Acceptability Limits [Hours]


----------------------------------------------------------------------------------------------------
REPORT:,Initialization Summary
FOR:,Entire Facility
Version

,,Version ID
,1,22.1


Timesteps per Hour

,,#TimeSteps,Minutes per TimeStep {minutes}
,1,4,15


System Convergence Limits

,,Minimum System TimeStep {minutes},Max HVAC Iterations,Minimum Plant Iterations,Maximum Plant Iterations
,1,1,20,2,8


Simulation Control

,,Do Zone Sizing,Do System Sizing,Do Plant Sizing,Do Design Days,Do Weather Simulation,Do HVAC Sizing Simulation
,1,Yes,Yes,No,Yes,Yes,No


Performance Precision Tradeoffs

,,Use Coil Direct Simulation,Zone Radiant Exchange Algorithm,Override Mode,Number of Timestep In Hour,Force Euler Method,Minimum Number of Warmup Days,Force Suppress All Begin Environment Resets,Minimum System Timestep,MaxZoneTempDiff,MaxAllowedDelTemp
,1,No,ScriptF,Normal,4,No,1,No,1.0,0.300,2.0000E-003


Output Reporting Tolerances

,,Tolerance for Time Heating Setpoint Not Met,Tolerance for Zone Cooling Setpoint Not Met Time
,1,0.200,0.200


Site:GroundTemperature:BuildingSurface

,,Jan{F},Feb{F},Mar{F},Apr{F},May{F},Jun{F},Jul{F},Aug{F},Sep{F},Oct{F},Nov{F},Dec{F}
,1,64.40,64.40,64.40,64.40,64.40,64.40,64.40,64.40,64.40,64.40,64.40,64.40


Site:GroundTemperature:FCfactorMethod

,,Jan{F},Feb{F},Mar{F},Apr{F},May{F},Jun{F},Jul{F},Aug{F},Sep{F},Oct{F},Nov{F},Dec{F}
,1,23.09,20.89,24.80,30.94,46.96,59.32,67.68,70.21,65.89,56.28,43.45,31.53


Site:GroundTemperature:Shallow

,,Jan{F},Feb{F},Mar{F},Apr{F},May{F},Jun{F},Jul{F},Aug{F},Sep{F},Oct{F},Nov{F},Dec{F}
,1,55.40,55.40,55.40,55.40,55.40,55.40,55.40,55.40,55.40,55.40,55.40,55.40


Site:GroundTemperature:Deep

,,Jan{F},Feb{F},Mar{F},Apr{F},May{F},Jun{F},Jul{F},Aug{F},Sep{F},Oct{F},Nov{F},Dec{F}
,1,60.80,60.80,60.80,60.80,60.80,60.80,60.80,60.80,60.80,60.80,60.80,60.80


Site:GroundReflectance

,,Jan{dimensionless},Feb{dimensionless},Mar{dimensionless},Apr{dimensionless},May{dimensionless},Jun{dimensionless},Jul{dimensionless},Aug{dimensionless},Sep{dimensionless},Oct{dimensionless},Nov{dimensionless},Dec{dimensionless}
,1,0.20,0.20,0.20,0.20,0.20,0.20,0.20,0.20,0.20,0.20,0.20,0.20


Site:GroundReflectance:SnowModifier

,,Normal,Daylighting {dimensionless}
,1,1.000,1.000


Site:GroundReflectance:Snow

,,Jan{dimensionless},Feb{dimensionless},Mar{dimensionless},Apr{dimensionless},May{dimensionless},Jun{dimensionless},Jul{dimensionless},Aug{dimensionless},Sep{dimensionless},Oct{dimensionless},Nov{dimensionless},Dec{dimensionless}
,1,0.20,0.20,0.20,0.20,0.20,0.20,0.20,0.20,0.20,0.20,0.20,0.20


Site:GroundReflectance:Snow:Daylighting

,,Jan{dimensionless},Feb{dimensionless},Mar{dimensionless},Apr{dimensionless},May{dimensionless},Jun{dimensionless},Jul{dimensionless},Aug{dimensionless},Sep{dimensionless},Oct{dimensionless},Nov{dimensionless},Dec{dimensionless}
,1,0.20,0.20,0.20,0.20,0.20,0.20,0.20,0.20,0.20,0.20,0.20,0.20


Environment:Weather Station

,,Wind Sensor Height Above Ground {ft},Wind Speed Profile Exponent {},Wind Speed Profile Boundary Layer Thickness {ft},Air Temperature Sensor Height Above Ground {ft},Wind Speed Modifier Coefficient-Internal,Temperature Modifier Coefficient-Internal
,1,32.810,0.140,885.870,4.921,1.586,9.750E-003


Site:Location

,,Location Name,Latitude {N+/S- Deg},Longitude {E+/W- Deg},Time Zone Number {GMT+/-},Elevation {ft},Standard Pressure at Elevation {psi},Standard RhoAir at Elevation
,1,Montreal-Trudeau.Intl.AP QC CAN SRC-TMYx WMO#=716270,45.47,-73.75,-5.00,118.12,15.,1.1992


Site Water Mains Temperature Information

,,Calculation Method{},Water Mains Temperature Schedule Name{},Annual Average Outdoor Air Temperature{F},Maximum Difference In Monthly Average Outdoor Air Temperatures{deltaF},Fixed Default Water Mains Temperature{F}
,1,Correlation,NA,37.92,65.88,NA


Building Information

,,Building Name,North Axis {deg},Terrain,Loads Convergence Tolerance Value,Temperature Convergence Tolerance Value,Solar Distribution,Maximum Number of Warmup Days,Minimum Number of Warmup Days
,1,US+MF+CZ7+elecres+crawlspace+IECC_2021,0.000,Suburbs,4.00000E-002,0.40000,FullExterior,25,6


Inside Convection Algorithm

,,Algorithm {Simple
,,TARP
,,CeilingDiffuser
,,AdaptiveConvectionAlgorithm}
,1,TARP


Outside Convection Algorithm

,,Algorithm {SimpleCombined
,,TARP
,,MoWitt
,,DOE-2
,,AdaptiveConvectionAlgorithm}
,1,DOE-2


Sky Radiance Distribution

,,Value {Anisotropic}
,1,Anisotropic


Zone Air Solution Algorithm

,,Value {ThirdOrderBackwardDifference
,,AnalyticalSolution
,,EulerMethod}
,1,ThirdOrderBackwardDifference


Zone Air Carbon Dioxide Balance Simulation

,,Simulation {Yes/No},Carbon Dioxide Concentration
,1,No,N/A


Zone Air Generic Contaminant Balance Simulation

,,Simulation {Yes/No},Generic Contaminant Concentration
,1,No,N/A


Zone Air Mass Flow Balance Simulation

,,Enforce Mass Balance,Adjust Zone Mixing and Return {AdjustMixingOnly,Adjust Zone Infiltration {AddInfiltration,Infiltration Zones {MixingSourceZonesOnly
,,,AdjustReturnOnly,AdjustInfiltration,AllZones}
,,,AdjustMixingThenReturn,None},
,,,AdjustReturnThenMixing,,
,,,None},,
,1,No,N/A,N/A,N/A


HVACSystemRootFindingAlgorithm

,,Value {RegulaFalsi
,,Bisection
,,BisectionThenRegulaFalsi
,,RegulaFalsiThenBisection}
,1,RegulaFalsi


Environment:Site Atmospheric Variation

,,Wind Speed Profile Exponent {},Wind Speed Profile Boundary Layer Thickness {ft},Air Temperature Gradient Coefficient {F/ft}
,1,0.220,1213.970,0.003566


Material Details

,,Material Name,ThermalResistance {m2-K/w},Roughness,Thickness {ft},Conductivity {w/m-K},Density {lb/ft3},Specific Heat {Btu/lbm-R},Absorptance:Thermal,Absorptance:Solar,Absorptance:Visible
,1,SHEATHING_CONSOL_LAYER,0.8807,Rough,0.1021,3.533E-002,1.255,0.350,0.9000,0.7000,0.7000
,2,CEIL_CONSOL_LAYER,9.1788,Rough,1.8587,6.172E-002,2.618,0.185,0.9000,0.7000,0.7000
,3,FLOOR_CONSOL_LAYER,5.7198,Rough,0.9377,4.996E-002,3.438,0.219,0.9000,0.7000,0.7000
,4,BSMTWALL_CONSOL_LAYER,2.3423E-005,Rough,0.0008,10.844,7.541,0.248,0.9000,0.7000,0.7000
,5,CRAWLWALL_CONSOL_LAYER,2.3423E-005,Rough,0.0008,10.844,7.541,0.248,0.9000,0.7000,0.7000
,6,WALL_CONSOL_LAYER,2.4438,Rough,0.4584,5.717E-002,7.541,0.248,0.9000,0.7000,0.7000
,7,VERY HIGH REFLECTIVITY SURFACE,2.1097E-006,Smooth,0.0016,237.000,168.680,0.216,0.9000,5.0000E-002,5.0000E-002
,8,GYPSUMBOARD-5/16IN,5.0054E-002,Rough,0.0260,0.159,39.954,0.270,0.9000,0.4000,0.1000
,9,COPPERPIPE,4.7506E-005,MediumRough,0.0625,401.000,140.026,0.200,0.9000,0.6500,0.6500
,10,F08 METAL SURFACE,1.7668E-005,Smooth,0.0026,45.280,488.437,0.119,0.9000,0.7000,0.7000
,11,CONCRETE_4IN,7.7356E-002,Rough,0.3330,1.312,140.014,0.111,0.9000,0.7000,0.7000
,12,ASPHALT_SHINGLE,7.7448E-002,MediumRough,0.0208,8.186E-002,70.000,0.300,0.9000,0.7500,0.7000
,13,WOOD_SHINGLE,0.1115,MediumSmooth,0.0417,0.114,26.600,0.390,0.9000,0.7000,0.7000
,14,SLATE_SHINGLE,8.8061E-003,MediumSmooth,0.0417,1.442,100.000,0.300,0.9000,0.7000,0.7000
,15,CEMENT_STUCCO,2.6422E-002,MediumSmooth,0.0625,0.721,116.464,0.210,0.9000,0.7000,0.7000
,16,SYN_STUCCO,3.5237E-002,MediumSmooth,0.0100,8.650E-002,24.971,0.210,0.9000,0.7000,0.7000
,17,DRYWALL_1/2IN,7.9331E-002,MediumSmooth,0.0417,0.160,50.000,0.260,0.9000,0.7000,0.7000
,18,OSB_5/8IN,0.1365,MediumSmooth,0.0521,0.116,34.000,0.290,0.9000,0.7000,0.7000
,19,OSB_7/16IN,9.5550E-002,MediumSmooth,0.0365,0.116,34.000,0.290,0.9000,0.7000,0.7000
,20,BLOWN_R30,5.1614,MediumRough,0.6975,4.119E-002,0.600,0.200,0.9000,0.7000,0.7000
,21,BLOWN_R30_TOP,2.8489,MediumRough,0.3849,4.119E-002,0.600,0.200,0.9000,0.7000,0.7000
,22,PLYWOOD_3/4IN,0.1650,Rough,0.0625,0.115,34.003,0.161,0.9000,0.7000,0.7000
,23,BATT_R19,7.3089,MediumRough,0.0833,3.475E-003,0.600,0.200,0.9000,0.7000,0.7000
,24,LUMBER_2X4,0.7709,Rough,0.2920,0.115,32.003,0.183,0.9000,0.7000,0.7000
,25,CARPET_N_PAD,0.4224,MediumSmooth,0.0833,6.013E-002,2.000,0.200,0.9000,0.7000,0.7000
,26,BATT_R13,2.2936,MediumRough,0.2917,3.876E-002,0.600,0.200,0.9000,0.7000,0.7000
,27,OSB_1/2IN,0.1092,MediumSmooth,0.0417,0.116,34.000,0.290,0.9000,0.7000,0.7000
,28,SOIL_12IN,0.1761,Rough,1.0000,1.731,115.011,0.056,0.9000,0.7000,0.7000
,29,DOOR_CONST,0.5870,Smooth,0.1387,7.201E-002,32.003,0.183,0.9000,0.7000,0.7000
,30,GYP_BOARD_1/2IN,8.0130E-002,Rough,0.0417,0.159,39.954,0.270,0.9000,0.4000,0.1000
,31,STD WOOD 6INCH,1.2500,MediumSmooth,0.4921,0.120,33.711,0.289,0.9000,0.7000,0.7000
,32,PIPE INSULATION,0.3830,VeryRough,0.0417,3.317E-002,5.681,0.200,0.9000,0.5000,0.5000
,33,MANF_WALL_AIRGAP,0.1200,Smooth,0.0000,0.000,0.000,0.000,0.9000,0.7000,0.7000
,34,BLDG_PAPER_FELT,1.0567E-002,Smooth,0.0000,0.000,0.000,0.000,0.9000,0.7000,0.7000
,35,R_HIGH,177.0000,MediumRough,0.0000,0.000,0.000,0.000,0.9000,0.7000,0.7000
,36,CLEAR ACRYLIC PLASTIC,3.3333E-003,VerySmooth,0.0098,0.900,0.000,0.000,0.9000,0.0000,0.0000
,37,DIFFUSING ACRYLIC PLASTIC,2.4444E-003,VerySmooth,0.0072,0.900,0.000,0.000,0.9000,0.0000,0.0000
,38,INT_BLIND,0.0000,Rough,0.0000,0.000,0.000,0.000,0.0000,0.0000,0.0000
,39,GLASS,0.4127,VerySmooth,0.1373,0.101,0.000,0.000,0.8400,0.0000,0.0000


Material:Air

,,Material Name,ThermalResistance {m2-K/w}
,1,AIR_4_IN_VERT,0.1585
,2,3/4IN_AIR_SPACE,8.5130E-002
,3,3/4IN_REFLECTIVE_AIR_SPACE,0.2466
,4,AIR_4_IN_VERT,0.1585


Surface Geometry

,,Starting Corner,Vertex Input Direction,Coordinate System,Daylight Reference Point Coordinate System,Rectangular (Simple) Surface Coordinate System
,1,LowerLeftCorner,Counterclockwise,RelativeCoordinateSystem,RelativeCoordinateSystem,RelativeToZoneOrigin


Surface Heat Transfer Algorithm

,,Value {CTF - ConductionTransferFunction,Inside Surface Max Temperature Limit{F},Surface Convection Coefficient Lower Limit {Btu/h-ft2-F},Surface Convection Coefficient Upper Limit {Btu/h-ft2-F}
,,EMPD - MoisturePenetrationDepthConductionTransferFunction,,,
,,CondFD - ConductionFiniteDifference,,,
,,HAMT - CombinedHeatAndMoistureFiniteElement} - Description,,,
,1,CTF - ConductionTransferFunction,392.,0.02,176.1


Shading Summary

,,Number of Fixed Detached Shades,Number of Building Detached Shades,Number of Attached Shades
,1,0,0,60


Zone Summary

,,Number of Zones,Number of Zone Surfaces,Number of SubSurfaces
,1,21,186,48


Zone Information

,,Zone Name,North Axis {deg},Origin X-Coordinate {ft},Origin Y-Coordinate {ft},Origin Z-Coordinate {ft},Centroid X-Coordinate {ft},Centroid Y-Coordinate {ft},Centroid Z-Coordinate {ft},Type,Zone Multiplier,Zone List Multiplier,Minimum X {ft},Maximum X {ft},Minimum Y {ft},Maximum Y {ft},Minimum Z {ft},Maximum Z {ft},Ceiling Height {ft},Volume {ft3},Zone Inside Convection Algorithm {Simple-Detailed-CeilingDiffuser-TrombeWall},Zone Outside Convection Algorithm {Simple-Detailed-Tarp-MoWitt-DOE-2-BLAST},Floor Area {ft2},Exterior Gross Wall Area {ft2},Exterior Net Wall Area {ft2},Exterior Window Area {ft2},Number of Surfaces,Number of SubSurfaces,Number of Shading SubSurfaces,Part of Total Building Area
,1,CRAWLSPACE,0.0,0.00,0.00,0.00,59.94,32.51,-0.8,1,1,1,0.00,119.89,0.00,65.10,-2.0,0.49,2.49,19513.15,TARP,DOE-2,7794.37,185.05,185.05,0.00,15,0,0,Yes
,2,BREEZEWAY,0.0,0.00,0.00,0.00,59.94,32.55,13.26,1,1,1,0.00,119.89,30.05,35.04,0.49,25.99,17.00,30553.07,TARP,DOE-2,1798.18,0.00,0.00,0.00,4,0,0,Yes
,3,LIVING_UNIT1_FRONTROW_BOTTOMFLOOR,0.0,0.00,0.00,0.00,19.98,15.03,4.76,1,1,1,0.00,39.96,0.00,30.05,0.49,8.99,8.50,10207.79,TARP,DOE-2,1200.51,934.94,766.25,147.70,6,3,4,Yes
,4,LIVING_UNIT2_FRONTROW_BOTTOMFLOOR,0.0,0.00,0.00,0.00,59.94,15.03,4.76,1,1,1,39.96,79.93,0.00,30.05,0.49,8.99,8.50,10207.79,TARP,DOE-2,1200.51,679.48,599.39,59.10,6,2,2,Yes
,5,LIVING_UNIT3_FRONTROW_BOTTOMFLOOR,0.0,0.00,0.00,0.00,99.91,15.03,4.76,1,1,1,79.93,119.89,0.00,30.05,0.49,8.99,8.50,10207.79,TARP,DOE-2,1200.51,934.94,766.25,147.70,6,3,4,Yes
,6,LIVING_UNIT1_BACKROW_BOTTOMFLOOR,0.0,0.00,0.00,0.00,19.98,50.07,4.76,1,1,1,0.00,39.96,35.04,65.10,0.49,8.99,8.50,10207.79,TARP,DOE-2,1200.51,934.94,766.25,147.70,6,3,4,Yes
,7,LIVING_UNIT2_BACKROW_BOTTOMFLOOR,0.0,0.00,0.00,0.00,59.94,50.07,4.76,1,1,1,39.96,79.93,35.04,65.10,0.49,8.99,8.50,10207.79,TARP,DOE-2,1200.51,679.48,599.39,59.10,6,2,2,Yes
,8,LIVING_UNIT3_BACKROW_BOTTOMFLOOR,0.0,0.00,0.00,0.00,99.91,50.07,4.76,1,1,1,79.93,119.89,35.04,65.10,0.49,8.99,8.50,10207.79,TARP,DOE-2,1200.51,934.94,766.25,147.70,6,3,4,Yes
,9,LIVING_UNIT1_FRONTROW_MIDDLEFLOOR,0.0,0.00,0.00,0.00,19.98,15.03,13.26,1,1,1,0.00,39.96,0.00,30.05,8.99,17.49,8.50,10207.79,TARP,DOE-2,1200.51,934.94,766.25,147.70,6,3,4,Yes
,10,LIVING_UNIT2_FRONTROW_MIDDLEFLOOR,0.0,0.00,0.00,0.00,59.94,15.03,13.26,1,1,1,39.96,79.93,0.00,30.05,8.99,17.49,8.50,10207.79,TARP,DOE-2,1200.51,679.48,599.39,59.10,6,2,2,Yes
,11,LIVING_UNIT3_FRONTROW_MIDDLEFLOOR,0.0,0.00,0.00,0.00,99.91,15.03,13.26,1,1,1,79.93,119.89,0.00,30.05,8.99,17.49,8.50,10207.79,TARP,DOE-2,1200.51,934.94,766.25,147.70,6,3,4,Yes
,12,LIVING_UNIT1_BACKROW_MIDDLEFLOOR,0.0,0.00,0.00,0.00,19.98,50.07,13.26,1,1,1,0.00,39.96,35.04,65.10,8.99,17.49,8.50,10207.79,TARP,DOE-2,1200.51,934.94,766.25,147.70,6,3,4,Yes
,13,LIVING_UNIT2_BACKROW_MIDDLEFLOOR,0.0,0.00,0.00,0.00,59.94,50.07,13.26,1,1,1,39.96,79.93,35.04,65.10,8.99,17.49,8.50,10207.79,TARP,DOE-2,1200.51,679.48,599.39,59.10,6,2,2,Yes
,14,LIVING_UNIT3_BACKROW_MIDDLEFLOOR,0.0,0.00,0.00,0.00,99.91,50.07,13.26,1,1,1,79.93,119.89,35.04,65.10,8.99,17.49,8.50,10207.79,TARP,DOE-2,1200.51,934.94,766.25,147.70,6,3,4,Yes
,15,ATTIC,0.0,-134.9,51.61,0.00,59.94,32.55,29.56,1,1,1,0.00,119.89,0.00,65.10,25.99,39.54,6.76,52795.39,TARP,DOE-2,7802.66,881.33,881.33,0.00,11,0,0,Yes
,16,LIVING_UNIT3_BACKROW_TOPFLOOR,0.0,0.00,0.00,0.00,99.91,50.07,21.75,1,1,1,79.93,119.89,35.04,65.10,17.49,25.99,8.50,10207.79,TARP,DOE-2,1200.51,934.94,766.25,147.70,6,3,4,Yes
,17,LIVING_UNIT3_FRONTROW_TOPFLOOR,0.0,0.00,0.00,0.00,99.91,15.03,21.75,1,1,1,79.93,119.89,0.00,30.05,17.49,25.99,8.50,10207.79,TARP,DOE-2,1200.51,934.94,766.25,147.70,6,3,4,Yes
,18,LIVING_UNIT1_FRONTROW_TOPFLOOR,0.0,0.00,0.00,0.00,19.98,15.03,21.75,1,1,1,0.00,39.96,0.00,30.05,17.49,25.99,8.50,10207.79,TARP,DOE-2,1200.51,934.94,766.25,147.70,6,3,4,Yes
,19,LIVING_UNIT2_BACKROW_TOPFLOOR,0.0,0.00,0.00,0.00,59.94,50.07,21.75,1,1,1,39.96,79.93,35.04,65.10,17.49,25.99,8.50,10207.79,TARP,DOE-2,1200.51,679.48,599.39,59.10,6,2,2,Yes
,20,LIVING_UNIT2_FRONTROW_TOPFLOOR,0.0,0.00,0.00,0.00,59.94,15.03,21.75,1,1,1,39.96,79.93,0.00,30.05,17.49,25.99,8.50,10207.79,TARP,DOE-2,1200.51,679.48,599.39,59.10,6,2,2,Yes
,21,LIVING_UNIT1_BACKROW_TOPFLOOR,0.0,0.00,0.00,0.00,19.98,50.07,21.75,1,1,1,0.00,39.96,35.04,65.10,17.49,25.99,8.50,10207.79,TARP,DOE-2,1200.51,934.94,766.25,147.70,6,3,4,Yes


Zone Internal Gains Nominal

,,Zone Name,Floor Area {ft2},# Occupants,Area per Occupant {ft2/person},Occupant per Area {person/ft2},Interior Lighting {Btu/h-ft2},Electric Load {Btu/h-ft2},Gas Load {Btu/h-ft2},Other Load {Btu/h-ft2},Hot Water Eq {Btu/h-ft2},Steam Equipment {Btu/h-ft2},Sum Loads per Area {Btu/h-ft2},Outdoor Controlled Baseboard Heat
,1,CRAWLSPACE,7794.37,0.0,N/A,0.000,0.000,0.000,0.000,0.000,0.000,0.000,0.000,No
,2,BREEZEWAY,1798.18,0.0,N/A,0.000,0.000,0.000,0.000,0.000,0.000,0.000,0.000,No
,3,LIVING_UNIT1_FRONTROW_BOTTOMFLOOR,1200.51,2.0,600.276,0.002,0.583,2.909,0.000,0.000,0.000,0.000,3.492,No
,4,LIVING_UNIT2_FRONTROW_BOTTOMFLOOR,1200.51,2.0,600.276,0.002,0.583,2.909,0.000,0.000,0.000,0.000,3.492,No
,5,LIVING_UNIT3_FRONTROW_BOTTOMFLOOR,1200.51,2.0,600.276,0.002,0.583,2.909,0.000,0.000,0.000,0.000,3.492,No
,6,LIVING_UNIT1_BACKROW_BOTTOMFLOOR,1200.51,2.0,600.276,0.002,0.583,2.909,0.000,0.000,0.000,0.000,3.492,No
,7,LIVING_UNIT2_BACKROW_BOTTOMFLOOR,1200.51,2.0,600.276,0.002,0.583,2.909,0.000,0.000,0.000,0.000,3.492,No
,8,LIVING_UNIT3_BACKROW_BOTTOMFLOOR,1200.51,2.0,600.276,0.002,0.583,2.909,0.000,0.000,0.000,0.000,3.492,No
,9,LIVING_UNIT1_FRONTROW_MIDDLEFLOOR,1200.51,2.0,600.276,0.002,0.583,2.909,0.000,0.000,0.000,0.000,3.492,No
,10,LIVING_UNIT2_FRONTROW_MIDDLEFLOOR,1200.51,2.0,600.276,0.002,0.583,2.909,0.000,0.000,0.000,0.000,3.492,No
,11,LIVING_UNIT3_FRONTROW_MIDDLEFLOOR,1200.51,2.0,600.276,0.002,0.583,2.909,0.000,0.000,0.000,0.000,3.492,No
,12,LIVING_UNIT1_BACKROW_MIDDLEFLOOR,1200.51,2.0,600.276,0.002,0.583,2.909,0.000,0.000,0.000,0.000,3.492,No
,13,LIVING_UNIT2_BACKROW_MIDDLEFLOOR,1200.51,2.0,600.276,0.002,0.583,2.909,0.000,0.000,0.000,0.000,3.492,No
,14,LIVING_UNIT3_BACKROW_MIDDLEFLOOR,1200.51,2.0,600.276,0.002,0.583,2.909,0.000,0.000,0.000,0.000,3.492,No
,15,ATTIC,7802.66,0.0,N/A,0.000,0.000,0.000,0.000,0.000,0.000,0.000,0.000,No
,16,LIVING_UNIT3_BACKROW_TOPFLOOR,1200.51,2.0,600.276,0.002,0.583,2.909,0.000,0.000,0.000,0.000,3.492,No
,17,LIVING_UNIT3_FRONTROW_TOPFLOOR,1200.51,2.0,600.276,0.002,0.583,2.909,0.000,0.000,0.000,0.000,3.492,No
,18,LIVING_UNIT1_FRONTROW_TOPFLOOR,1200.51,2.0,600.276,0.002,0.583,2.909,0.000,0.000,0.000,0.000,3.492,No
,19,LIVING_UNIT2_BACKROW_TOPFLOOR,1200.51,2.0,600.276,0.002,0.583,2.909,0.000,0.000,0.000,0.000,3.492,No
,20,LIVING_UNIT2_FRONTROW_TOPFLOOR,1200.51,2.0,600.276,0.002,0.583,2.909,0.000,0.000,0.000,0.000,3.492,No
,21,LIVING_UNIT1_BACKROW_TOPFLOOR,1200.51,2.0,600.276,0.002,0.583,2.909,0.000,0.000,0.000,0.000,3.492,No


People Internal Gains Nominal

,,Name,Schedule Name,Zone Name,Zone Floor Area {ft2},# Zone Occupants,Number of People {},People/Floor Area {person/ft2},Floor Area per person {ft2/person},Fraction Radiant,Fraction Convected,Sensible Fraction Calculation,Activity level,ASHRAE 55 Warnings,Carbon Dioxide Generation Rate,Nominal Minimum Number of People,Nominal Maximum Number of People
,1,PEOPLE_UNIT1_FRONTROW_BOTTOMFLOOR,OCCUPANCY,LIVING_UNIT1_FRONTROW_BOTTOMFLOOR,1200.51,2.0,2.0,0.002,600.276,0.000,1.000,AutoCalculate,ACTIVITY_SCH,No,3.8200E-008,0,2
,2,PEOPLE_UNIT2_FRONTROW_BOTTOMFLOOR,OCCUPANCY,LIVING_UNIT2_FRONTROW_BOTTOMFLOOR,1200.51,2.0,2.0,0.002,600.276,0.000,1.000,AutoCalculate,ACTIVITY_SCH,No,3.8200E-008,0,2
,3,PEOPLE_UNIT3_FRONTROW_BOTTOMFLOOR,OCCUPANCY,LIVING_UNIT3_FRONTROW_BOTTOMFLOOR,1200.51,2.0,2.0,0.002,600.276,0.000,1.000,AutoCalculate,ACTIVITY_SCH,No,3.8200E-008,0,2
,4,PEOPLE_UNIT1_BACKROW_BOTTOMFLOOR,OCCUPANCY,LIVING_UNIT1_BACKROW_BOTTOMFLOOR,1200.51,2.0,2.0,0.002,600.276,0.000,1.000,AutoCalculate,ACTIVITY_SCH,No,3.8200E-008,0,2
,5,PEOPLE_UNIT2_BACKROW_BOTTOMFLOOR,OCCUPANCY,LIVING_UNIT2_BACKROW_BOTTOMFLOOR,1200.51,2.0,2.0,0.002,600.276,0.000,1.000,AutoCalculate,ACTIVITY_SCH,No,3.8200E-008,0,2
,6,PEOPLE_UNIT3_BACKROW_BOTTOMFLOOR,OCCUPANCY,LIVING_UNIT3_BACKROW_BOTTOMFLOOR,1200.51,2.0,2.0,0.002,600.276,0.000,1.000,AutoCalculate,ACTIVITY_SCH,No,3.8200E-008,0,2
,7,PEOPLE_UNIT1_FRONTROW_MIDDLEFLOOR,OCCUPANCY,LIVING_UNIT1_FRONTROW_MIDDLEFLOOR,1200.51,2.0,2.0,0.002,600.276,0.000,1.000,AutoCalculate,ACTIVITY_SCH,No,3.8200E-008,0,2
,8,PEOPLE_UNIT2_FRONTROW_MIDDLEFLOOR,OCCUPANCY,LIVING_UNIT2_FRONTROW_MIDDLEFLOOR,1200.51,2.0,2.0,0.002,600.276,0.000,1.000,AutoCalculate,ACTIVITY_SCH,No,3.8200E-008,0,2
,9,PEOPLE_UNIT3_FRONTROW_MIDDLEFLOOR,OCCUPANCY,LIVING_UNIT3_FRONTROW_MIDDLEFLOOR,1200.51,2.0,2.0,0.002,600.276,0.000,1.000,AutoCalculate,ACTIVITY_SCH,No,3.8200E-008,0,2
,10,PEOPLE_UNIT1_BACKROW_MIDDLEFLOOR,OCCUPANCY,LIVING_UNIT1_BACKROW_MIDDLEFLOOR,1200.51,2.0,2.0,0.002,600.276,0.000,1.000,AutoCalculate,ACTIVITY_SCH,No,3.8200E-008,0,2
,11,PEOPLE_UNIT2_BACKROW_MIDDLEFLOOR,OCCUPANCY,LIVING_UNIT2_BACKROW_MIDDLEFLOOR,1200.51,2.0,2.0,0.002,600.276,0.000,1.000,AutoCalculate,ACTIVITY_SCH,No,3.8200E-008,0,2
,12,PEOPLE_UNIT3_BACKROW_MIDDLEFLOOR,OCCUPANCY,LIVING_UNIT3_BACKROW_MIDDLEFLOOR,1200.51,2.0,2.0,0.002,600.276,0.000,1.000,AutoCalculate,ACTIVITY_SCH,No,3.8200E-008,0,2
,13,PEOPLE_UNIT1_FRONTROW_TOPFLOOR,OCCUPANCY,LIVING_UNIT1_FRONTROW_TOPFLOOR,1200.51,2.0,2.0,0.002,600.276,0.000,1.000,AutoCalculate,ACTIVITY_SCH,No,3.8200E-008,0,2
,14,PEOPLE_UNIT2_FRONTROW_TOPFLOOR,OCCUPANCY,LIVING_UNIT2_FRONTROW_TOPFLOOR,1200.51,2.0,2.0,0.002,600.276,0.000,1.000,AutoCalculate,ACTIVITY_SCH,No,3.8200E-008,0,2
,15,PEOPLE_UNIT3_FRONTROW_TOPFLOOR,OCCUPANCY,LIVING_UNIT3_FRONTROW_TOPFLOOR,1200.51,2.0,2.0,0.002,600.276,0.000,1.000,AutoCalculate,ACTIVITY_SCH,No,3.8200E-008,0,2
,16,PEOPLE_UNIT1_BACKROW_TOPFLOOR,OCCUPANCY,LIVING_UNIT1_BACKROW_TOPFLOOR,1200.51,2.0,2.0,0.002,600.276,0.000,1.000,AutoCalculate,ACTIVITY_SCH,No,3.8200E-008,0,2
,17,PEOPLE_UNIT2_BACKROW_TOPFLOOR,OCCUPANCY,LIVING_UNIT2_BACKROW_TOPFLOOR,1200.51,2.0,2.0,0.002,600.276,0.000,1.000,AutoCalculate,ACTIVITY_SCH,No,3.8200E-008,0,2
,18,PEOPLE_UNIT3_BACKROW_TOPFLOOR,OCCUPANCY,LIVING_UNIT3_BACKROW_TOPFLOOR,1200.51,2.0,2.0,0.002,600.276,0.000,1.000,AutoCalculate,ACTIVITY_SCH,No,3.8200E-008,0,2


Lights Internal Gains Nominal

,,Name,Schedule Name,Zone Name,Zone Floor Area {ft2},# Zone Occupants,Lighting Level {Btu/h},Lights/Floor Area {Btu/h-ft2},Lights per person {W/person},Fraction Return Air,Fraction Radiant,Fraction Short Wave,Fraction Convected,Fraction Replaceable,End-Use Category,Nominal Minimum Lighting Level {Btu/h},Nominal Maximum Lighting Level {Btu/h}
,1,LIVING HARDWIRED LIGHTING1_FRONTROW_BOTTOMFLOOR,INTERIORLIGHTINGHE,LIVING_UNIT1_FRONTROW_BOTTOMFLOOR,1200.51,2.0,481.174,0.401,70.512,0.000,0.600,0.200,0.200,0.000,General,33.079,481.174
,2,LIVING PLUG-IN LIGHTING1_FRONTROW_BOTTOMFLOOR,INTERIORLIGHTINGHE,LIVING_UNIT1_FRONTROW_BOTTOMFLOOR,1200.51,2.0,218.812,0.182,32.065,0.000,0.600,0.200,0.200,0.000,General,15.044,218.812
,3,LIVING HARDWIRED LIGHTING2_FRONTROW_BOTTOMFLOOR,INTERIORLIGHTINGHE,LIVING_UNIT2_FRONTROW_BOTTOMFLOOR,1200.51,2.0,481.174,0.401,70.512,0.000,0.600,0.200,0.200,0.000,General,33.079,481.174
,4,LIVING PLUG-IN LIGHTING2_FRONTROW_BOTTOMFLOOR,INTERIORLIGHTINGHE,LIVING_UNIT2_FRONTROW_BOTTOMFLOOR,1200.51,2.0,218.812,0.182,32.065,0.000,0.600,0.200,0.200,0.000,General,15.044,218.812
,5,LIVING HARDWIRED LIGHTING3_FRONTROW_BOTTOMFLOOR,INTERIORLIGHTINGHE,LIVING_UNIT3_FRONTROW_BOTTOMFLOOR,1200.51,2.0,481.174,0.401,70.512,0.000,0.600,0.200,0.200,0.000,General,33.079,481.174
,6,LIVING PLUG-IN LIGHTING3_FRONTROW_BOTTOMFLOOR,INTERIORLIGHTINGHE,LIVING_UNIT3_FRONTROW_BOTTOMFLOOR,1200.51,2.0,218.812,0.182,32.065,0.000,0.600,0.200,0.200,0.000,General,15.044,218.812
,7,LIVING HARDWIRED LIGHTING1_BACKROW_BOTTOMFLOOR,INTERIORLIGHTINGHE,LIVING_UNIT1_BACKROW_BOTTOMFLOOR,1200.51,2.0,481.174,0.401,70.512,0.000,0.600,0.200,0.200,0.000,General,33.079,481.174
,8,LIVING PLUG-IN LIGHTING1_BACKROW_BOTTOMFLOOR,INTERIORLIGHTINGHE,LIVING_UNIT1_BACKROW_BOTTOMFLOOR,1200.51,2.0,218.812,0.182,32.065,0.000,0.600,0.200,0.200,0.000,General,15.044,218.812
,9,LIVING HARDWIRED LIGHTING2_BACKROW_BOTTOMFLOOR,INTERIORLIGHTINGHE,LIVING_UNIT2_BACKROW_BOTTOMFLOOR,1200.51,2.0,481.174,0.401,70.512,0.000,0.600,0.200,0.200,0.000,General,33.079,481.174
,10,LIVING PLUG-IN LIGHTING2_BACKROW_BOTTOMFLOOR,INTERIORLIGHTINGHE,LIVING_UNIT2_BACKROW_BOTTOMFLOOR,1200.51,2.0,218.812,0.182,32.065,0.000,0.600,0.200,0.200,0.000,General,15.044,218.812
,11,LIVING HARDWIRED LIGHTING3_BACKROW_BOTTOMFLOOR,INTERIORLIGHTINGHE,LIVING_UNIT3_BACKROW_BOTTOMFLOOR,1200.51,2.0,481.174,0.401,70.512,0.000,0.600,0.200,0.200,0.000,General,33.079,481.174
,12,LIVING PLUG-IN LIGHTING3_BACKROW_BOTTOMFLOOR,INTERIORLIGHTINGHE,LIVING_UNIT3_BACKROW_BOTTOMFLOOR,1200.51,2.0,218.812,0.182,32.065,0.000,0.600,0.200,0.200,0.000,General,15.044,218.812
,13,LIVING HARDWIRED LIGHTING1_FRONTROW_MIDDLEFLOOR,INTERIORLIGHTINGHE,LIVING_UNIT1_FRONTROW_MIDDLEFLOOR,1200.51,2.0,481.174,0.401,70.512,0.000,0.600,0.200,0.200,0.000,General,33.079,481.174
,14,LIVING PLUG-IN LIGHTING1_FRONTROW_MIDDLEFLOOR,INTERIORLIGHTINGHE,LIVING_UNIT1_FRONTROW_MIDDLEFLOOR,1200.51,2.0,218.812,0.182,32.065,0.000,0.600,0.200,0.200,0.000,General,15.044,218.812
,15,LIVING HARDWIRED LIGHTING2_FRONTROW_MIDDLEFLOOR,INTERIORLIGHTINGHE,LIVING_UNIT2_FRONTROW_MIDDLEFLOOR,1200.51,2.0,481.174,0.401,70.512,0.000,0.600,0.200,0.200,0.000,General,33.079,481.174
,16,LIVING PLUG-IN LIGHTING2_FRONTROW_MIDDLEFLOOR,INTERIORLIGHTINGHE,LIVING_UNIT2_FRONTROW_MIDDLEFLOOR,1200.51,2.0,218.812,0.182,32.065,0.000,0.600,0.200,0.200,0.000,General,15.044,218.812
,17,LIVING HARDWIRED LIGHTING3_FRONTROW_MIDDLEFLOOR,INTERIORLIGHTINGHE,LIVING_UNIT3_FRONTROW_MIDDLEFLOOR,1200.51,2.0,481.174,0.401,70.512,0.000,0.600,0.200,0.200,0.000,General,33.079,481.174
,18,LIVING PLUG-IN LIGHTING3_FRONTROW_MIDDLEFLOOR,INTERIORLIGHTINGHE,LIVING_UNIT3_FRONTROW_MIDDLEFLOOR,1200.51,2.0,218.812,0.182,32.065,0.000,0.600,0.200,0.200,0.000,General,15.044,218.812
,19,LIVING HARDWIRED LIGHTING1_BACKROW_MIDDLEFLOOR,INTERIORLIGHTINGHE,LIVING_UNIT1_BACKROW_MIDDLEFLOOR,1200.51,2.0,481.174,0.401,70.512,0.000,0.600,0.200,0.200,0.000,General,33.079,481.174
,20,LIVING PLUG-IN LIGHTING1_BACKROW_MIDDLEFLOOR,INTERIORLIGHTINGHE,LIVING_UNIT1_BACKROW_MIDDLEFLOOR,1200.51,2.0,218.812,0.182,32.065,0.000,0.600,0.200,0.200,0.000,General,15.044,218.812
,21,LIVING HARDWIRED LIGHTING2_BACKROW_MIDDLEFLOOR,INTERIORLIGHTINGHE,LIVING_UNIT2_BACKROW_MIDDLEFLOOR,1200.51,2.0,481.174,0.401,70.512,0.000,0.600,0.200,0.200,0.000,General,33.079,481.174
,22,LIVING PLUG-IN LIGHTING2_BACKROW_MIDDLEFLOOR,INTERIORLIGHTINGHE,LIVING_UNIT2_BACKROW_MIDDLEFLOOR,1200.51,2.0,218.812,0.182,32.065,0.000,0.600,0.200,0.200,0.000,General,15.044,218.812
,23,LIVING HARDWIRED LIGHTING3_BACKROW_MIDDLEFLOOR,INTERIORLIGHTINGHE,LIVING_UNIT3_BACKROW_MIDDLEFLOOR,1200.51,2.0,481.174,0.401,70.512,0.000,0.600,0.200,0.200,0.000,General,33.079,481.174
,24,LIVING PLUG-IN LIGHTING3_BACKROW_MIDDLEFLOOR,INTERIORLIGHTINGHE,LIVING_UNIT3_BACKROW_MIDDLEFLOOR,1200.51,2.0,218.812,0.182,32.065,0.000,0.600,0.200,0.200,0.000,General,15.044,218.812
,25,LIVING HARDWIRED LIGHTING1_FRONTROW_TOPFLOOR,INTERIORLIGHTINGHE,LIVING_UNIT1_FRONTROW_TOPFLOOR,1200.51,2.0,481.174,0.401,70.512,0.000,0.600,0.200,0.200,0.000,General,33.079,481.174
,26,LIVING PLUG-IN LIGHTING1_FRONTROW_TOPFLOOR,INTERIORLIGHTINGHE,LIVING_UNIT1_FRONTROW_TOPFLOOR,1200.51,2.0,218.812,0.182,32.065,0.000,0.600,0.200,0.200,0.000,General,15.044,218.812
,27,LIVING HARDWIRED LIGHTING2_FRONTROW_TOPFLOOR,INTERIORLIGHTINGHE,LIVING_UNIT2_FRONTROW_TOPFLOOR,1200.51,2.0,481.174,0.401,70.512,0.000,0.600,0.200,0.200,0.000,General,33.079,481.174
,28,LIVING PLUG-IN LIGHTING2_FRONTROW_TOPFLOOR,INTERIORLIGHTINGHE,LIVING_UNIT2_FRONTROW_TOPFLOOR,1200.51,2.0,218.812,0.182,32.065,0.000,0.600,0.200,0.200,0.000,General,15.044,218.812
,29,LIVING HARDWIRED LIGHTING3_FRONTROW_TOPFLOOR,INTERIORLIGHTINGHE,LIVING_UNIT3_FRONTROW_TOPFLOOR,1200.51,2.0,481.174,0.401,70.512,0.000,0.600,0.200,0.200,0.000,General,33.079,481.174
,30,LIVING PLUG-IN LIGHTING3_FRONTROW_TOPFLOOR,INTERIORLIGHTINGHE,LIVING_UNIT3_FRONTROW_TOPFLOOR,1200.51,2.0,218.812,0.182,32.065,0.000,0.600,0.200,0.200,0.000,General,15.044,218.812
,31,LIVING HARDWIRED LIGHTING1_BACKROW_TOPFLOOR,INTERIORLIGHTINGHE,LIVING_UNIT1_BACKROW_TOPFLOOR,1200.51,2.0,481.174,0.401,70.512,0.000,0.600,0.200,0.200,0.000,General,33.079,481.174
,32,LIVING PLUG-IN LIGHTING1_BACKROW_TOPFLOOR,INTERIORLIGHTINGHE,LIVING_UNIT1_BACKROW_TOPFLOOR,1200.51,2.0,218.812,0.182,32.065,0.000,0.600,0.200,0.200,0.000,General,15.044,218.812
,33,LIVING HARDWIRED LIGHTING2_BACKROW_TOPFLOOR,INTERIORLIGHTINGHE,LIVING_UNIT2_BACKROW_TOPFLOOR,1200.51,2.0,481.174,0.401,70.512,0.000,0.600,0.200,0.200,0.000,General,33.079,481.174
,34,LIVING PLUG-IN LIGHTING2_BACKROW_TOPFLOOR,INTERIORLIGHTINGHE,LIVING_UNIT2_BACKROW_TOPFLOOR,1200.51,2.0,218.812,0.182,32.065,0.000,0.600,0.200,0.200,0.000,General,15.044,218.812
,35,LIVING HARDWIRED LIGHTING3_BACKROW_TOPFLOOR,INTERIORLIGHTINGHE,LIVING_UNIT3_BACKROW_TOPFLOOR,1200.51,2.0,481.174,0.401,70.512,0.000,0.600,0.200,0.200,0.000,General,33.079,481.174
,36,LIVING PLUG-IN LIGHTING3_BACKROW_TOPFLOOR,INTERIORLIGHTINGHE,LIVING_UNIT3_BACKROW_TOPFLOOR,1200.51,2.0,218.812,0.182,32.065,0.000,0.600,0.200,0.200,0.000,General,15.044,218.812


ElectricEquipment Internal Gains Nominal

,,Name,Schedule Name,Zone Name,Zone Floor Area {ft2},# Zone Occupants,Equipment Level {Btu/h},Equipment/Floor Area {Btu/h-ft2},Equipment per person {W/person},Fraction Latent,Fraction Radiant,Fraction Lost,Fraction Convected,End-Use SubCategory,Nominal Minimum Equipment Level {Btu/h},Nominal Maximum Equipment Level {Btu/h}
,1,DISHWASHER1_FRONTROW_BOTTOMFLOOR,DISHWASHER,LIVING_UNIT1_FRONTROW_BOTTOMFLOOR,1200.51,2.0,186.821,0.156,27.377,0.150,0.600,0.250,0.000,dishwasher,0.000,166.833
,2,REFRIGERATOR1_FRONTROW_BOTTOMFLOOR,REFRIGERATOR,LIVING_UNIT1_FRONTROW_BOTTOMFLOOR,1200.51,2.0,310.690,0.259,45.529,0.000,1.000,0.000,0.000,refrigerator,227.232,310.690
,3,CLOTHESWASHER1_FRONTROW_BOTTOMFLOOR,CLOTHESWASHER,LIVING_UNIT1_FRONTROW_BOTTOMFLOOR,1200.51,2.0,80.974,0.068,11.866,0.000,0.800,0.200,0.000,clotheswasher,0.000,72.311
,4,ELECTRIC_DRYER1_FRONTROW_BOTTOMFLOOR,CLOTHESDRYER,LIVING_UNIT1_FRONTROW_BOTTOMFLOOR,1200.51,2.0,605.958,0.505,88.798,5.000E-002,0.150,0.800,0.000,electric_dryer,0.000,605.958
,5,ELECTRIC_RANGE1_FRONTROW_BOTTOMFLOOR,COOKINGRANGE,LIVING_UNIT1_FRONTROW_BOTTOMFLOOR,1200.51,2.0,705.353,0.588,103.363,0.300,0.400,0.300,0.000,electric_range,16.610,705.353
,6,TELEVISION1_FRONTROW_BOTTOMFLOOR,INTERIORLIGHTING,LIVING_UNIT1_FRONTROW_BOTTOMFLOOR,1200.51,2.0,0.000,0.000,0.000,0.000,1.000,0.000,0.000,television,0.000,0.000
,7,ELECTRIC_MELS1_FRONTROW_BOTTOMFLOOR,MISCPLUGLOAD,LIVING_UNIT1_FRONTROW_BOTTOMFLOOR,1200.51,2.0,1503.167,1.252,220.277,6.000E-002,0.690,0.250,0.000,electric_mels,777.172,1503.167
,8,IECC_ADJ1_FRONTROW_BOTTOMFLOOR,MISCPLUGLOAD,LIVING_UNIT1_FRONTROW_BOTTOMFLOOR,1200.51,2.0,99.736,0.083,14.616,6.244E-002,0.412,0.251,0.275,IECC_adj,51.566,99.736
,9,DISHWASHER2_FRONTROW_BOTTOMFLOOR,DISHWASHER,LIVING_UNIT2_FRONTROW_BOTTOMFLOOR,1200.51,2.0,186.821,0.156,27.377,0.150,0.600,0.250,0.000,dishwasher,0.000,166.833
,10,REFRIGERATOR2_FRONTROW_BOTTOMFLOOR,REFRIGERATOR,LIVING_UNIT2_FRONTROW_BOTTOMFLOOR,1200.51,2.0,310.690,0.259,45.529,0.000,1.000,0.000,0.000,refrigerator,227.232,310.690
,11,CLOTHESWASHER2_FRONTROW_BOTTOMFLOOR,CLOTHESWASHER,LIVING_UNIT2_FRONTROW_BOTTOMFLOOR,1200.51,2.0,80.974,0.068,11.866,0.000,0.800,0.200,0.000,clotheswasher,0.000,72.311
,12,ELECTRIC_DRYER2_FRONTROW_BOTTOMFLOOR,CLOTHESDRYER,LIVING_UNIT2_FRONTROW_BOTTOMFLOOR,1200.51,2.0,605.958,0.505,88.798,5.000E-002,0.150,0.800,0.000,electric_dryer,0.000,605.958
,13,ELECTRIC_RANGE2_FRONTROW_BOTTOMFLOOR,COOKINGRANGE,LIVING_UNIT2_FRONTROW_BOTTOMFLOOR,1200.51,2.0,705.353,0.588,103.363,0.300,0.400,0.300,0.000,electric_range,16.610,705.353
,14,TELEVISION2_FRONTROW_BOTTOMFLOOR,INTERIORLIGHTING,LIVING_UNIT2_FRONTROW_BOTTOMFLOOR,1200.51,2.0,0.000,0.000,0.000,0.000,1.000,0.000,0.000,television,0.000,0.000
,15,ELECTRIC_MELS2_FRONTROW_BOTTOMFLOOR,MISCPLUGLOAD,LIVING_UNIT2_FRONTROW_BOTTOMFLOOR,1200.51,2.0,1503.167,1.252,220.277,6.000E-002,0.690,0.250,0.000,electric_mels,777.172,1503.167
,16,IECC_ADJ2_FRONTROW_BOTTOMFLOOR,MISCPLUGLOAD,LIVING_UNIT2_FRONTROW_BOTTOMFLOOR,1200.51,2.0,99.736,0.083,14.616,6.244E-002,0.412,0.251,0.275,IECC_adj,51.566,99.736
,17,DISHWASHER3_FRONTROW_BOTTOMFLOOR,DISHWASHER,LIVING_UNIT3_FRONTROW_BOTTOMFLOOR,1200.51,2.0,186.821,0.156,27.377,0.150,0.600,0.250,0.000,dishwasher,0.000,166.833
,18,REFRIGERATOR3_FRONTROW_BOTTOMFLOOR,REFRIGERATOR,LIVING_UNIT3_FRONTROW_BOTTOMFLOOR,1200.51,2.0,310.690,0.259,45.529,0.000,1.000,0.000,0.000,refrigerator,227.232,310.690
,19,CLOTHESWASHER3_FRONTROW_BOTTOMFLOOR,CLOTHESWASHER,LIVING_UNIT3_FRONTROW_BOTTOMFLOOR,1200.51,2.0,80.974,0.068,11.866,0.000,0.800,0.200,0.000,clotheswasher,0.000,72.311
,20,ELECTRIC_DRYER3_FRONTROW_BOTTOMFLOOR,CLOTHESDRYER,LIVING_UNIT3_FRONTROW_BOTTOMFLOOR,1200.51,2.0,605.958,0.505,88.798,5.000E-002,0.150,0.800,0.000,electric_dryer,0.000,605.958
,21,ELECTRIC_RANGE3_FRONTROW_BOTTOMFLOOR,COOKINGRANGE,LIVING_UNIT3_FRONTROW_BOTTOMFLOOR,1200.51,2.0,705.353,0.588,103.363,0.300,0.400,0.300,0.000,electric_range,16.610,705.353
,22,TELEVISION3_FRONTROW_BOTTOMFLOOR,INTERIORLIGHTING,LIVING_UNIT3_FRONTROW_BOTTOMFLOOR,1200.51,2.0,0.000,0.000,0.000,0.000,1.000,0.000,0.000,television,0.000,0.000
,23,ELECTRIC_MELS3_FRONTROW_BOTTOMFLOOR,MISCPLUGLOAD,LIVING_UNIT3_FRONTROW_BOTTOMFLOOR,1200.51,2.0,1503.167,1.252,220.277,6.000E-002,0.690,0.250,0.000,electric_mels,777.172,1503.167
,24,IECC_ADJ3_FRONTROW_BOTTOMFLOOR,MISCPLUGLOAD,LIVING_UNIT3_FRONTROW_BOTTOMFLOOR,1200.51,2.0,99.736,0.083,14.616,6.244E-002,0.412,0.251,0.275,IECC_adj,51.566,99.736
,25,DISHWASHER1_BACKROW_BOTTOMFLOOR,DISHWASHER,LIVING_UNIT1_BACKROW_BOTTOMFLOOR,1200.51,2.0,186.821,0.156,27.377,0.150,0.600,0.250,0.000,dishwasher,0.000,166.833
,26,REFRIGERATOR1_BACKROW_BOTTOMFLOOR,REFRIGERATOR,LIVING_UNIT1_BACKROW_BOTTOMFLOOR,1200.51,2.0,310.690,0.259,45.529,0.000,1.000,0.000,0.000,refrigerator,227.232,310.690
,27,CLOTHESWASHER1_BACKROW_BOTTOMFLOOR,CLOTHESWASHER,LIVING_UNIT1_BACKROW_BOTTOMFLOOR,1200.51,2.0,80.974,0.068,11.866,0.000,0.800,0.200,0.000,clotheswasher,0.000,72.311
,28,ELECTRIC_DRYER1_BACKROW_BOTTOMFLOOR,CLOTHESDRYER,LIVING_UNIT1_BACKROW_BOTTOMFLOOR,1200.51,2.0,605.958,0.505,88.798,5.000E-002,0.150,0.800,0.000,electric_dryer,0.000,605.958
,29,ELECTRIC_RANGE1_BACKROW_BOTTOMFLOOR,COOKINGRANGE,LIVING_UNIT1_BACKROW_BOTTOMFLOOR,1200.51,2.0,705.353,0.588,103.363,0.300,0.400,0.300,0.000,electric_range,16.610,705.353
,30,TELEVISION1_BACKROW_BOTTOMFLOOR,INTERIORLIGHTING,LIVING_UNIT1_BACKROW_BOTTOMFLOOR,1200.51,2.0,0.000,0.000,0.000,0.000,1.000,0.000,0.000,television,0.000,0.000
,31,ELECTRIC_MELS1_BACKROW_BOTTOMFLOOR,MISCPLUGLOAD,LIVING_UNIT1_BACKROW_BOTTOMFLOOR,1200.51,2.0,1503.167,1.252,220.277,6.000E-002,0.690,0.250,0.000,electric_mels,777.172,1503.167
,32,IECC_ADJ1_BACKROW_BOTTOMFLOOR,MISCPLUGLOAD,LIVING_UNIT1_BACKROW_BOTTOMFLOOR,1200.51,2.0,99.736,0.083,14.616,6.244E-002,0.412,0.251,0.275,IECC_adj,51.566,99.736
,33,DISHWASHER2_BACKROW_BOTTOMFLOOR,DISHWASHER,LIVING_UNIT2_BACKROW_BOTTOMFLOOR,1200.51,2.0,186.821,0.156,27.377,0.150,0.600,0.250,0.000,dishwasher,0.000,166.833
,34,REFRIGERATOR2_BACKROW_BOTTOMFLOOR,REFRIGERATOR,LIVING_UNIT2_BACKROW_BOTTOMFLOOR,1200.51,2.0,310.690,0.259,45.529,0.000,1.000,0.000,0.000,refrigerator,227.232,310.690
,35,CLOTHESWASHER2_BACKROW_BOTTOMFLOOR,CLOTHESWASHER,LIVING_UNIT2_BACKROW_BOTTOMFLOOR,1200.51,2.0,80.974,0.068,11.866,0.000,0.800,0.200,0.000,clotheswasher,0.000,72.311
,36,ELECTRIC_DRYER2_BACKROW_BOTTOMFLOOR,CLOTHESDRYER,LIVING_UNIT2_BACKROW_BOTTOMFLOOR,1200.51,2.0,605.958,0.505,88.798,5.000E-002,0.150,0.800,0.000,electric_dryer,0.000,605.958
,37,ELECTRIC_RANGE2_BACKROW_BOTTOMFLOOR,COOKINGRANGE,LIVING_UNIT2_BACKROW_BOTTOMFLOOR,1200.51,2.0,705.353,0.588,103.363,0.300,0.400,0.300,0.000,electric_range,16.610,705.353
,38,TELEVISION2_BACKROW_BOTTOMFLOOR,INTERIORLIGHTING,LIVING_UNIT2_BACKROW_BOTTOMFLOOR,1200.51,2.0,0.000,0.000,0.000,0.000,1.000,0.000,0.000,television,0.000,0.000
,39,ELECTRIC_MELS2_BACKROW_BOTTOMFLOOR,MISCPLUGLOAD,LIVING_UNIT2_BACKROW_BOTTOMFLOOR,1200.51,2.0,1503.167,1.252,220.277,6.000E-002,0.690,0.250,0.000,electric_mels,777.172,1503.167
,40,IECC_ADJ2_BACKROW_BOTTOMFLOOR,MISCPLUGLOAD,LIVING_UNIT2_BACKROW_BOTTOMFLOOR,1200.51,2.0,99.736,0.083,14.616,6.244E-002,0.412,0.251,0.275,IECC_adj,51.566,99.736
,41,DISHWASHER3_BACKROW_BOTTOMFLOOR,DISHWASHER,LIVING_UNIT3_BACKROW_BOTTOMFLOOR,1200.51,2.0,186.821,0.156,27.377,0.150,0.600,0.250,0.000,dishwasher,0.000,166.833
,42,REFRIGERATOR3_BACKROW_BOTTOMFLOOR,REFRIGERATOR,LIVING_UNIT3_BACKROW_BOTTOMFLOOR,1200.51,2.0,310.690,0.259,45.529,0.000,1.000,0.000,0.000,refrigerator,227.232,310.690
,43,CLOTHESWASHER3_BACKROW_BOTTOMFLOOR,CLOTHESWASHER,LIVING_UNIT3_BACKROW_BOTTOMFLOOR,1200.51,2.0,80.974,0.068,11.866,0.000,0.800,0.200,0.000,clotheswasher,0.000,72.311
,44,ELECTRIC_DRYER3_BACKROW_BOTTOMFLOOR,CLOTHESDRYER,LIVING_UNIT3_BACKROW_BOTTOMFLOOR,1200.51,2.0,605.958,0.505,88.798,5.000E-002,0.150,0.800,0.000,electric_dryer,0.000,605.958
,45,ELECTRIC_RANGE3_BACKROW_BOTTOMFLOOR,COOKINGRANGE,LIVING_UNIT3_BACKROW_BOTTOMFLOOR,1200.51,2.0,705.353,0.588,103.363,0.300,0.400,0.300,0.000,electric_range,16.610,705.353
,46,TELEVISION3_BACKROW_BOTTOMFLOOR,INTERIORLIGHTING,LIVING_UNIT3_BACKROW_BOTTOMFLOOR,1200.51,2.0,0.000,0.000,0.000,0.000,1.000,0.000,0.000,television,0.000,0.000
,47,ELECTRIC_MELS3_BACKROW_BOTTOMFLOOR,MISCPLUGLOAD,LIVING_UNIT3_BACKROW_BOTTOMFLOOR,1200.51,2.0,1503.167,1.252,220.277,6.000E-002,0.690,0.250,0.000,electric_mels,777.172,1503.167
,48,IECC_ADJ3_BACKROW_BOTTOMFLOOR,MISCPLUGLOAD,LIVING_UNIT3_BACKROW_BOTTOMFLOOR,1200.51,2.0,99.736,0.083,14.616,6.244E-002,0.412,0.251,0.275,IECC_adj,51.566,99.736
,49,DISHWASHER1_FRONTROW_MIDDLEFLOOR,DISHWASHER,LIVING_UNIT1_FRONTROW_MIDDLEFLOOR,1200.51,2.0,186.821,0.156,27.377,0.150,0.600,0.250,0.000,dishwasher,0.000,166.833
,50,REFRIGERATOR1_FRONTROW_MIDDLEFLOOR,REFRIGERATOR,LIVING_UNIT1_FRONTROW_MIDDLEFLOOR,1200.51,2.0,310.690,0.259,45.529,0.000,1.000,0.000,0.000,refrigerator,227.232,310.690
,51,CLOTHESWASHER1_FRONTROW_MIDDLEFLOOR,CLOTHESWASHER,LIVING_UNIT1_FRONTROW_MIDDLEFLOOR,1200.51,2.0,80.974,0.068,11.866,0.000,0.800,0.200,0.000,clotheswasher,0.000,72.311
,52,ELECTRIC_DRYER1_FRONTROW_MIDDLEFLOOR,CLOTHESDRYER,LIVING_UNIT1_FRONTROW_MIDDLEFLOOR,1200.51,2.0,605.958,0.505,88.798,5.000E-002,0.150,0.800,0.000,electric_dryer,0.000,605.958
,53,ELECTRIC_RANGE1_FRONTROW_MIDDLEFLOOR,COOKINGRANGE,LIVING_UNIT1_FRONTROW_MIDDLEFLOOR,1200.51,2.0,705.353,0.588,103.363,0.300,0.400,0.300,0.000,electric_range,16.610,705.353
,54,TELEVISION1_FRONTROW_MIDDLEFLOOR,INTERIORLIGHTING,LIVING_UNIT1_FRONTROW_MIDDLEFLOOR,1200.51,2.0,0.000,0.000,0.000,0.000,1.000,0.000,0.000,television,0.000,0.000
,55,ELECTRIC_MELS1_FRONTROW_MIDDLEFLOOR,MISCPLUGLOAD,LIVING_UNIT1_FRONTROW_MIDDLEFLOOR,1200.51,2.0,1503.167,1.252,220.277,6.000E-002,0.690,0.250,0.000,electric_mels,777.172,1503.167
,56,IECC_ADJ1_FRONTROW_MIDDLEFLOOR,MISCPLUGLOAD,LIVING_UNIT1_FRONTROW_MIDDLEFLOOR,1200.51,2.0,99.736,0.083,14.616,6.244E-002,0.412,0.251,0.275,IECC_adj,51.566,99.736
,57,DISHWASHER2_FRONTROW_MIDDLEFLOOR,DISHWASHER,LIVING_UNIT2_FRONTROW_MIDDLEFLOOR,1200.51,2.0,186.821,0.156,27.377,0.150,0.600,0.250,0.000,dishwasher,0.000,166.833
,58,REFRIGERATOR2_FRONTROW_MIDDLEFLOOR,REFRIGERATOR,LIVING_UNIT2_FRONTROW_MIDDLEFLOOR,1200.51,2.0,310.690,0.259,45.529,0.000,1.000,0.000,0.000,refrigerator,227.232,310.690
,59,CLOTHESWASHER2_FRONTROW_MIDDLEFLOOR,CLOTHESWASHER,LIVING_UNIT2_FRONTROW_MIDDLEFLOOR,1200.51,2.0,80.974,0.068,11.866,0.000,0.800,0.200,0.000,clotheswasher,0.000,72.311
,60,ELECTRIC_DRYER2_FRONTROW_MIDDLEFLOOR,CLOTHESDRYER,LIVING_UNIT2_FRONTROW_MIDDLEFLOOR,1200.51,2.0,605.958,0.505,88.798,5.000E-002,0.150,0.800,0.000,electric_dryer,0.000,605.958
,61,ELECTRIC_RANGE2_FRONTROW_MIDDLEFLOOR,COOKINGRANGE,LIVING_UNIT2_FRONTROW_MIDDLEFLOOR,1200.51,2.0,705.353,0.588,103.363,0.300,0.400,0.300,0.000,electric_range,16.610,705.353
,62,TELEVISION2_FRONTROW_MIDDLEFLOOR,INTERIORLIGHTING,LIVING_UNIT2_FRONTROW_MIDDLEFLOOR,1200.51,2.0,0.000,0.000,0.000,0.000,1.000,0.000,0.000,television,0.000,0.000
,63,ELECTRIC_MELS2_FRONTROW_MIDDLEFLOOR,MISCPLUGLOAD,LIVING_UNIT2_FRONTROW_MIDDLEFLOOR,1200.51,2.0,1503.167,1.252,220.277,6.000E-002,0.690,0.250,0.000,electric_mels,777.172,1503.167
,64,IECC_ADJ2_FRONTROW_MIDDLEFLOOR,MISCPLUGLOAD,LIVING_UNIT2_FRONTROW_MIDDLEFLOOR,1200.51,2.0,99.736,0.083,14.616,6.244E-002,0.412,0.251,0.275,IECC_adj,51.566,99.736
,65,DISHWASHER3_FRONTROW_MIDDLEFLOOR,DISHWASHER,LIVING_UNIT3_FRONTROW_MIDDLEFLOOR,1200.51,2.0,186.821,0.156,27.377,0.150,0.600,0.250,0.000,dishwasher,0.000,166.833
,66,REFRIGERATOR3_FRONTROW_MIDDLEFLOOR,REFRIGERATOR,LIVING_UNIT3_FRONTROW_MIDDLEFLOOR,1200.51,2.0,310.690,0.259,45.529,0.000,1.000,0.000,0.000,refrigerator,227.232,310.690
,67,CLOTHESWASHER3_FRONTROW_MIDDLEFLOOR,CLOTHESWASHER,LIVING_UNIT3_FRONTROW_MIDDLEFLOOR,1200.51,2.0,80.974,0.068,11.866,0.000,0.800,0.200,0.000,clotheswasher,0.000,72.311
,68,ELECTRIC_DRYER3_FRONTROW_MIDDLEFLOOR,CLOTHESDRYER,LIVING_UNIT3_FRONTROW_MIDDLEFLOOR,1200.51,2.0,605.958,0.505,88.798,5.000E-002,0.150,0.800,0.000,electric_dryer,0.000,605.958
,69,ELECTRIC_RANGE3_FRONTROW_MIDDLEFLOOR,COOKINGRANGE,LIVING_UNIT3_FRONTROW_MIDDLEFLOOR,1200.51,2.0,705.353,0.588,103.363,0.300,0.400,0.300,0.000,electric_range,16.610,705.353
,70,TELEVISION3_FRONTROW_MIDDLEFLOOR,INTERIORLIGHTING,LIVING_UNIT3_FRONTROW_MIDDLEFLOOR,1200.51,2.0,0.000,0.000,0.000,0.000,1.000,0.000,0.000,television,0.000,0.000
,71,ELECTRIC_MELS3_FRONTROW_MIDDLEFLOOR,MISCPLUGLOAD,LIVING_UNIT3_FRONTROW_MIDDLEFLOOR,1200.51,2.0,1503.167,1.252,220.277,6.000E-002,0.690,0.250,0.000,electric_mels,777.172,1503.167
,72,IECC_ADJ3_FRONTROW_MIDDLEFLOOR,MISCPLUGLOAD,LIVING_UNIT3_FRONTROW_MIDDLEFLOOR,1200.51,2.0,99.736,0.083,14.616,6.244E-002,0.412,0.251,0.275,IECC_adj,51.566,99.736
,73,DISHWASHER1_BACKROW_MIDDLEFLOOR,DISHWASHER,LIVING_UNIT1_BACKROW_MIDDLEFLOOR,1200.51,2.0,186.821,0.156,27.377,0.150,0.600,0.250,0.000,dishwasher,0.000,166.833
,74,REFRIGERATOR1_BACKROW_MIDDLEFLOOR,REFRIGERATOR,LIVING_UNIT1_BACKROW_MIDDLEFLOOR,1200.51,2.0,310.690,0.259,45.529,0.000,1.000,0.000,0.000,refrigerator,227.232,310.690
,75,CLOTHESWASHER1_BACKROW_MIDDLEFLOOR,CLOTHESWASHER,LIVING_UNIT1_BACKROW_MIDDLEFLOOR,1200.51,2.0,80.974,0.068,11.866,0.000,0.800,0.200,0.000,clotheswasher,0.000,72.311
,76,ELECTRIC_DRYER1_BACKROW_MIDDLEFLOOR,CLOTHESDRYER,LIVING_UNIT1_BACKROW_MIDDLEFLOOR,1200.51,2.0,605.958,0.505,88.798,5.000E-002,0.150,0.800,0.000,electric_dryer,0.000,605.958
,77,ELECTRIC_RANGE1_BACKROW_MIDDLEFLOOR,COOKINGRANGE,LIVING_UNIT1_BACKROW_MIDDLEFLOOR,1200.51,2.0,705.353,0.588,103.363,0.300,0.400,0.300,0.000,electric_range,16.610,705.353
,78,TELEVISION1_BACKROW_MIDDLEFLOOR,INTERIORLIGHTING,LIVING_UNIT1_BACKROW_MIDDLEFLOOR,1200.51,2.0,0.000,0.000,0.000,0.000,1.000,0.000,0.000,television,0.000,0.000
,79,ELECTRIC_MELS1_BACKROW_MIDDLEFLOOR,MISCPLUGLOAD,LIVING_UNIT1_BACKROW_MIDDLEFLOOR,1200.51,2.0,1503.167,1.252,220.277,6.000E-002,0.690,0.250,0.000,electric_mels,777.172,1503.167
,80,IECC_ADJ1_BACKROW_MIDDLEFLOOR,MISCPLUGLOAD,LIVING_UNIT1_BACKROW_MIDDLEFLOOR,1200.51,2.0,99.736,0.083,14.616,6.244E-002,0.412,0.251,0.275,IECC_adj,51.566,99.736
,81,DISHWASHER2_BACKROW_MIDDLEFLOOR,DISHWASHER,LIVING_UNIT2_BACKROW_MIDDLEFLOOR,1200.51,2.0,186.821,0.156,27.377,0.150,0.600,0.250,0.000,dishwasher,0.000,166.833
,82,REFRIGERATOR2_BACKROW_MIDDLEFLOOR,REFRIGERATOR,LIVING_UNIT2_BACKROW_MIDDLEFLOOR,1200.51,2.0,310.690,0.259,45.529,0.000,1.000,0.000,0.000,refrigerator,227.232,310.690
,83,CLOTHESWASHER2_BACKROW_MIDDLEFLOOR,CLOTHESWASHER,LIVING_UNIT2_BACKROW_MIDDLEFLOOR,1200.51,2.0,80.974,0.068,11.866,0.000,0.800,0.200,0.000,clotheswasher,0.000,72.311
,84,ELECTRIC_DRYER2_BACKROW_MIDDLEFLOOR,CLOTHESDRYER,LIVING_UNIT2_BACKROW_MIDDLEFLOOR,1200.51,2.0,605.958,0.505,88.798,5.000E-002,0.150,0.800,0.000,electric_dryer,0.000,605.958
,85,ELECTRIC_RANGE2_BACKROW_MIDDLEFLOOR,COOKINGRANGE,LIVING_UNIT2_BACKROW_MIDDLEFLOOR,1200.51,2.0,705.353,0.588,103.363,0.300,0.400,0.300,0.000,electric_range,16.610,705.353
,86,TELEVISION2_BACKROW_MIDDLEFLOOR,INTERIORLIGHTING,LIVING_UNIT2_BACKROW_MIDDLEFLOOR,1200.51,2.0,0.000,0.000,0.000,0.000,1.000,0.000,0.000,television,0.000,0.000
,87,ELECTRIC_MELS2_BACKROW_MIDDLEFLOOR,MISCPLUGLOAD,LIVING_UNIT2_BACKROW_MIDDLEFLOOR,1200.51,2.0,1503.167,1.252,220.277,6.000E-002,0.690,0.250,0.000,electric_mels,777.172,1503.167
,88,IECC_ADJ2_BACKROW_MIDDLEFLOOR,MISCPLUGLOAD,LIVING_UNIT2_BACKROW_MIDDLEFLOOR,1200.51,2.0,99.736,0.083,14.616,6.244E-002,0.412,0.251,0.275,IECC_adj,51.566,99.736
,89,DISHWASHER3_BACKROW_MIDDLEFLOOR,DISHWASHER,LIVING_UNIT3_BACKROW_MIDDLEFLOOR,1200.51,2.0,186.821,0.156,27.377,0.150,0.600,0.250,0.000,dishwasher,0.000,166.833
,90,REFRIGERATOR3_BACKROW_MIDDLEFLOOR,REFRIGERATOR,LIVING_UNIT3_BACKROW_MIDDLEFLOOR,1200.51,2.0,310.690,0.259,45.529,0.000,1.000,0.000,0.000,refrigerator,227.232,310.690
,91,CLOTHESWASHER3_BACKROW_MIDDLEFLOOR,CLOTHESWASHER,LIVING_UNIT3_BACKROW_MIDDLEFLOOR,1200.51,2.0,80.974,0.068,11.866,0.000,0.800,0.200,0.000,clotheswasher,0.000,72.311
,92,ELECTRIC_DRYER3_BACKROW_MIDDLEFLOOR,CLOTHESDRYER,LIVING_UNIT3_BACKROW_MIDDLEFLOOR,1200.51,2.0,605.958,0.505,88.798,5.000E-002,0.150,0.800,0.000,electric_dryer,0.000,605.958
,93,ELECTRIC_RANGE3_BACKROW_MIDDLEFLOOR,COOKINGRANGE,LIVING_UNIT3_BACKROW_MIDDLEFLOOR,1200.51,2.0,705.353,0.588,103.363,0.300,0.400,0.300,0.000,electric_range,16.610,705.353
,94,TELEVISION3_BACKROW_MIDDLEFLOOR,INTERIORLIGHTING,LIVING_UNIT3_BACKROW_MIDDLEFLOOR,1200.51,2.0,0.000,0.000,0.000,0.000,1.000,0.000,0.000,television,0.000,0.000
,95,ELECTRIC_MELS3_BACKROW_MIDDLEFLOOR,MISCPLUGLOAD,LIVING_UNIT3_BACKROW_MIDDLEFLOOR,1200.51,2.0,1503.167,1.252,220.277,6.000E-002,0.690,0.250,0.000,electric_mels,777.172,1503.167
,96,IECC_ADJ3_BACKROW_MIDDLEFLOOR,MISCPLUGLOAD,LIVING_UNIT3_BACKROW_MIDDLEFLOOR,1200.51,2.0,99.736,0.083,14.616,6.244E-002,0.412,0.251,0.275,IECC_adj,51.566,99.736
,97,DISHWASHER1_FRONTROW_TOPFLOOR,DISHWASHER,LIVING_UNIT1_FRONTROW_TOPFLOOR,1200.51,2.0,186.821,0.156,27.377,0.150,0.600,0.250,0.000,dishwasher,0.000,166.833
,98,REFRIGERATOR1_FRONTROW_TOPFLOOR,REFRIGERATOR,LIVING_UNIT1_FRONTROW_TOPFLOOR,1200.51,2.0,310.690,0.259,45.529,0.000,1.000,0.000,0.000,refrigerator,227.232,310.690
,99,CLOTHESWASHER1_FRONTROW_TOPFLOOR,CLOTHESWASHER,LIVING_UNIT1_FRONTROW_TOPFLOOR,1200.51,2.0,80.974,0.068,11.866,0.000,0.800,0.200,0.000,clotheswasher,0.000,72.311
,100,ELECTRIC_DRYER1_FRONTROW_TOPFLOOR,CLOTHESDRYER,LIVING_UNIT1_FRONTROW_TOPFLOOR,1200.51,2.0,605.958,0.505,88.798,5.000E-002,0.150,0.800,0.000,electric_dryer,0.000,605.958
,101,ELECTRIC_RANGE1_FRONTROW_TOPFLOOR,COOKINGRANGE,LIVING_UNIT1_FRONTROW_TOPFLOOR,1200.51,2.0,705.353,0.588,103.363,0.300,0.400,0.300,0.000,electric_range,16.610,705.353
,102,TELEVISION1_FRONTROW_TOPFLOOR,INTERIORLIGHTING,LIVING_UNIT1_FRONTROW_TOPFLOOR,1200.51,2.0,0.000,0.000,0.000,0.000,1.000,0.000,0.000,television,0.000,0.000
,103,ELECTRIC_MELS1_FRONTROW_TOPFLOOR,MISCPLUGLOAD,LIVING_UNIT1_FRONTROW_TOPFLOOR,1200.51,2.0,1503.167,1.252,220.277,6.000E-002,0.690,0.250,0.000,electric_mels,777.172,1503.167
,104,IECC_ADJ1_FRONTROW_TOPFLOOR,MISCPLUGLOAD,LIVING_UNIT1_FRONTROW_TOPFLOOR,1200.51,2.0,99.736,0.083,14.616,6.244E-002,0.412,0.251,0.275,IECC_adj,51.566,99.736
,105,DISHWASHER2_FRONTROW_TOPFLOOR,DISHWASHER,LIVING_UNIT2_FRONTROW_TOPFLOOR,1200.51,2.0,186.821,0.156,27.377,0.150,0.600,0.250,0.000,dishwasher,0.000,166.833
,106,REFRIGERATOR2_FRONTROW_TOPFLOOR,REFRIGERATOR,LIVING_UNIT2_FRONTROW_TOPFLOOR,1200.51,2.0,310.690,0.259,45.529,0.000,1.000,0.000,0.000,refrigerator,227.232,310.690
,107,CLOTHESWASHER2_FRONTROW_TOPFLOOR,CLOTHESWASHER,LIVING_UNIT2_FRONTROW_TOPFLOOR,1200.51,2.0,80.974,0.068,11.866,0.000,0.800,0.200,0.000,clotheswasher,0.000,72.311
,108,ELECTRIC_DRYER2_FRONTROW_TOPFLOOR,CLOTHESDRYER,LIVING_UNIT2_FRONTROW_TOPFLOOR,1200.51,2.0,605.958,0.505,88.798,5.000E-002,0.150,0.800,0.000,electric_dryer,0.000,605.958
,109,ELECTRIC_RANGE2_FRONTROW_TOPFLOOR,COOKINGRANGE,LIVING_UNIT2_FRONTROW_TOPFLOOR,1200.51,2.0,705.353,0.588,103.363,0.300,0.400,0.300,0.000,electric_range,16.610,705.353
,110,TELEVISION2_FRONTROW_TOPFLOOR,INTERIORLIGHTING,LIVING_UNIT2_FRONTROW_TOPFLOOR,1200.51,2.0,0.000,0.000,0.000,0.000,1.000,0.000,0.000,television,0.000,0.000
,111,ELECTRIC_MELS2_FRONTROW_TOPFLOOR,MISCPLUGLOAD,LIVING_UNIT2_FRONTROW_TOPFLOOR,1200.51,2.0,1503.167,1.252,220.277,6.000E-002,0.690,0.250,0.000,electric_mels,777.172,1503.167
,112,IECC_ADJ2_FRONTROW_TOPFLOOR,MISCPLUGLOAD,LIVING_UNIT2_FRONTROW_TOPFLOOR,1200.51,2.0,99.736,0.083,14.616,6.244E-002,0.412,0.251,0.275,IECC_adj,51.566,99.736
,113,DISHWASHER3_FRONTROW_TOPFLOOR,DISHWASHER,LIVING_UNIT3_FRONTROW_TOPFLOOR,1200.51,2.0,186.821,0.156,27.377,0.150,0.600,0.250,0.000,dishwasher,0.000,166.833
,114,REFRIGERATOR3_FRONTROW_TOPFLOOR,REFRIGERATOR,LIVING_UNIT3_FRONTROW_TOPFLOOR,1200.51,2.0,310.690,0.259,45.529,0.000,1.000,0.000,0.000,refrigerator,227.232,310.690
,115,CLOTHESWASHER3_FRONTROW_TOPFLOOR,CLOTHESWASHER,LIVING_UNIT3_FRONTROW_TOPFLOOR,1200.51,2.0,80.974,0.068,11.866,0.000,0.800,0.200,0.000,clotheswasher,0.000,72.311
,116,ELECTRIC_DRYER3_FRONTROW_TOPFLOOR,CLOTHESDRYER,LIVING_UNIT3_FRONTROW_TOPFLOOR,1200.51,2.0,605.958,0.505,88.798,5.000E-002,0.150,0.800,0.000,electric_dryer,0.000,605.958
,117,ELECTRIC_RANGE3_FRONTROW_TOPFLOOR,COOKINGRANGE,LIVING_UNIT3_FRONTROW_TOPFLOOR,1200.51,2.0,705.353,0.588,103.363,0.300,0.400,0.300,0.000,electric_range,16.610,705.353
,118,TELEVISION3_FRONTROW_TOPFLOOR,INTERIORLIGHTING,LIVING_UNIT3_FRONTROW_TOPFLOOR,1200.51,2.0,0.000,0.000,0.000,0.000,1.000,0.000,0.000,television,0.000,0.000
,119,ELECTRIC_MELS3_FRONTROW_TOPFLOOR,MISCPLUGLOAD,LIVING_UNIT3_FRONTROW_TOPFLOOR,1200.51,2.0,1503.167,1.252,220.277,6.000E-002,0.690,0.250,0.000,electric_mels,777.172,1503.167
,120,IECC_ADJ3_FRONTROW_TOPFLOOR,MISCPLUGLOAD,LIVING_UNIT3_FRONTROW_TOPFLOOR,1200.51,2.0,99.736,0.083,14.616,6.244E-002,0.412,0.251,0.275,IECC_adj,51.566,99.736
,121,DISHWASHER1_BACKROW_TOPFLOOR,DISHWASHER,LIVING_UNIT1_BACKROW_TOPFLOOR,1200.51,2.0,186.821,0.156,27.377,0.150,0.600,0.250,0.000,dishwasher,0.000,166.833
,122,REFRIGERATOR1_BACKROW_TOPFLOOR,REFRIGERATOR,LIVING_UNIT1_BACKROW_TOPFLOOR,1200.51,2.0,310.690,0.259,45.529,0.000,1.000,0.000,0.000,refrigerator,227.232,310.690
,123,CLOTHESWASHER1_BACKROW_TOPFLOOR,CLOTHESWASHER,LIVING_UNIT1_BACKROW_TOPFLOOR,1200.51,2.0,80.974,0.068,11.866,0.000,0.800,0.200,0.000,clotheswasher,0.000,72.311
,124,ELECTRIC_DRYER1_BACKROW_TOPFLOOR,CLOTHESDRYER,LIVING_UNIT1_BACKROW_TOPFLOOR,1200.51,2.0,605.958,0.505,88.798,5.000E-002,0.150,0.800,0.000,electric_dryer,0.000,605.958
,125,ELECTRIC_RANGE1_BACKROW_TOPFLOOR,COOKINGRANGE,LIVING_UNIT1_BACKROW_TOPFLOOR,1200.51,2.0,705.353,0.588,103.363,0.300,0.400,0.300,0.000,electric_range,16.610,705.353
,126,TELEVISION1_BACKROW_TOPFLOOR,INTERIORLIGHTING,LIVING_UNIT1_BACKROW_TOPFLOOR,1200.51,2.0,0.000,0.000,0.000,0.000,1.000,0.000,0.000,television,0.000,0.000
,127,ELECTRIC_MELS1_BACKROW_TOPFLOOR,MISCPLUGLOAD,LIVING_UNIT1_BACKROW_TOPFLOOR,1200.51,2.0,1503.167,1.252,220.277,6.000E-002,0.690,0.250,0.000,electric_mels,777.172,1503.167
,128,IECC_ADJ1_BACKROW_TOPFLOOR,MISCPLUGLOAD,LIVING_UNIT1_BACKROW_TOPFLOOR,1200.51,2.0,99.736,0.083,14.616,6.244E-002,0.412,0.251,0.275,IECC_adj,51.566,99.736
,129,DISHWASHER2_BACKROW_TOPFLOOR,DISHWASHER,LIVING_UNIT2_BACKROW_TOPFLOOR,1200.51,2.0,186.821,0.156,27.377,0.150,0.600,0.250,0.000,dishwasher,0.000,166.833
,130,REFRIGERATOR2_BACKROW_TOPFLOOR,REFRIGERATOR,LIVING_UNIT2_BACKROW_TOPFLOOR,1200.51,2.0,310.690,0.259,45.529,0.000,1.000,0.000,0.000,refrigerator,227.232,310.690
,131,CLOTHESWASHER2_BACKROW_TOPFLOOR,CLOTHESWASHER,LIVING_UNIT2_BACKROW_TOPFLOOR,1200.51,2.0,80.974,0.068,11.866,0.000,0.800,0.200,0.000,clotheswasher,0.000,72.311
,132,ELECTRIC_DRYER2_BACKROW_TOPFLOOR,CLOTHESDRYER,LIVING_UNIT2_BACKROW_TOPFLOOR,1200.51,2.0,605.958,0.505,88.798,5.000E-002,0.150,0.800,0.000,electric_dryer,0.000,605.958
,133,ELECTRIC_RANGE2_BACKROW_TOPFLOOR,COOKINGRANGE,LIVING_UNIT2_BACKROW_TOPFLOOR,1200.51,2.0,705.353,0.588,103.363,0.300,0.400,0.300,0.000,electric_range,16.610,705.353
,134,TELEVISION2_BACKROW_TOPFLOOR,INTERIORLIGHTING,LIVING_UNIT2_BACKROW_TOPFLOOR,1200.51,2.0,0.000,0.000,0.000,0.000,1.000,0.000,0.000,television,0.000,0.000
,135,ELECTRIC_MELS2_BACKROW_TOPFLOOR,MISCPLUGLOAD,LIVING_UNIT2_BACKROW_TOPFLOOR,1200.51,2.0,1503.167,1.252,220.277,6.000E-002,0.690,0.250,0.000,electric_mels,777.172,1503.167
,136,IECC_ADJ2_BACKROW_TOPFLOOR,MISCPLUGLOAD,LIVING_UNIT2_BACKROW_TOPFLOOR,1200.51,2.0,99.736,0.083,14.616,6.244E-002,0.412,0.251,0.275,IECC_adj,51.566,99.736
,137,DISHWASHER3_BACKROW_TOPFLOOR,DISHWASHER,LIVING_UNIT3_BACKROW_TOPFLOOR,1200.51,2.0,186.821,0.156,27.377,0.150,0.600,0.250,0.000,dishwasher,0.000,166.833
,138,REFRIGERATOR3_BACKROW_TOPFLOOR,REFRIGERATOR,LIVING_UNIT3_BACKROW_TOPFLOOR,1200.51,2.0,310.690,0.259,45.529,0.000,1.000,0.000,0.000,refrigerator,227.232,310.690
,139,CLOTHESWASHER3_BACKROW_TOPFLOOR,CLOTHESWASHER,LIVING_UNIT3_BACKROW_TOPFLOOR,1200.51,2.0,80.974,0.068,11.866,0.000,0.800,0.200,0.000,clotheswasher,0.000,72.311
,140,ELECTRIC_DRYER3_BACKROW_TOPFLOOR,CLOTHESDRYER,LIVING_UNIT3_BACKROW_TOPFLOOR,1200.51,2.0,605.958,0.505,88.798,5.000E-002,0.150,0.800,0.000,electric_dryer,0.000,605.958
,141,ELECTRIC_RANGE3_BACKROW_TOPFLOOR,COOKINGRANGE,LIVING_UNIT3_BACKROW_TOPFLOOR,1200.51,2.0,705.353,0.588,103.363,0.300,0.400,0.300,0.000,electric_range,16.610,705.353
,142,TELEVISION3_BACKROW_TOPFLOOR,INTERIORLIGHTING,LIVING_UNIT3_BACKROW_TOPFLOOR,1200.51,2.0,0.000,0.000,0.000,0.000,1.000,0.000,0.000,television,0.000,0.000
,143,ELECTRIC_MELS3_BACKROW_TOPFLOOR,MISCPLUGLOAD,LIVING_UNIT3_BACKROW_TOPFLOOR,1200.51,2.0,1503.167,1.252,220.277,6.000E-002,0.690,0.250,0.000,electric_mels,777.172,1503.167
,144,IECC_ADJ3_BACKROW_TOPFLOOR,MISCPLUGLOAD,LIVING_UNIT3_BACKROW_TOPFLOOR,1200.51,2.0,99.736,0.083,14.616,6.244E-002,0.412,0.251,0.275,IECC_adj,51.566,99.736


Construction CTF

,,Construction Name,Index,#Layers,#CTFs,Time Step {Hours},ThermalConductance {Btu/h-ft2-F},OuterThermalAbsorptance,InnerThermalAbsorptance,OuterSolarAbsorptance,InnerSolarAbsorptance,Roughness
,1,EXTERIOR WALL,1,5,9,0.250,0.0498,0.900,0.900,0.700,0.700,MediumSmooth
,2,CEILING-FLOOR-LAYER,3,1,5,0.250,0.228,0.900,0.900,0.700,0.700,Rough
,3,EXTERIOR FLOOR,4,3,8,0.250,0.0279,0.900,0.900,0.700,0.700,Rough
,4,INTERIOR FLOOR,5,2,3,0.250,0.300,0.900,0.900,0.700,0.700,Rough
,5,INTERIOR CEILING,6,2,11,0.250,0.0190,0.900,0.900,0.700,0.700,Rough
,6,ATTIC FLOOR,7,2,11,0.250,0.0190,0.900,0.900,0.700,0.700,MediumSmooth
,7,INTERIORWALL,9,3,5,0.250,0.597,0.900,0.900,0.700,0.700,MediumSmooth
,8,EXTERIOR ROOF,11,2,3,0.250,0.943,0.900,0.900,0.750,0.700,MediumRough
,9,EXTERIOR DOOR,14,1,5,0.250,0.300,0.900,0.900,0.700,0.700,Smooth
,10,GABLE_END,16,5,5,0.250,0.428,0.900,0.900,0.700,0.700,MediumSmooth
,11,CRAWL WALL,24,1,5,0.250,2.28,0.900,0.900,0.700,0.700,Rough
,12,iz-EXTERIOR FLOOR,25,3,8,0.250,0.0279,0.900,0.900,0.700,0.700,MediumSmooth


Material CTF Summary

,,Material Name,Thickness {ft},Conductivity {w/m-K},Density {lb/ft3},Specific Heat {Btu/lbm-R},ThermalResistance {m2-K/w}
,1,SYN_STUCCO,0.0098,0.086,24.971,0.210,0.3524E-01
,2,SHEATHING_CONSOL_LAYER,0.1020,0.035,1.255,0.350,0.8807
,3,OSB_7/16IN,0.0364,0.116,34.000,0.290,0.9555E-01
,4,WALL_CONSOL_LAYER,0.4584,0.057,7.541,0.248,2.444
,5,DRYWALL_1/2IN,0.0417,0.160,50.000,0.260,0.7933E-01
,6,LUMBER_2X4,0.2920,0.115,32.003,0.183,0.7709
,7,FLOOR_CONSOL_LAYER,0.9377,0.050,3.438,0.219,5.720
,8,PLYWOOD_3/4IN,0.0627,0.115,34.003,0.161,0.1650
,9,CARPET_N_PAD,0.0833,0.060,2.000,0.200,0.4224
,10,PLYWOOD_3/4IN,0.0627,0.115,34.003,0.161,0.1650
,11,CARPET_N_PAD,0.0833,0.060,2.000,0.200,0.4224
,12,CEIL_CONSOL_LAYER,1.8587,0.062,2.618,0.185,9.179
,13,DRYWALL_1/2IN,0.0417,0.160,50.000,0.260,0.7933E-01
,14,DRYWALL_1/2IN,0.0417,0.160,50.000,0.260,0.7933E-01
,15,CEIL_CONSOL_LAYER,1.8587,0.062,2.618,0.185,9.179
,16,DRYWALL_1/2IN,0.0417,0.160,50.000,0.260,0.7933E-01
,17,OSB_5/8IN,0.0522,0.116,34.000,0.290,0.1365
,18,DRYWALL_1/2IN,0.0417,0.160,50.000,0.260,0.7933E-01
,19,ASPHALT_SHINGLE,0.0207,0.082,70.000,0.300,0.7745E-01
,20,OSB_1/2IN,0.0417,0.116,34.000,0.290,0.1092
,21,DOOR_CONST,0.1388,0.072,32.003,0.183,0.5870
,22,CEMENT_STUCCO,0.0627,0.721,116.464,0.210,0.2642E-01
,23,BLDG_PAPER_FELT,0.0000,0.000,0.000,0.000,0.1057E-01
,24,OSB_5/8IN,0.0522,0.116,34.000,0.290,0.1365
,25,DRYWALL_1/2IN,0.0417,0.160,50.000,0.260,0.7933E-01
,26,CONCRETE_4IN,0.3330,1.312,140.014,0.111,0.7736E-01
,27,CARPET_N_PAD,0.0833,0.060,2.000,0.200,0.4224
,28,PLYWOOD_3/4IN,0.0627,0.115,34.003,0.161,0.1650
,29,FLOOR_CONSOL_LAYER,0.9377,0.050,3.438,0.219,5.720


Material:Air

,,Material Name,ThermalResistance {m2-K/w}
,1,AIR_4_IN_VERT,0.1585
,2,3/4IN_AIR_SPACE,8.5130E-002
,3,3/4IN_REFLECTIVE_AIR_SPACE,0.2466
,4,AIR_4_IN_VERT,0.1585


CTF

,,Time,Outside,Cross,Inside,Flux (except final one)
,1,9,-0.22549215E-07,0.15068908E-13,-0.36636575E-07,0.15325053E-12
,2,8,0.59171433E-04,0.27732189E-10,0.87245177E-04,-0.17245386E-07
,3,7,-0.28958691E-02,0.32836698E-07,-0.76712678E-02,0.40343077E-04
,4,6,0.54592497E-01,0.38495894E-05,0.20687904,-0.19000017E-02
,5,5,-0.50723082,0.86755853E-04,-2.3929881,0.33748112E-01
,6,4,2.5226851,0.50110213E-03,13.368157,-0.28468677
,7,3,-6.9407176,0.79858665E-03,-38.323334,1.2085827
,8,2,10.504051,0.31741499E-03,57.504377,-2.5817303
,9,1,-8.1362281,0.20731142E-04,-42.892930,2.6198363
,10,0,2.5074132,0.34647197E-07,12.539151,
,11,5,-0.43849147E-03,0.18833498E-05,-0.43849147E-03,0.30392500E-04
,12,4,0.41779546E-01,0.68952917E-03,0.41779546E-01,-0.31618351E-02
,13,3,-0.86953086,0.19470987E-01,-0.86953086,0.76647766E-01
,14,2,5.0828864,0.81908598E-01,5.0828864,-0.55331088
,15,1,-9.8350053,0.54328437E-01,-9.8350053,1.3568411
,16,0,5.7398106,0.31024311E-02,5.7398106,
,17,8,0.13519746E-12,0.25545916E-15,0.11630167E-04,-0.11125046E-12
,18,7,-0.59844337E-04,0.18418202E-09,-0.58622558E-02,0.49238257E-04
,19,6,0.23267641E-01,0.12393546E-06,0.12616244,-0.19164738E-01
,20,5,-0.29046111,0.60019502E-05,-1.0392054,0.24702473
,21,4,1.4442851,0.50986088E-04,4.3034010,-1.2759285
,22,3,-3.6368525,0.10496532E-03,-9.8071583,3.3549658
,23,2,4.9063381,0.53614805E-04,12.440115,-4.7460292
,24,1,-3.3783063,0.51117238E-05,-8.2130923,3.4376899
,25,0,0.93200978,0.25143147E-07,2.1958486,
,26,3,-0.21260425E-07,0.49822955E-08,-0.13883007E-07,0.11425730E-18
,27,2,0.11625382,0.10663279E-01,0.24913590E-01,-0.65967067E-07
,28,1,-5.6903370,0.76350664,-0.70509535,0.99684103E-01
,29,0,7.1067848,0.75853168,2.2128834,
,30,11,-0.13166140E-16,0.36980047E-16,-0.28711675E-11,0.23320528E-16
,31,10,0.62152505E-11,0.70640827E-16,0.30059780E-03,-0.53818698E-11
,32,9,-0.16864785E-03,0.61118492E-12,-0.22387170E-01,0.14603482E-03
,33,8,0.51392311E-02,0.72851078E-09,0.41512744,-0.45217625E-02
,34,7,-0.64266311E-01,0.63961965E-07,-3.6853012,0.57703778E-01
,35,6,0.43620837,0.12162869E-05,18.880050,-0.40141324
,36,5,-1.7791699,0.70190627E-05,-60.326437,1.6853427
,37,4,4.5378126,0.13783417E-04,123.93573,-4.4440308
,38,3,-7.2614323,0.90977361E-05,-163.48853,7.3824881
,39,2,7.0552332,0.17359246E-05,133.62285,-7.4737310
,40,1,-3.7915561,0.61840824E-07,-61.503329,4.1977109
,41,0,0.86223289,0.71834149E-10,12.171958,
,42,11,-0.28711675E-11,0.36980047E-16,-0.13166140E-16,0.23320528E-16
,43,10,0.30059780E-03,0.70640827E-16,0.62152505E-11,-0.53818698E-11
,44,9,-0.22387170E-01,0.61118492E-12,-0.16864785E-03,0.14603482E-03
,45,8,0.41512744,0.72851078E-09,0.51392311E-02,-0.45217625E-02
,46,7,-3.6853012,0.63961965E-07,-0.64266311E-01,0.57703778E-01
,47,6,18.880050,0.12162869E-05,0.43620837,-0.40141324
,48,5,-60.326437,0.70190627E-05,-1.7791699,1.6853427
,49,4,123.93573,0.13783417E-04,4.5378126,-4.4440308
,50,3,-163.48853,0.90977361E-05,-7.2614323,7.3824881
,51,2,133.62285,0.17359246E-05,7.0552332,-7.4737310
,52,1,-61.503329,0.61840824E-07,-3.7915561,4.1977109
,53,0,12.171958,0.71834149E-10,0.86223289,
,54,5,-0.22017320E-11,0.56634661E-12,-0.22017324E-11,-0.54738965E-15
,55,4,0.71828241E-05,0.12503747E-05,0.71828241E-05,-0.19189425E-11
,56,3,-0.28693894E-01,0.63826801E-02,-0.28693894E-01,0.40425486E-05
,57,2,2.0187820,0.44722063,2.0187820,-0.10364447E-01
,58,1,-13.308325,1.4948408,-13.308325,0.36116621
,59,0,13.517682,0.25100668,13.517682,
,60,3,-0.29555724E-05,0.78471552E-06,-0.19777018E-05,0.68642314E-15
,61,2,0.15293305,0.50483289E-01,0.12822325,-0.22743170E-05
,62,1,-7.5337739,2.6090217,-5.6395048,0.62817353E-01
,63,0,12.401978,2.3616280,10.532417,
,64,5,-0.34649653E-09,0.18643338E-09,-0.34649653E-09,0.32321875E-12
,65,4,0.14881557E-04,0.76261782E-05,0.14881557E-04,-0.46873818E-07
,66,3,-0.16584958E-01,0.59200141E-02,-0.16584958E-01,0.22126914E-03
,67,2,0.93252021,0.20573514,0.93252021,-0.36145924E-01
,68,1,-5.5712332,0.56060628,-5.5712332,0.52233792
,69,0,5.5302193,0.10266710,5.5302193,
,70,5,-0.52254053E-08,0.11833494E-09,-0.19746461E-08,0.20376637E-17
,71,4,0.13198703E-02,0.28796027E-04,0.41856668E-03,-0.11610988E-08
,72,3,-0.25208402,0.19322245E-01,-0.85493636E-01,0.23906158E-03
,73,2,7.8533107,0.48110426,2.9016275,-0.20267960E-01
,74,1,-41.398393,0.98160798,-13.501343,0.36527180
,75,0,35.387695,0.10978549,12.276639,
,76,5,-0.73019097E-10,0.53192648E-10,-0.73019096E-10,0.12979689E-14
,77,4,0.16478447E-04,0.10527174E-04,0.16478447E-04,-0.17983135E-08
,78,3,-0.48018205E-01,0.22266783E-01,-0.48018205E-01,0.42925618E-04
,79,2,4.7043937,1.3616040,4.7043937,-0.18012379E-01
,80,1,-36.261332,5.1024706,-36.261332,0.42494548
,81,0,39.271125,1.1798337,39.271125,
,82,8,0.11630167E-04,0.25545916E-15,0.13519746E-12,-0.11125046E-12
,83,7,-0.58622558E-02,0.18418202E-09,-0.59844337E-04,0.49238257E-04
,84,6,0.12616244,0.12393546E-06,0.23267641E-01,-0.19164738E-01
,85,5,-1.0392054,0.60019502E-05,-0.29046111,0.24702473
,86,4,4.3034010,0.50986088E-04,1.4442851,-1.2759285
,87,3,-9.8071583,0.10496532E-03,-3.6368525,3.3549658
,88,2,12.440115,0.53614805E-04,4.9063381,-4.7460292
,89,1,-8.2130923,0.51117238E-05,-3.3783063,3.4376899
,90,0,2.1958486,0.25143147E-07,0.93200978,


WindowConstruction

,,Construction Name,Index,#Layers,Roughness,Conductance {Btu/h-ft2-F},Conductance (Before Adjusted) {Btu/h-ft2-F},Convection Coefficient Adjustment Ratio,SHGC,Solar Transmittance at Normal Incidence,Visible Transmittance at Normal Incidence
,1,EXTERIOR WINDOW,12,1,VerySmooth,0.300,0.300,1.000,0.335,,
,2,INTERIOR WINDOW,13,1,VerySmooth,0.300,0.300,1.000,0.335,,
,3,WINDOW_W_BLINDS,18,2,VerySmooth,0.300,0.300,1.000,0.309,,
,4,TDD DOME,22,1,VerySmooth,1.071,1.071,1.000,0.929,,
,5,TDD DIFFUSER,23,1,VerySmooth,1.077,1.077,1.000,0.906,,


WindowMaterial:Glazing

,,Material Name,Optical Data Type,Spectral Data Set Name,Thickness {ft},Solar Transmittance,Front Solar Reflectance,Back Solar Reflectance,Visible Transmittance,Front Visible Reflectance,Back Visible Reflectance,Infrared Transmittance,Front Thermal Emissivity,Back Thermal Emissivity,Conductivity {W/m-K},Dirt Factor,Solar Diffusing
,1,GLASS,SpectralAverage,,0.13728,0.24698,0.55113,0.55113,0.88000,0.11900,0.11900,0.00000,0.84000,0.84000,0.10138,1.00000,No
,2,GLASS,SpectralAverage,,0.13728,0.24698,0.55113,0.55113,0.88000,0.11900,0.11900,0.00000,0.84000,0.84000,0.10138,1.00000,No
,3,GLASS,SpectralAverage,,0.13728,0.24698,0.55113,0.55113,0.88000,0.11900,0.11900,0.00000,0.84000,0.84000,0.10138,1.00000,No
,4,CLEAR ACRYLIC PLASTIC,SpectralAverage,,0.00984,0.92000,5.00000E-002,5.00000E-002,0.92000,5.00000E-002,5.00000E-002,0.00000,0.90000,0.90000,0.90000,1.00000,No
,5,DIFFUSING ACRYLIC PLASTIC,SpectralAverage,,0.00722,0.90000,8.00000E-002,8.00000E-002,0.90000,8.00000E-002,8.00000E-002,0.00000,0.90000,0.90000,0.90000,1.00000,No


WindowMaterial:Blind

,,Material Name,Slat Width {ft},Slat Separation {ft},Slat Thickness {ft},Slat Angle {deg},Slat Beam Solar Transmittance,Slat Beam Solar Front Reflectance,Blind To Glass Distance {ft}
,1,INT_BLIND,0.0820,0.0615,0.0033,45.000,0.000,0.500,0.164


Shadowing/Sun Position Calculations Annual Simulations

,,Shading Calculation Method,Shading Calculation Update Frequency Method,Shading Calculation Update Frequency {days},Maximum Figures in Shadow Overlap Calculations {},Polygon Clipping Algorithm,Pixel Counting Resolution,Sky Diffuse Modeling Algorithm,Output External Shading Calculation Results,Disable Self-Shading Within Shading Zone Groups,Disable Self-Shading From Shading Zone Groups to Other Zones
,1,PolygonClipping,Periodic,20,15000.,SutherlandHodgman,512,SimpleSkyDiffuseModeling,No,No,No


Heat Pump Water Heater Information

,,Type,Name,Volume {ft3},Maximum Capacity {Btu/h},Standard Rated Recovery Efficiency,Standard Rated Energy Factor,"DX Coil Total Cooling Rate {W,HPWH Only}"
,1,WaterHeater:HeatPump:WrappedCondenser,WATER HEATER_UNIT1_FRONTROW_BOTTOMFLOOR,6.9509,4503.2,0.000,0.0000,785,
,2,WaterHeater:HeatPump:WrappedCondenser,WATER HEATER_UNIT2_FRONTROW_BOTTOMFLOOR,6.9509,4503.2,0.000,0.0000,785,
,3,WaterHeater:HeatPump:WrappedCondenser,WATER HEATER_UNIT3_FRONTROW_BOTTOMFLOOR,6.9509,4503.2,0.000,0.0000,785,
,4,WaterHeater:HeatPump:WrappedCondenser,WATER HEATER_UNIT1_BACKROW_BOTTOMFLOOR,6.9509,4503.2,0.000,0.0000,785,
,5,WaterHeater:HeatPump:WrappedCondenser,WATER HEATER_UNIT2_BACKROW_BOTTOMFLOOR,6.9509,4503.2,0.000,0.0000,785,
,6,WaterHeater:HeatPump:WrappedCondenser,WATER HEATER_UNIT3_BACKROW_BOTTOMFLOOR,6.9509,4503.2,0.000,0.0000,785,
,7,WaterHeater:HeatPump:WrappedCondenser,WATER HEATER_UNIT1_FRONTROW_MIDDLEFLOOR,6.9509,4503.2,0.000,0.0000,785,
,8,WaterHeater:HeatPump:WrappedCondenser,WATER HEATER_UNIT2_FRONTROW_MIDDLEFLOOR,6.9509,4503.2,0.000,0.0000,785,
,9,WaterHeater:HeatPump:WrappedCondenser,WATER HEATER_UNIT3_FRONTROW_MIDDLEFLOOR,6.9509,4503.2,0.000,0.0000,785,
,10,WaterHeater:HeatPump:WrappedCondenser,WATER HEATER_UNIT1_BACKROW_MIDDLEFLOOR,6.9509,4503.2,0.000,0.0000,785,
,11,WaterHeater:HeatPump:WrappedCondenser,WATER HEATER_UNIT2_BACKROW_MIDDLEFLOOR,6.9509,4503.2,0.000,0.0000,785,
,12,WaterHeater:HeatPump:WrappedCondenser,WATER HEATER_UNIT3_BACKROW_MIDDLEFLOOR,6.9509,4503.2,0.000,0.0000,785,
,13,WaterHeater:HeatPump:WrappedCondenser,WATER HEATER_UNIT1_FRONTROW_TOPFLOOR,6.9509,4503.2,0.000,0.0000,785,
,14,WaterHeater:HeatPump:WrappedCondenser,WATER HEATER_UNIT2_FRONTROW_TOPFLOOR,6.9509,4503.2,0.000,0.0000,785,
,15,WaterHeater:HeatPump:WrappedCondenser,WATER HEATER_UNIT3_FRONTROW_TOPFLOOR,6.9509,4503.2,0.000,0.0000,785,
,16,WaterHeater:HeatPump:WrappedCondenser,WATER HEATER_UNIT1_BACKROW_TOPFLOOR,6.9509,4503.2,0.000,0.0000,785,
,17,WaterHeater:HeatPump:WrappedCondenser,WATER HEATER_UNIT2_BACKROW_TOPFLOOR,6.9509,4503.2,0.000,0.0000,785,
,18,WaterHeater:HeatPump:WrappedCondenser,WATER HEATER_UNIT3_BACKROW_TOPFLOOR,6.9509,4503.2,0.000,0.0000,785,


Water Heater Stratified Node Information

,,Node Number,Height {ft},Volume {ft3},Maximum Capacity {Btu/h},Off-Cycle UA {Btu/h-F},On-Cycle UA {Btu/h-F},Number Of Inlets,Number Of Outlets
,1,1,5.2299,6.9509,0.000,2.9246,2.9246,1,1
,2,1,5.2299,6.9509,0.000,2.9246,2.9246,1,1
,3,1,5.2299,6.9509,0.000,2.9246,2.9246,1,1
,4,1,5.2299,6.9509,0.000,2.9246,2.9246,1,1
,5,1,5.2299,6.9509,0.000,2.9246,2.9246,1,1
,6,1,5.2299,6.9509,0.000,2.9246,2.9246,1,1
,7,1,5.2299,6.9509,0.000,2.9246,2.9246,1,1
,8,1,5.2299,6.9509,0.000,2.9246,2.9246,1,1
,9,1,5.2299,6.9509,0.000,2.9246,2.9246,1,1
,10,1,5.2299,6.9509,0.000,2.9246,2.9246,1,1
,11,1,5.2299,6.9509,0.000,2.9246,2.9246,1,1
,12,1,5.2299,6.9509,0.000,2.9246,2.9246,1,1
,13,1,5.2299,6.9509,0.000,2.9246,2.9246,1,1
,14,1,5.2299,6.9509,0.000,2.9246,2.9246,1,1
,15,1,5.2299,6.9509,0.000,2.9246,2.9246,1,1
,16,1,5.2299,6.9509,0.000,2.9246,2.9246,1,1
,17,1,5.2299,6.9509,0.000,2.9246,2.9246,1,1
,18,1,5.2299,6.9509,0.000,2.9246,2.9246,1,1


ZoneInfiltration Airflow Stats Nominal

,,Name,Schedule Name,Zone Name,Zone Floor Area {ft2},# Zone Occupants,Design Volume Flow Rate {ft3/min},Volume Flow Rate/Floor Area {ft3/min-ft2},Volume Flow Rate/Exterior Surface Area {ft3/min-ft2},ACH - Air Changes per Hour,Equation A - Constant Term Coefficient {},Equation B - Temperature Term Coefficient {1/C},Equation C - Velocity Term Coefficient {s/m},Equation D - Velocity Squared Term Coefficient {s2/m2}
,1,LIVING_SHERMANGRIMSRUD_UNIT1_FRONTROW_BOTTOMFLOOR,ALWAYS_AVAIL,LIVING_UNIT1_FRONTROW_BOTTOMFLOOR,1200.51,2.0,0.000,0.000,0.000,0.000,0.000,0.000,0.000,0.000
,2,LIVING_SHERMANGRIMSRUD_UNIT2_FRONTROW_BOTTOMFLOOR,ALWAYS_AVAIL,LIVING_UNIT2_FRONTROW_BOTTOMFLOOR,1200.51,2.0,0.000,0.000,0.000,0.000,0.000,0.000,0.000,0.000
,3,LIVING_SHERMANGRIMSRUD_UNIT3_FRONTROW_BOTTOMFLOOR,ALWAYS_AVAIL,LIVING_UNIT3_FRONTROW_BOTTOMFLOOR,1200.51,2.0,0.000,0.000,0.000,0.000,0.000,0.000,0.000,0.000
,4,LIVING_SHERMANGRIMSRUD_UNIT1_BACKROW_BOTTOMFLOOR,ALWAYS_AVAIL,LIVING_UNIT1_BACKROW_BOTTOMFLOOR,1200.51,2.0,0.000,0.000,0.000,0.000,0.000,0.000,0.000,0.000
,5,LIVING_SHERMANGRIMSRUD_UNIT2_BACKROW_BOTTOMFLOOR,ALWAYS_AVAIL,LIVING_UNIT2_BACKROW_BOTTOMFLOOR,1200.51,2.0,0.000,0.000,0.000,0.000,0.000,0.000,0.000,0.000
,6,LIVING_SHERMANGRIMSRUD_UNIT3_BACKROW_BOTTOMFLOOR,ALWAYS_AVAIL,LIVING_UNIT3_BACKROW_BOTTOMFLOOR,1200.51,2.0,0.000,0.000,0.000,0.000,0.000,0.000,0.000,0.000
,7,LIVING_SHERMANGRIMSRUD_UNIT1_FRONTROW_MIDDLEFLOOR,ALWAYS_AVAIL,LIVING_UNIT1_FRONTROW_MIDDLEFLOOR,1200.51,2.0,0.000,0.000,0.000,0.000,0.000,0.000,0.000,0.000
,8,LIVING_SHERMANGRIMSRUD_UNIT2_FRONTROW_MIDDLEFLOOR,ALWAYS_AVAIL,LIVING_UNIT2_FRONTROW_MIDDLEFLOOR,1200.51,2.0,0.000,0.000,0.000,0.000,0.000,0.000,0.000,0.000
,9,LIVING_SHERMANGRIMSRUD_UNIT3_FRONTROW_MIDDLEFLOOR,ALWAYS_AVAIL,LIVING_UNIT3_FRONTROW_MIDDLEFLOOR,1200.51,2.0,0.000,0.000,0.000,0.000,0.000,0.000,0.000,0.000
,10,LIVING_SHERMANGRIMSRUD_UNIT1_BACKROW_MIDDLEFLOOR,ALWAYS_AVAIL,LIVING_UNIT1_BACKROW_MIDDLEFLOOR,1200.51,2.0,0.000,0.000,0.000,0.000,0.000,0.000,0.000,0.000
,11,LIVING_SHERMANGRIMSRUD_UNIT2_BACKROW_MIDDLEFLOOR,ALWAYS_AVAIL,LIVING_UNIT2_BACKROW_MIDDLEFLOOR,1200.51,2.0,0.000,0.000,0.000,0.000,0.000,0.000,0.000,0.000
,12,LIVING_SHERMANGRIMSRUD_UNIT3_BACKROW_MIDDLEFLOOR,ALWAYS_AVAIL,LIVING_UNIT3_BACKROW_MIDDLEFLOOR,1200.51,2.0,0.000,0.000,0.000,0.000,0.000,0.000,0.000,0.000
,13,LIVING_SHERMANGRIMSRUD_UNIT1_FRONTROW_TOPFLOOR,ALWAYS_AVAIL,LIVING_UNIT1_FRONTROW_TOPFLOOR,1200.51,2.0,0.000,0.000,0.000,0.000,0.000,0.000,0.000,0.000
,14,LIVING_SHERMANGRIMSRUD_UNIT2_FRONTROW_TOPFLOOR,ALWAYS_AVAIL,LIVING_UNIT2_FRONTROW_TOPFLOOR,1200.51,2.0,0.000,0.000,0.000,0.000,0.000,0.000,0.000,0.000
,15,LIVING_SHERMANGRIMSRUD_UNIT3_FRONTROW_TOPFLOOR,ALWAYS_AVAIL,LIVING_UNIT3_FRONTROW_TOPFLOOR,1200.51,2.0,0.000,0.000,0.000,0.000,0.000,0.000,0.000,0.000
,16,LIVING_SHERMANGRIMSRUD_UNIT1_BACKROW_TOPFLOOR,ALWAYS_AVAIL,LIVING_UNIT1_BACKROW_TOPFLOOR,1200.51,2.0,0.000,0.000,0.000,0.000,0.000,0.000,0.000,0.000
,17,LIVING_SHERMANGRIMSRUD_UNIT2_BACKROW_TOPFLOOR,ALWAYS_AVAIL,LIVING_UNIT2_BACKROW_TOPFLOOR,1200.51,2.0,0.000,0.000,0.000,0.000,0.000,0.000,0.000,0.000
,18,LIVING_SHERMANGRIMSRUD_UNIT3_BACKROW_TOPFLOOR,ALWAYS_AVAIL,LIVING_UNIT3_BACKROW_TOPFLOOR,1200.51,2.0,0.000,0.000,0.000,0.000,0.000,0.000,0.000,0.000
,19,ATTICVENT,ALWAYS_AVAIL,ATTIC,7802.66,0.0,0.000,0.000,0.000,0.000,0.000,0.000,0.000,0.000
,20,CRAWLVENT,ALWAYS_AVAIL,CRAWLSPACE,7794.37,0.0,0.000,0.000,0.000,0.000,0.000,0.000,0.000,0.000


ZoneVentilation Airflow Stats Nominal

,,Name,Schedule Name,Zone Name,Zone Floor Area {ft2},# Zone Occupants,Design Volume Flow Rate {ft3/min},Volume Flow Rate/Floor Area {ft3/min-ft2},Volume Flow Rate/person Area {ft3/min-person},ACH - Air Changes per Hour,Fan Type {Exhaust;Intake;Natural},Fan Pressure Rise {psi},Fan Efficiency {},Equation A - Constant Term Coefficient {},Equation B - Temperature Term Coefficient {1/C},Equation C - Velocity Term Coefficient {s/m},Equation D - Velocity Squared Term Coefficient {s2/m2},Minimum Indoor Temperature{F}/Schedule,Maximum Indoor Temperature{F}/Schedule,Delta Temperature{F}/Schedule,Minimum Outdoor Temperature{F}/Schedule,Maximum Outdoor Temperature{F}/Schedule,Maximum WindSpeed{ft/min}
,1,VENTILATION_UNIT1_FRONTROW_BOTTOMFLOOR,ALWAYS_AVAIL,LIVING_UNIT1_FRONTROW_BOTTOMFLOOR,1200.51,2.0,0.000,0.000,0.000,0.000,Exhaust,0.000,0.6,1.000,0.000,0.000,0.000,-148.0,212.00,-148.0,-148.0,212.00,7874.40
,2,VENTILATION_UNIT2_FRONTROW_BOTTOMFLOOR,ALWAYS_AVAIL,LIVING_UNIT2_FRONTROW_BOTTOMFLOOR,1200.51,2.0,0.000,0.000,0.000,0.000,Exhaust,0.000,0.6,1.000,0.000,0.000,0.000,-148.0,212.00,-148.0,-148.0,212.00,7874.40
,3,VENTILATION_UNIT3_FRONTROW_BOTTOMFLOOR,ALWAYS_AVAIL,LIVING_UNIT3_FRONTROW_BOTTOMFLOOR,1200.51,2.0,0.000,0.000,0.000,0.000,Exhaust,0.000,0.6,1.000,0.000,0.000,0.000,-148.0,212.00,-148.0,-148.0,212.00,7874.40
,4,VENTILATION_UNIT1_BACKROW_BOTTOMFLOOR,ALWAYS_AVAIL,LIVING_UNIT1_BACKROW_BOTTOMFLOOR,1200.51,2.0,0.000,0.000,0.000,0.000,Exhaust,0.000,0.6,1.000,0.000,0.000,0.000,-148.0,212.00,-148.0,-148.0,212.00,7874.40
,5,VENTILATION_UNIT2_BACKROW_BOTTOMFLOOR,ALWAYS_AVAIL,LIVING_UNIT2_BACKROW_BOTTOMFLOOR,1200.51,2.0,0.000,0.000,0.000,0.000,Exhaust,0.000,0.6,1.000,0.000,0.000,0.000,-148.0,212.00,-148.0,-148.0,212.00,7874.40
,6,VENTILATION_UNIT3_BACKROW_BOTTOMFLOOR,ALWAYS_AVAIL,LIVING_UNIT3_BACKROW_BOTTOMFLOOR,1200.51,2.0,0.000,0.000,0.000,0.000,Exhaust,0.000,0.6,1.000,0.000,0.000,0.000,-148.0,212.00,-148.0,-148.0,212.00,7874.40
,7,VENTILATION_UNIT1_FRONTROW_MIDDLEFLOOR,ALWAYS_AVAIL,LIVING_UNIT1_FRONTROW_MIDDLEFLOOR,1200.51,2.0,0.000,0.000,0.000,0.000,Exhaust,0.000,0.6,1.000,0.000,0.000,0.000,-148.0,212.00,-148.0,-148.0,212.00,7874.40
,8,VENTILATION_UNIT2_FRONTROW_MIDDLEFLOOR,ALWAYS_AVAIL,LIVING_UNIT2_FRONTROW_MIDDLEFLOOR,1200.51,2.0,0.000,0.000,0.000,0.000,Exhaust,0.000,0.6,1.000,0.000,0.000,0.000,-148.0,212.00,-148.0,-148.0,212.00,7874.40
,9,VENTILATION_UNIT3_FRONTROW_MIDDLEFLOOR,ALWAYS_AVAIL,LIVING_UNIT3_FRONTROW_MIDDLEFLOOR,1200.51,2.0,0.000,0.000,0.000,0.000,Exhaust,0.000,0.6,1.000,0.000,0.000,0.000,-148.0,212.00,-148.0,-148.0,212.00,7874.40
,10,VENTILATION_UNIT1_BACKROW_MIDDLEFLOOR,ALWAYS_AVAIL,LIVING_UNIT1_BACKROW_MIDDLEFLOOR,1200.51,2.0,0.000,0.000,0.000,0.000,Exhaust,0.000,0.6,1.000,0.000,0.000,0.000,-148.0,212.00,-148.0,-148.0,212.00,7874.40
,11,VENTILATION_UNIT2_BACKROW_MIDDLEFLOOR,ALWAYS_AVAIL,LIVING_UNIT2_BACKROW_MIDDLEFLOOR,1200.51,2.0,0.000,0.000,0.000,0.000,Exhaust,0.000,0.6,1.000,0.000,0.000,0.000,-148.0,212.00,-148.0,-148.0,212.00,7874.40
,12,VENTILATION_UNIT3_BACKROW_MIDDLEFLOOR,ALWAYS_AVAIL,LIVING_UNIT3_BACKROW_MIDDLEFLOOR,1200.51,2.0,0.000,0.000,0.000,0.000,Exhaust,0.000,0.6,1.000,0.000,0.000,0.000,-148.0,212.00,-148.0,-148.0,212.00,7874.40
,13,VENTILATION_UNIT1_FRONTROW_TOPFLOOR,ALWAYS_AVAIL,LIVING_UNIT1_FRONTROW_TOPFLOOR,1200.51,2.0,0.000,0.000,0.000,0.000,Exhaust,0.000,0.6,1.000,0.000,0.000,0.000,-148.0,212.00,-148.0,-148.0,212.00,7874.40
,14,VENTILATION_UNIT2_FRONTROW_TOPFLOOR,ALWAYS_AVAIL,LIVING_UNIT2_FRONTROW_TOPFLOOR,1200.51,2.0,0.000,0.000,0.000,0.000,Exhaust,0.000,0.6,1.000,0.000,0.000,0.000,-148.0,212.00,-148.0,-148.0,212.00,7874.40
,15,VENTILATION_UNIT3_FRONTROW_TOPFLOOR,ALWAYS_AVAIL,LIVING_UNIT3_FRONTROW_TOPFLOOR,1200.51,2.0,0.000,0.000,0.000,0.000,Exhaust,0.000,0.6,1.000,0.000,0.000,0.000,-148.0,212.00,-148.0,-148.0,212.00,7874.40
,16,VENTILATION_UNIT1_BACKROW_TOPFLOOR,ALWAYS_AVAIL,LIVING_UNIT1_BACKROW_TOPFLOOR,1200.51,2.0,0.000,0.000,0.000,0.000,Exhaust,0.000,0.6,1.000,0.000,0.000,0.000,-148.0,212.00,-148.0,-148.0,212.00,7874.40
,17,VENTILATION_UNIT2_BACKROW_TOPFLOOR,ALWAYS_AVAIL,LIVING_UNIT2_BACKROW_TOPFLOOR,1200.51,2.0,0.000,0.000,0.000,0.000,Exhaust,0.000,0.6,1.000,0.000,0.000,0.000,-148.0,212.00,-148.0,-148.0,212.00,7874.40
,18,VENTILATION_UNIT3_BACKROW_TOPFLOOR,ALWAYS_AVAIL,LIVING_UNIT3_BACKROW_TOPFLOOR,1200.51,2.0,0.000,0.000,0.000,0.000,Exhaust,0.000,0.6,1.000,0.000,0.000,0.000,-148.0,212.00,-148.0,-148.0,212.00,7874.40


AirFlow Model

,,Simple
,1,Simple


RoomAir Model

,,Zone Name,Mixing/Mundt/UCSDDV/UCSDCV/UCSDUFI/UCSDUFE/User Defined
,1,CRAWLSPACE,Mixing/Well-Stirred
,2,BREEZEWAY,Mixing/Well-Stirred
,3,LIVING_UNIT1_FRONTROW_BOTTOMFLOOR,Mixing/Well-Stirred
,4,LIVING_UNIT2_FRONTROW_BOTTOMFLOOR,Mixing/Well-Stirred
,5,LIVING_UNIT3_FRONTROW_BOTTOMFLOOR,Mixing/Well-Stirred
,6,LIVING_UNIT1_BACKROW_BOTTOMFLOOR,Mixing/Well-Stirred
,7,LIVING_UNIT2_BACKROW_BOTTOMFLOOR,Mixing/Well-Stirred
,8,LIVING_UNIT3_BACKROW_BOTTOMFLOOR,Mixing/Well-Stirred
,9,LIVING_UNIT1_FRONTROW_MIDDLEFLOOR,Mixing/Well-Stirred
,10,LIVING_UNIT2_FRONTROW_MIDDLEFLOOR,Mixing/Well-Stirred
,11,LIVING_UNIT3_FRONTROW_MIDDLEFLOOR,Mixing/Well-Stirred
,12,LIVING_UNIT1_BACKROW_MIDDLEFLOOR,Mixing/Well-Stirred
,13,LIVING_UNIT2_BACKROW_MIDDLEFLOOR,Mixing/Well-Stirred
,14,LIVING_UNIT3_BACKROW_MIDDLEFLOOR,Mixing/Well-Stirred
,15,ATTIC,Mixing/Well-Stirred
,16,LIVING_UNIT3_BACKROW_TOPFLOOR,Mixing/Well-Stirred
,17,LIVING_UNIT3_FRONTROW_TOPFLOOR,Mixing/Well-Stirred
,18,LIVING_UNIT1_FRONTROW_TOPFLOOR,Mixing/Well-Stirred
,19,LIVING_UNIT2_BACKROW_TOPFLOOR,Mixing/Well-Stirred
,20,LIVING_UNIT2_FRONTROW_TOPFLOOR,Mixing/Well-Stirred
,21,LIVING_UNIT1_BACKROW_TOPFLOOR,Mixing/Well-Stirred


AirflowNetwork Model:Control

,,No Multizone or Distribution/Multizone with Distribution/Multizone without Distribution/Multizone with Distribution only during Fan Operation
,1,NoMultizoneOrDistribution


Zone Volume Capacitance Multiplier

,,Sensible Heat Capacity Multiplier,Moisture Capacity Multiplier,Carbon Dioxide Capacity Multiplier,Generic Contaminant Capacity Multiplier
,1,1.000,1.000,1.000,1.000


Load Timesteps in Zone Design Calculation Averaging Window

,,Value
,1,4


Heating Sizing Factor Information

,,Sizing Factor ID,Value
,1,Global,1.0000


Cooling Sizing Factor Information

,,Sizing Factor ID,Value
,1,Global,1.0000


Zone Sizing Information

,,Zone Name,Load Type,Calc Des Load {Btu/h},User Des Load {Btu/h},Calc Des Air Flow Rate {ft3/min},User Des Air Flow Rate {ft3/min},Design Day Name,Date/Time of Peak,Temperature at Peak {F},Humidity Ratio at Peak {lbWater/lbDryAir},Floor Area {ft2},# Occupants,Calc Outdoor Air Flow Rate {ft3/min},Calc DOAS Heat Addition Rate {Btu/h}
,1,LIVING_UNIT1_FRONTROW_BOTTOMFLOOR,Cooling,0.00000,0.00000,0.00000,44.99491,,,-7.7800,0.00022,1200.55323,2.00000,44.99491,0.00000
,2,LIVING_UNIT1_FRONTROW_BOTTOMFLOOR,Heating,9207.77514,9207.77514,168.29807,168.29807,MONTREAL-TRUDEAU.INTL.AP ANN HUM_N 99.6% CONDNS DP=>MCDB,1/21 15:00:00,-7.7800,0.00022,1200.55323,2.00000,44.99491,0.00000
,3,LIVING_UNIT2_FRONTROW_BOTTOMFLOOR,Cooling,0.00000,0.00000,0.00000,44.99491,,,-7.7800,0.00022,1200.55323,2.00000,44.99491,0.00000
,4,LIVING_UNIT2_FRONTROW_BOTTOMFLOOR,Heating,6591.88618,6591.88618,120.48791,120.48791,MONTREAL-TRUDEAU.INTL.AP ANN HUM_N 99.6% CONDNS DP=>MCDB,1/21 15:00:00,-7.7800,0.00022,1200.55323,2.00000,44.99491,0.00000
,5,LIVING_UNIT3_FRONTROW_BOTTOMFLOOR,Cooling,0.00000,0.00000,0.00000,44.99491,,,-7.7800,0.00022,1200.55323,2.00000,44.99491,0.00000
,6,LIVING_UNIT3_FRONTROW_BOTTOMFLOOR,Heating,9197.33261,9197.33261,168.10739,168.10739,MONTREAL-TRUDEAU.INTL.AP ANN HUM_N 99.6% CONDNS DP=>MCDB,1/21 15:00:00,-7.7800,0.00022,1200.55323,2.00000,44.99491,0.00000
,7,LIVING_UNIT1_BACKROW_BOTTOMFLOOR,Cooling,0.00000,0.00000,0.00000,44.99491,,,-7.7800,0.00022,1200.55323,2.00000,44.99491,0.00000
,8,LIVING_UNIT1_BACKROW_BOTTOMFLOOR,Heating,9206.77511,9206.77511,168.27985,168.27985,MONTREAL-TRUDEAU.INTL.AP ANN HUM_N 99.6% CONDNS DP=>MCDB,1/21 15:00:00,-7.7800,0.00022,1200.55323,2.00000,44.99491,0.00000
,9,LIVING_UNIT2_BACKROW_BOTTOMFLOOR,Cooling,0.00000,0.00000,0.00000,44.99491,,,-7.7800,0.00022,1200.55323,2.00000,44.99491,0.00000
,10,LIVING_UNIT2_BACKROW_BOTTOMFLOOR,Heating,6588.36943,6588.36943,120.42371,120.42371,MONTREAL-TRUDEAU.INTL.AP ANN HUM_N 99.6% CONDNS DP=>MCDB,1/21 15:00:00,-7.7800,0.00022,1200.55323,2.00000,44.99491,0.00000
,11,LIVING_UNIT3_BACKROW_BOTTOMFLOOR,Cooling,0.00000,0.00000,0.00000,44.99491,,,-7.7800,0.00022,1200.55323,2.00000,44.99491,0.00000
,12,LIVING_UNIT3_BACKROW_BOTTOMFLOOR,Heating,9191.18074,9191.18074,167.99489,167.99489,MONTREAL-TRUDEAU.INTL.AP ANN HUM_N 99.6% CONDNS DP=>MCDB,1/21 15:00:00,-7.7800,0.00022,1200.55323,2.00000,44.99491,0.00000
,13,LIVING_UNIT1_FRONTROW_MIDDLEFLOOR,Cooling,0.00000,0.00000,0.00000,44.99491,,,-7.7800,0.00022,1200.55323,2.00000,44.99491,0.00000
,14,LIVING_UNIT1_FRONTROW_MIDDLEFLOOR,Heating,6475.19991,6475.19991,118.36418,118.36418,MONTREAL-TRUDEAU.INTL.AP ANN HUM_N 99.6% CONDNS DP=>MCDB,1/21 15:00:00,-7.7800,0.00022,1200.55323,2.00000,44.99491,0.00000
,15,LIVING_UNIT2_FRONTROW_MIDDLEFLOOR,Cooling,0.00000,0.00000,0.00000,44.99491,,,-7.7800,0.00022,1200.55323,2.00000,44.99491,0.00000
,16,LIVING_UNIT2_FRONTROW_MIDDLEFLOOR,Heating,3878.01495,3878.01495,70.89046,70.89046,MONTREAL-TRUDEAU.INTL.AP ANN HUM_N 99.6% CONDNS DP=>MCDB,1/21 15:00:00,-7.7800,0.00022,1200.55323,2.00000,44.99491,0.00000
,17,LIVING_UNIT3_FRONTROW_MIDDLEFLOOR,Cooling,0.00000,0.00000,0.00000,44.99491,,,-7.7800,0.00022,1200.55323,2.00000,44.99491,0.00000
,18,LIVING_UNIT3_FRONTROW_MIDDLEFLOOR,Heating,6458.70937,6458.70937,118.06270,118.06270,MONTREAL-TRUDEAU.INTL.AP ANN HUM_N 99.6% CONDNS DP=>MCDB,1/21 15:00:00,-7.7800,0.00022,1200.55323,2.00000,44.99491,0.00000
,19,LIVING_UNIT1_BACKROW_MIDDLEFLOOR,Cooling,0.00000,0.00000,0.00000,44.99491,,,-7.7800,0.00022,1200.55323,2.00000,44.99491,0.00000
,20,LIVING_UNIT1_BACKROW_MIDDLEFLOOR,Heating,6472.43349,6472.43349,118.31354,118.31354,MONTREAL-TRUDEAU.INTL.AP ANN HUM_N 99.6% CONDNS DP=>MCDB,1/21 15:00:00,-7.7800,0.00022,1200.55323,2.00000,44.99491,0.00000
,21,LIVING_UNIT2_BACKROW_MIDDLEFLOOR,Cooling,0.00000,0.00000,0.00000,44.99491,,,-7.7800,0.00022,1200.55323,2.00000,44.99491,0.00000
,22,LIVING_UNIT2_BACKROW_MIDDLEFLOOR,Heating,3873.05581,3873.05581,70.79978,70.79978,MONTREAL-TRUDEAU.INTL.AP ANN HUM_N 99.6% CONDNS DP=>MCDB,1/21 15:00:00,-7.7800,0.00022,1200.55323,2.00000,44.99491,0.00000
,23,LIVING_UNIT3_BACKROW_MIDDLEFLOOR,Cooling,0.00000,0.00000,0.00000,44.99491,,,-7.7800,0.00022,1200.55323,2.00000,44.99491,0.00000
,24,LIVING_UNIT3_BACKROW_MIDDLEFLOOR,Heating,6451.32389,6451.32389,117.92774,117.92774,MONTREAL-TRUDEAU.INTL.AP ANN HUM_N 99.6% CONDNS DP=>MCDB,1/21 15:00:00,-7.7800,0.00022,1200.55323,2.00000,44.99491,0.00000
,25,LIVING_UNIT3_BACKROW_TOPFLOOR,Cooling,0.00000,0.00000,0.00000,44.99491,,,-7.7800,0.00022,1200.55323,2.00000,44.99491,0.00000
,26,LIVING_UNIT3_BACKROW_TOPFLOOR,Heating,9353.42765,9353.42765,170.96036,170.96036,MONTREAL-TRUDEAU.INTL.AP ANN HUM_N 99.6% CONDNS DP=>MCDB,1/21 15:00:00,-7.7800,0.00022,1200.55323,2.00000,44.99491,0.00000
,27,LIVING_UNIT3_FRONTROW_TOPFLOOR,Cooling,0.00000,0.00000,0.00000,44.99491,,,-7.7800,0.00022,1200.55323,2.00000,44.99491,0.00000
,28,LIVING_UNIT3_FRONTROW_TOPFLOOR,Heating,9363.64011,9363.64011,171.14701,171.14701,MONTREAL-TRUDEAU.INTL.AP ANN HUM_N 99.6% CONDNS DP=>MCDB,1/21 15:00:00,-7.7800,0.00022,1200.55323,2.00000,44.99491,0.00000
,29,LIVING_UNIT1_FRONTROW_TOPFLOOR,Cooling,0.00000,0.00000,0.00000,44.99491,,,-7.7800,0.00022,1200.55323,2.00000,44.99491,0.00000
,30,LIVING_UNIT1_FRONTROW_TOPFLOOR,Heating,9383.80980,9383.80980,171.51566,171.51566,MONTREAL-TRUDEAU.INTL.AP ANN HUM_N 99.6% CONDNS DP=>MCDB,1/21 15:00:00,-7.7800,0.00022,1200.55323,2.00000,44.99491,0.00000
,31,LIVING_UNIT2_BACKROW_TOPFLOOR,Cooling,0.00000,0.00000,0.00000,44.99491,,,-7.7800,0.00022,1200.55323,2.00000,44.99491,0.00000
,32,LIVING_UNIT2_BACKROW_TOPFLOOR,Heating,6766.97303,6766.97303,123.68812,123.68812,MONTREAL-TRUDEAU.INTL.AP ANN HUM_N 99.6% CONDNS DP=>MCDB,1/21 15:00:00,-7.7800,0.00022,1200.55323,2.00000,44.99491,0.00000
,33,LIVING_UNIT2_FRONTROW_TOPFLOOR,Cooling,0.00000,0.00000,0.00000,44.99491,,,-7.7800,0.00022,1200.55323,2.00000,44.99491,0.00000
,34,LIVING_UNIT2_FRONTROW_TOPFLOOR,Heating,6775.47532,6775.47532,123.84363,123.84363,MONTREAL-TRUDEAU.INTL.AP ANN HUM_N 99.6% CONDNS DP=>MCDB,1/21 15:00:00,-7.7800,0.00022,1200.55323,2.00000,44.99491,0.00000
,35,LIVING_UNIT1_BACKROW_TOPFLOOR,Cooling,0.00000,0.00000,0.00000,44.99491,,,-7.7800,0.00022,1200.55323,2.00000,44.99491,0.00000
,36,LIVING_UNIT1_BACKROW_TOPFLOOR,Heating,9376.87348,9376.87348,171.38896,171.38896,MONTREAL-TRUDEAU.INTL.AP ANN HUM_N 99.6% CONDNS DP=>MCDB,1/21 15:00:00,-7.7800,0.00022,1200.55323,2.00000,44.99491,0.00000


System Sizing Information

,,System Name,Load Type,Peak Load Kind,User Design Capacity,Calc Des Air Flow Rate [ft3/min],User Des Air Flow Rate [ft3/min],Design Day Name,Date/Time of Peak
,1,CENTRAL SYSTEM_UNIT1_FRONTROW_BOTTOMFLOOR,Cooling,Sensible,0.00,44.99491,44.99491,,00:00:00
,2,CENTRAL SYSTEM_UNIT1_FRONTROW_BOTTOMFLOOR,Heating,Sensible,3793.50,168.29807,168.29807,MONTREAL-TRUDEAU.INTL.AP ANN HUM_N 99.6% CONDNS DP=>MCDB,1/21 15:00:00
,3,CENTRAL SYSTEM_UNIT2_FRONTROW_BOTTOMFLOOR,Cooling,Sensible,0.00,44.99491,44.99491,,00:00:00
,4,CENTRAL SYSTEM_UNIT2_FRONTROW_BOTTOMFLOOR,Heating,Sensible,3038.01,120.48791,120.48791,MONTREAL-TRUDEAU.INTL.AP ANN HUM_N 99.6% CONDNS DP=>MCDB,1/21 15:00:00
,5,CENTRAL SYSTEM_UNIT3_FRONTROW_BOTTOMFLOOR,Cooling,Sensible,0.00,44.99491,44.99491,,00:00:00
,6,CENTRAL SYSTEM_UNIT3_FRONTROW_BOTTOMFLOOR,Heating,Sensible,3790.48,168.10739,168.10739,MONTREAL-TRUDEAU.INTL.AP ANN HUM_N 99.6% CONDNS DP=>MCDB,1/21 15:00:00
,7,CENTRAL SYSTEM_UNIT1_BACKROW_BOTTOMFLOOR,Cooling,Sensible,0.00,44.99491,44.99491,,00:00:00
,8,CENTRAL SYSTEM_UNIT1_BACKROW_BOTTOMFLOOR,Heating,Sensible,3793.21,168.27985,168.27985,MONTREAL-TRUDEAU.INTL.AP ANN HUM_N 99.6% CONDNS DP=>MCDB,1/21 15:00:00
,9,CENTRAL SYSTEM_UNIT2_BACKROW_BOTTOMFLOOR,Cooling,Sensible,0.00,44.99491,44.99491,,00:00:00
,10,CENTRAL SYSTEM_UNIT2_BACKROW_BOTTOMFLOOR,Heating,Sensible,3036.99,120.42371,120.42371,MONTREAL-TRUDEAU.INTL.AP ANN HUM_N 99.6% CONDNS DP=>MCDB,1/21 15:00:00
,11,CENTRAL SYSTEM_UNIT3_BACKROW_BOTTOMFLOOR,Cooling,Sensible,0.00,44.99491,44.99491,,00:00:00
,12,CENTRAL SYSTEM_UNIT3_BACKROW_BOTTOMFLOOR,Heating,Sensible,3788.70,167.99489,167.99489,MONTREAL-TRUDEAU.INTL.AP ANN HUM_N 99.6% CONDNS DP=>MCDB,1/21 15:00:00
,13,CENTRAL SYSTEM_UNIT1_FRONTROW_MIDDLEFLOOR,Cooling,Sensible,0.00,44.99491,44.99491,,00:00:00
,14,CENTRAL SYSTEM_UNIT1_FRONTROW_MIDDLEFLOOR,Heating,Sensible,3004.36,118.36418,118.36418,MONTREAL-TRUDEAU.INTL.AP ANN HUM_N 99.6% CONDNS DP=>MCDB,1/21 15:00:00
,15,CENTRAL SYSTEM_UNIT2_FRONTROW_MIDDLEFLOOR,Cooling,Sensible,0.00,44.99491,44.99491,,00:00:00
,16,CENTRAL SYSTEM_UNIT2_FRONTROW_MIDDLEFLOOR,Heating,Sensible,2254.27,70.89046,70.89046,MONTREAL-TRUDEAU.INTL.AP ANN HUM_N 99.6% CONDNS DP=>MCDB,1/21 15:00:00
,17,CENTRAL SYSTEM_UNIT3_FRONTROW_MIDDLEFLOOR,Cooling,Sensible,0.00,44.99491,44.99491,,00:00:00
,18,CENTRAL SYSTEM_UNIT3_FRONTROW_MIDDLEFLOOR,Heating,Sensible,2999.60,118.06270,118.06270,MONTREAL-TRUDEAU.INTL.AP ANN HUM_N 99.6% CONDNS DP=>MCDB,1/21 15:00:00
,19,CENTRAL SYSTEM_UNIT1_BACKROW_MIDDLEFLOOR,Cooling,Sensible,0.00,44.99491,44.99491,,00:00:00
,20,CENTRAL SYSTEM_UNIT1_BACKROW_MIDDLEFLOOR,Heating,Sensible,3003.56,118.31354,118.31354,MONTREAL-TRUDEAU.INTL.AP ANN HUM_N 99.6% CONDNS DP=>MCDB,1/21 15:00:00
,21,CENTRAL SYSTEM_UNIT2_BACKROW_MIDDLEFLOOR,Cooling,Sensible,0.00,44.99491,44.99491,,00:00:00
,22,CENTRAL SYSTEM_UNIT2_BACKROW_MIDDLEFLOOR,Heating,Sensible,2252.84,70.79978,70.79978,MONTREAL-TRUDEAU.INTL.AP ANN HUM_N 99.6% CONDNS DP=>MCDB,1/21 15:00:00
,23,CENTRAL SYSTEM_UNIT3_BACKROW_MIDDLEFLOOR,Cooling,Sensible,0.00,44.99491,44.99491,,00:00:00
,24,CENTRAL SYSTEM_UNIT3_BACKROW_MIDDLEFLOOR,Heating,Sensible,2997.46,117.92774,117.92774,MONTREAL-TRUDEAU.INTL.AP ANN HUM_N 99.6% CONDNS DP=>MCDB,1/21 15:00:00
,25,CENTRAL SYSTEM_UNIT1_FRONTROW_TOPFLOOR,Cooling,Sensible,0.00,44.99491,44.99491,,00:00:00
,26,CENTRAL SYSTEM_UNIT1_FRONTROW_TOPFLOOR,Heating,Sensible,3844.34,171.51566,171.51566,MONTREAL-TRUDEAU.INTL.AP ANN HUM_N 99.6% CONDNS DP=>MCDB,1/21 15:00:00
,27,CENTRAL SYSTEM_UNIT2_FRONTROW_TOPFLOOR,Cooling,Sensible,0.00,44.99491,44.99491,,00:00:00
,28,CENTRAL SYSTEM_UNIT2_FRONTROW_TOPFLOOR,Heating,Sensible,3091.03,123.84363,123.84363,MONTREAL-TRUDEAU.INTL.AP ANN HUM_N 99.6% CONDNS DP=>MCDB,1/21 15:00:00
,29,CENTRAL SYSTEM_UNIT3_FRONTROW_TOPFLOOR,Cooling,Sensible,0.00,44.99491,44.99491,,00:00:00
,30,CENTRAL SYSTEM_UNIT3_FRONTROW_TOPFLOOR,Heating,Sensible,3838.51,171.14701,171.14701,MONTREAL-TRUDEAU.INTL.AP ANN HUM_N 99.6% CONDNS DP=>MCDB,1/21 15:00:00
,31,CENTRAL SYSTEM_UNIT1_BACKROW_TOPFLOOR,Cooling,Sensible,0.00,44.99491,44.99491,,00:00:00
,32,CENTRAL SYSTEM_UNIT1_BACKROW_TOPFLOOR,Heating,Sensible,3842.34,171.38896,171.38896,MONTREAL-TRUDEAU.INTL.AP ANN HUM_N 99.6% CONDNS DP=>MCDB,1/21 15:00:00
,33,CENTRAL SYSTEM_UNIT2_BACKROW_TOPFLOOR,Cooling,Sensible,0.00,44.99491,44.99491,,00:00:00
,34,CENTRAL SYSTEM_UNIT2_BACKROW_TOPFLOOR,Heating,Sensible,3088.57,123.68812,123.68812,MONTREAL-TRUDEAU.INTL.AP ANN HUM_N 99.6% CONDNS DP=>MCDB,1/21 15:00:00
,35,CENTRAL SYSTEM_UNIT3_BACKROW_TOPFLOOR,Cooling,Sensible,0.00,44.99491,44.99491,,00:00:00
,36,CENTRAL SYSTEM_UNIT3_BACKROW_TOPFLOOR,Heating,Sensible,3835.56,170.96036,170.96036,MONTREAL-TRUDEAU.INTL.AP ANN HUM_N 99.6% CONDNS DP=>MCDB,1/21 15:00:00


Component Sizing Information

,,Component Type,Component Name,Input Field Description,Value
,1,ZoneHVAC:EnergyRecoveryVentilator,ERV_UNIT1_FRONTROW_BOTTOMFLOOR,User-Specified Supply Air Flow Rate [ft3/min],44.99491
,2,ZoneHVAC:EnergyRecoveryVentilator,ERV_UNIT1_FRONTROW_BOTTOMFLOOR,User-Specified Exhaust Air Flow Rate [ft3/min],44.99491
,3,Fan:OnOff,OASUPPLYFAN_UNIT1_FRONTROW_BOTTOMFLOOR,User-Specified Maximum Flow Rate [ft3/min],44.99491
,4,Fan:OnOff,OAEXHAUSTFAN_UNIT1_FRONTROW_BOTTOMFLOOR,User-Specified Maximum Flow Rate [ft3/min],44.99491
,5,HeatExchanger:AirToAir:SensibleAndLatent,OA_HEAT_RECOVERY_UNIT1_FRONTROW_BOTTOMFLOOR,User-Specified Nominal Supply Air Flow Rate [ft3/min],44.99491
,6,AirTerminal:SingleDuct:ConstantVolume:NoReheat,ZONEDIRECTAIR_UNIT1_FRONTROW_BOTTOMFLOOR,Design Size Maximum Air Flow Rate [ft3/min],168.29807
,7,ZoneHVAC:EnergyRecoveryVentilator,ERV_UNIT2_FRONTROW_BOTTOMFLOOR,User-Specified Supply Air Flow Rate [ft3/min],44.99491
,8,ZoneHVAC:EnergyRecoveryVentilator,ERV_UNIT2_FRONTROW_BOTTOMFLOOR,User-Specified Exhaust Air Flow Rate [ft3/min],44.99491
,9,Fan:OnOff,OASUPPLYFAN_UNIT2_FRONTROW_BOTTOMFLOOR,User-Specified Maximum Flow Rate [ft3/min],44.99491
,10,Fan:OnOff,OAEXHAUSTFAN_UNIT2_FRONTROW_BOTTOMFLOOR,User-Specified Maximum Flow Rate [ft3/min],44.99491
,11,HeatExchanger:AirToAir:SensibleAndLatent,OA_HEAT_RECOVERY_UNIT2_FRONTROW_BOTTOMFLOOR,User-Specified Nominal Supply Air Flow Rate [ft3/min],44.99491
,12,AirTerminal:SingleDuct:ConstantVolume:NoReheat,ZONEDIRECTAIR_UNIT2_FRONTROW_BOTTOMFLOOR,Design Size Maximum Air Flow Rate [ft3/min],120.48791
,13,ZoneHVAC:EnergyRecoveryVentilator,ERV_UNIT3_FRONTROW_BOTTOMFLOOR,User-Specified Supply Air Flow Rate [ft3/min],44.99491
,14,ZoneHVAC:EnergyRecoveryVentilator,ERV_UNIT3_FRONTROW_BOTTOMFLOOR,User-Specified Exhaust Air Flow Rate [ft3/min],44.99491
,15,Fan:OnOff,OASUPPLYFAN_UNIT3_FRONTROW_BOTTOMFLOOR,User-Specified Maximum Flow Rate [ft3/min],44.99491
,16,Fan:OnOff,OAEXHAUSTFAN_UNIT3_FRONTROW_BOTTOMFLOOR,User-Specified Maximum Flow Rate [ft3/min],44.99491
,17,HeatExchanger:AirToAir:SensibleAndLatent,OA_HEAT_RECOVERY_UNIT3_FRONTROW_BOTTOMFLOOR,User-Specified Nominal Supply Air Flow Rate [ft3/min],44.99491
,18,AirTerminal:SingleDuct:ConstantVolume:NoReheat,ZONEDIRECTAIR_UNIT3_FRONTROW_BOTTOMFLOOR,Design Size Maximum Air Flow Rate [ft3/min],168.10739
,19,ZoneHVAC:EnergyRecoveryVentilator,ERV_UNIT1_BACKROW_BOTTOMFLOOR,User-Specified Supply Air Flow Rate [ft3/min],44.99491
,20,ZoneHVAC:EnergyRecoveryVentilator,ERV_UNIT1_BACKROW_BOTTOMFLOOR,User-Specified Exhaust Air Flow Rate [ft3/min],44.99491
,21,Fan:OnOff,OASUPPLYFAN_UNIT1_BACKROW_BOTTOMFLOOR,User-Specified Maximum Flow Rate [ft3/min],44.99491
,22,Fan:OnOff,OAEXHAUSTFAN_UNIT1_BACKROW_BOTTOMFLOOR,User-Specified Maximum Flow Rate [ft3/min],44.99491
,23,HeatExchanger:AirToAir:SensibleAndLatent,OA_HEAT_RECOVERY_UNIT1_BACKROW_BOTTOMFLOOR,User-Specified Nominal Supply Air Flow Rate [ft3/min],44.99491
,24,AirTerminal:SingleDuct:ConstantVolume:NoReheat,ZONEDIRECTAIR_UNIT1_BACKROW_BOTTOMFLOOR,Design Size Maximum Air Flow Rate [ft3/min],168.27985
,25,ZoneHVAC:EnergyRecoveryVentilator,ERV_UNIT2_BACKROW_BOTTOMFLOOR,User-Specified Supply Air Flow Rate [ft3/min],44.99491
,26,ZoneHVAC:EnergyRecoveryVentilator,ERV_UNIT2_BACKROW_BOTTOMFLOOR,User-Specified Exhaust Air Flow Rate [ft3/min],44.99491
,27,Fan:OnOff,OASUPPLYFAN_UNIT2_BACKROW_BOTTOMFLOOR,User-Specified Maximum Flow Rate [ft3/min],44.99491
,28,Fan:OnOff,OAEXHAUSTFAN_UNIT2_BACKROW_BOTTOMFLOOR,User-Specified Maximum Flow Rate [ft3/min],44.99491
,29,HeatExchanger:AirToAir:SensibleAndLatent,OA_HEAT_RECOVERY_UNIT2_BACKROW_BOTTOMFLOOR,User-Specified Nominal Supply Air Flow Rate [ft3/min],44.99491
,30,AirTerminal:SingleDuct:ConstantVolume:NoReheat,ZONEDIRECTAIR_UNIT2_BACKROW_BOTTOMFLOOR,Design Size Maximum Air Flow Rate [ft3/min],120.42371
,31,ZoneHVAC:EnergyRecoveryVentilator,ERV_UNIT3_BACKROW_BOTTOMFLOOR,User-Specified Supply Air Flow Rate [ft3/min],44.99491
,32,ZoneHVAC:EnergyRecoveryVentilator,ERV_UNIT3_BACKROW_BOTTOMFLOOR,User-Specified Exhaust Air Flow Rate [ft3/min],44.99491
,33,Fan:OnOff,OASUPPLYFAN_UNIT3_BACKROW_BOTTOMFLOOR,User-Specified Maximum Flow Rate [ft3/min],44.99491
,34,Fan:OnOff,OAEXHAUSTFAN_UNIT3_BACKROW_BOTTOMFLOOR,User-Specified Maximum Flow Rate [ft3/min],44.99491
,35,HeatExchanger:AirToAir:SensibleAndLatent,OA_HEAT_RECOVERY_UNIT3_BACKROW_BOTTOMFLOOR,User-Specified Nominal Supply Air Flow Rate [ft3/min],44.99491
,36,AirTerminal:SingleDuct:ConstantVolume:NoReheat,ZONEDIRECTAIR_UNIT3_BACKROW_BOTTOMFLOOR,Design Size Maximum Air Flow Rate [ft3/min],167.99489
,37,ZoneHVAC:EnergyRecoveryVentilator,ERV_UNIT1_FRONTROW_MIDDLEFLOOR,User-Specified Supply Air Flow Rate [ft3/min],44.99491
,38,ZoneHVAC:EnergyRecoveryVentilator,ERV_UNIT1_FRONTROW_MIDDLEFLOOR,User-Specified Exhaust Air Flow Rate [ft3/min],44.99491
,39,Fan:OnOff,OASUPPLYFAN_UNIT1_FRONTROW_MIDDLEFLOOR,User-Specified Maximum Flow Rate [ft3/min],44.99491
,40,Fan:OnOff,OAEXHAUSTFAN_UNIT1_FRONTROW_MIDDLEFLOOR,User-Specified Maximum Flow Rate [ft3/min],44.99491
,41,HeatExchanger:AirToAir:SensibleAndLatent,OA_HEAT_RECOVERY_UNIT1_FRONTROW_MIDDLEFLOOR,User-Specified Nominal Supply Air Flow Rate [ft3/min],44.99491
,42,AirTerminal:SingleDuct:ConstantVolume:NoReheat,ZONEDIRECTAIR_UNIT1_FRONTROW_MIDDLEFLOOR,Design Size Maximum Air Flow Rate [ft3/min],118.36418
,43,ZoneHVAC:EnergyRecoveryVentilator,ERV_UNIT2_FRONTROW_MIDDLEFLOOR,User-Specified Supply Air Flow Rate [ft3/min],44.99491
,44,ZoneHVAC:EnergyRecoveryVentilator,ERV_UNIT2_FRONTROW_MIDDLEFLOOR,User-Specified Exhaust Air Flow Rate [ft3/min],44.99491
,45,Fan:OnOff,OASUPPLYFAN_UNIT2_FRONTROW_MIDDLEFLOOR,User-Specified Maximum Flow Rate [ft3/min],44.99491
,46,Fan:OnOff,OAEXHAUSTFAN_UNIT2_FRONTROW_MIDDLEFLOOR,User-Specified Maximum Flow Rate [ft3/min],44.99491
,47,HeatExchanger:AirToAir:SensibleAndLatent,OA_HEAT_RECOVERY_UNIT2_FRONTROW_MIDDLEFLOOR,User-Specified Nominal Supply Air Flow Rate [ft3/min],44.99491
,48,AirTerminal:SingleDuct:ConstantVolume:NoReheat,ZONEDIRECTAIR_UNIT2_FRONTROW_MIDDLEFLOOR,Design Size Maximum Air Flow Rate [ft3/min],70.89046
,49,ZoneHVAC:EnergyRecoveryVentilator,ERV_UNIT3_FRONTROW_MIDDLEFLOOR,User-Specified Supply Air Flow Rate [ft3/min],44.99491
,50,ZoneHVAC:EnergyRecoveryVentilator,ERV_UNIT3_FRONTROW_MIDDLEFLOOR,User-Specified Exhaust Air Flow Rate [ft3/min],44.99491
,51,Fan:OnOff,OASUPPLYFAN_UNIT3_FRONTROW_MIDDLEFLOOR,User-Specified Maximum Flow Rate [ft3/min],44.99491
,52,Fan:OnOff,OAEXHAUSTFAN_UNIT3_FRONTROW_MIDDLEFLOOR,User-Specified Maximum Flow Rate [ft3/min],44.99491
,53,HeatExchanger:AirToAir:SensibleAndLatent,OA_HEAT_RECOVERY_UNIT3_FRONTROW_MIDDLEFLOOR,User-Specified Nominal Supply Air Flow Rate [ft3/min],44.99491
,54,AirTerminal:SingleDuct:ConstantVolume:NoReheat,ZONEDIRECTAIR_UNIT3_FRONTROW_MIDDLEFLOOR,Design Size Maximum Air Flow Rate [ft3/min],118.06270
,55,ZoneHVAC:EnergyRecoveryVentilator,ERV_UNIT1_BACKROW_MIDDLEFLOOR,User-Specified Supply Air Flow Rate [ft3/min],44.99491
,56,ZoneHVAC:EnergyRecoveryVentilator,ERV_UNIT1_BACKROW_MIDDLEFLOOR,User-Specified Exhaust Air Flow Rate [ft3/min],44.99491
,57,Fan:OnOff,OASUPPLYFAN_UNIT1_BACKROW_MIDDLEFLOOR,User-Specified Maximum Flow Rate [ft3/min],44.99491
,58,Fan:OnOff,OAEXHAUSTFAN_UNIT1_BACKROW_MIDDLEFLOOR,User-Specified Maximum Flow Rate [ft3/min],44.99491
,59,HeatExchanger:AirToAir:SensibleAndLatent,OA_HEAT_RECOVERY_UNIT1_BACKROW_MIDDLEFLOOR,User-Specified Nominal Supply Air Flow Rate [ft3/min],44.99491
,60,AirTerminal:SingleDuct:ConstantVolume:NoReheat,ZONEDIRECTAIR_UNIT1_BACKROW_MIDDLEFLOOR,Design Size Maximum Air Flow Rate [ft3/min],118.31354
,61,ZoneHVAC:EnergyRecoveryVentilator,ERV_UNIT2_BACKROW_MIDDLEFLOOR,User-Specified Supply Air Flow Rate [ft3/min],44.99491
,62,ZoneHVAC:EnergyRecoveryVentilator,ERV_UNIT2_BACKROW_MIDDLEFLOOR,User-Specified Exhaust Air Flow Rate [ft3/min],44.99491
,63,Fan:OnOff,OASUPPLYFAN_UNIT2_BACKROW_MIDDLEFLOOR,User-Specified Maximum Flow Rate [ft3/min],44.99491
,64,Fan:OnOff,OAEXHAUSTFAN_UNIT2_BACKROW_MIDDLEFLOOR,User-Specified Maximum Flow Rate [ft3/min],44.99491
,65,HeatExchanger:AirToAir:SensibleAndLatent,OA_HEAT_RECOVERY_UNIT2_BACKROW_MIDDLEFLOOR,User-Specified Nominal Supply Air Flow Rate [ft3/min],44.99491
,66,AirTerminal:SingleDuct:ConstantVolume:NoReheat,ZONEDIRECTAIR_UNIT2_BACKROW_MIDDLEFLOOR,Design Size Maximum Air Flow Rate [ft3/min],70.79978
,67,ZoneHVAC:EnergyRecoveryVentilator,ERV_UNIT3_BACKROW_MIDDLEFLOOR,User-Specified Supply Air Flow Rate [ft3/min],44.99491
,68,ZoneHVAC:EnergyRecoveryVentilator,ERV_UNIT3_BACKROW_MIDDLEFLOOR,User-Specified Exhaust Air Flow Rate [ft3/min],44.99491
,69,Fan:OnOff,OASUPPLYFAN_UNIT3_BACKROW_MIDDLEFLOOR,User-Specified Maximum Flow Rate [ft3/min],44.99491
,70,Fan:OnOff,OAEXHAUSTFAN_UNIT3_BACKROW_MIDDLEFLOOR,User-Specified Maximum Flow Rate [ft3/min],44.99491
,71,HeatExchanger:AirToAir:SensibleAndLatent,OA_HEAT_RECOVERY_UNIT3_BACKROW_MIDDLEFLOOR,User-Specified Nominal Supply Air Flow Rate [ft3/min],44.99491
,72,AirTerminal:SingleDuct:ConstantVolume:NoReheat,ZONEDIRECTAIR_UNIT3_BACKROW_MIDDLEFLOOR,Design Size Maximum Air Flow Rate [ft3/min],117.92774
,73,ZoneHVAC:EnergyRecoveryVentilator,ERV_UNIT3_BACKROW_TOPFLOOR,User-Specified Supply Air Flow Rate [ft3/min],44.99491
,74,ZoneHVAC:EnergyRecoveryVentilator,ERV_UNIT3_BACKROW_TOPFLOOR,User-Specified Exhaust Air Flow Rate [ft3/min],44.99491
,75,Fan:OnOff,OASUPPLYFAN_UNIT3_BACKROW_TOPFLOOR,User-Specified Maximum Flow Rate [ft3/min],44.99491
,76,Fan:OnOff,OAEXHAUSTFAN_UNIT3_BACKROW_TOPFLOOR,User-Specified Maximum Flow Rate [ft3/min],44.99491
,77,HeatExchanger:AirToAir:SensibleAndLatent,OA_HEAT_RECOVERY_UNIT3_BACKROW_TOPFLOOR,User-Specified Nominal Supply Air Flow Rate [ft3/min],44.99491
,78,AirTerminal:SingleDuct:ConstantVolume:NoReheat,ZONEDIRECTAIR_UNIT3_BACKROW_TOPFLOOR,Design Size Maximum Air Flow Rate [ft3/min],170.96036
,79,ZoneHVAC:EnergyRecoveryVentilator,ERV_UNIT3_FRONTROW_TOPFLOOR,User-Specified Supply Air Flow Rate [ft3/min],44.99491
,80,ZoneHVAC:EnergyRecoveryVentilator,ERV_UNIT3_FRONTROW_TOPFLOOR,User-Specified Exhaust Air Flow Rate [ft3/min],44.99491
,81,Fan:OnOff,OASUPPLYFAN_UNIT3_FRONTROW_TOPFLOOR,User-Specified Maximum Flow Rate [ft3/min],44.99491
,82,Fan:OnOff,OAEXHAUSTFAN_UNIT3_FRONTROW_TOPFLOOR,User-Specified Maximum Flow Rate [ft3/min],44.99491
,83,HeatExchanger:AirToAir:SensibleAndLatent,OA_HEAT_RECOVERY_UNIT3_FRONTROW_TOPFLOOR,User-Specified Nominal Supply Air Flow Rate [ft3/min],44.99491
,84,AirTerminal:SingleDuct:ConstantVolume:NoReheat,ZONEDIRECTAIR_UNIT3_FRONTROW_TOPFLOOR,Design Size Maximum Air Flow Rate [ft3/min],171.14701
,85,ZoneHVAC:EnergyRecoveryVentilator,ERV_UNIT1_FRONTROW_TOPFLOOR,User-Specified Supply Air Flow Rate [ft3/min],44.99491
,86,ZoneHVAC:EnergyRecoveryVentilator,ERV_UNIT1_FRONTROW_TOPFLOOR,User-Specified Exhaust Air Flow Rate [ft3/min],44.99491
,87,Fan:OnOff,OASUPPLYFAN_UNIT1_FRONTROW_TOPFLOOR,User-Specified Maximum Flow Rate [ft3/min],44.99491
,88,Fan:OnOff,OAEXHAUSTFAN_UNIT1_FRONTROW_TOPFLOOR,User-Specified Maximum Flow Rate [ft3/min],44.99491
,89,HeatExchanger:AirToAir:SensibleAndLatent,OA_HEAT_RECOVERY_UNIT1_FRONTROW_TOPFLOOR,User-Specified Nominal Supply Air Flow Rate [ft3/min],44.99491
,90,AirTerminal:SingleDuct:ConstantVolume:NoReheat,ZONEDIRECTAIR_UNIT1_FRONTROW_TOPFLOOR,Design Size Maximum Air Flow Rate [ft3/min],171.51566
,91,ZoneHVAC:EnergyRecoveryVentilator,ERV_UNIT2_BACKROW_TOPFLOOR,User-Specified Supply Air Flow Rate [ft3/min],44.99491
,92,ZoneHVAC:EnergyRecoveryVentilator,ERV_UNIT2_BACKROW_TOPFLOOR,User-Specified Exhaust Air Flow Rate [ft3/min],44.99491
,93,Fan:OnOff,OASUPPLYFAN_UNIT2_BACKROW_TOPFLOOR,User-Specified Maximum Flow Rate [ft3/min],44.99491
,94,Fan:OnOff,OAEXHAUSTFAN_UNIT2_BACKROW_TOPFLOOR,User-Specified Maximum Flow Rate [ft3/min],44.99491
,95,HeatExchanger:AirToAir:SensibleAndLatent,OA_HEAT_RECOVERY_UNIT2_BACKROW_TOPFLOOR,User-Specified Nominal Supply Air Flow Rate [ft3/min],44.99491
,96,AirTerminal:SingleDuct:ConstantVolume:NoReheat,ZONEDIRECTAIR_UNIT2_BACKROW_TOPFLOOR,Design Size Maximum Air Flow Rate [ft3/min],123.68812
,97,ZoneHVAC:EnergyRecoveryVentilator,ERV_UNIT2_FRONTROW_TOPFLOOR,User-Specified Supply Air Flow Rate [ft3/min],44.99491
,98,ZoneHVAC:EnergyRecoveryVentilator,ERV_UNIT2_FRONTROW_TOPFLOOR,User-Specified Exhaust Air Flow Rate [ft3/min],44.99491
,99,Fan:OnOff,OASUPPLYFAN_UNIT2_FRONTROW_TOPFLOOR,User-Specified Maximum Flow Rate [ft3/min],44.99491
,100,Fan:OnOff,OAEXHAUSTFAN_UNIT2_FRONTROW_TOPFLOOR,User-Specified Maximum Flow Rate [ft3/min],44.99491
,101,HeatExchanger:AirToAir:SensibleAndLatent,OA_HEAT_RECOVERY_UNIT2_FRONTROW_TOPFLOOR,User-Specified Nominal Supply Air Flow Rate [ft3/min],44.99491
,102,AirTerminal:SingleDuct:ConstantVolume:NoReheat,ZONEDIRECTAIR_UNIT2_FRONTROW_TOPFLOOR,Design Size Maximum Air Flow Rate [ft3/min],123.84363
,103,ZoneHVAC:EnergyRecoveryVentilator,ERV_UNIT1_BACKROW_TOPFLOOR,User-Specified Supply Air Flow Rate [ft3/min],44.99491
,104,ZoneHVAC:EnergyRecoveryVentilator,ERV_UNIT1_BACKROW_TOPFLOOR,User-Specified Exhaust Air Flow Rate [ft3/min],44.99491
,105,Fan:OnOff,OASUPPLYFAN_UNIT1_BACKROW_TOPFLOOR,User-Specified Maximum Flow Rate [ft3/min],44.99491
,106,Fan:OnOff,OAEXHAUSTFAN_UNIT1_BACKROW_TOPFLOOR,User-Specified Maximum Flow Rate [ft3/min],44.99491
,107,HeatExchanger:AirToAir:SensibleAndLatent,OA_HEAT_RECOVERY_UNIT1_BACKROW_TOPFLOOR,User-Specified Nominal Supply Air Flow Rate [ft3/min],44.99491
,108,AirTerminal:SingleDuct:ConstantVolume:NoReheat,ZONEDIRECTAIR_UNIT1_BACKROW_TOPFLOOR,Design Size Maximum Air Flow Rate [ft3/min],171.38896
,109,AirLoopHVAC,CENTRAL SYSTEM_UNIT1_FRONTROW_BOTTOMFLOOR,Sum of Air Terminal Maximum Heating Flow Rates [ft3/min],168.29807
,110,AirLoopHVAC,CENTRAL SYSTEM_UNIT1_FRONTROW_BOTTOMFLOOR,Sum of Air Terminal Minimum Heating Flow Rates [ft3/min],168.29807
,111,AirLoopHVAC,CENTRAL SYSTEM_UNIT1_FRONTROW_BOTTOMFLOOR,Sum of Air Terminal Maximum Flow Rates [ft3/min],168.29807
,112,AirLoopHVAC,CENTRAL SYSTEM_UNIT1_FRONTROW_BOTTOMFLOOR,Adjusted Heating Design Air Flow Rate [ft3/min],168.29807
,113,AirLoopHVAC,CENTRAL SYSTEM_UNIT1_FRONTROW_BOTTOMFLOOR,Adjusted Cooling Design Air Flow Rate [ft3/min],168.29807
,114,AirLoopHVAC,CENTRAL SYSTEM_UNIT1_FRONTROW_BOTTOMFLOOR,Adjusted Main Design Air Flow Rate [ft3/min],168.29807
,115,AirLoopHVAC,CENTRAL SYSTEM_UNIT1_FRONTROW_BOTTOMFLOOR,User Heating Air Flow Ratio [],1.00000
,116,AirLoopHVAC,CENTRAL SYSTEM_UNIT1_FRONTROW_BOTTOMFLOOR,Calculated Heating Air Flow Ratio [],1.00000
,117,AirLoopHVAC,CENTRAL SYSTEM_UNIT2_FRONTROW_BOTTOMFLOOR,Sum of Air Terminal Maximum Heating Flow Rates [ft3/min],120.48791
,118,AirLoopHVAC,CENTRAL SYSTEM_UNIT2_FRONTROW_BOTTOMFLOOR,Sum of Air Terminal Minimum Heating Flow Rates [ft3/min],120.48791
,119,AirLoopHVAC,CENTRAL SYSTEM_UNIT2_FRONTROW_BOTTOMFLOOR,Sum of Air Terminal Maximum Flow Rates [ft3/min],120.48791
,120,AirLoopHVAC,CENTRAL SYSTEM_UNIT2_FRONTROW_BOTTOMFLOOR,Adjusted Heating Design Air Flow Rate [ft3/min],120.48791
,121,AirLoopHVAC,CENTRAL SYSTEM_UNIT2_FRONTROW_BOTTOMFLOOR,Adjusted Cooling Design Air Flow Rate [ft3/min],120.48791
,122,AirLoopHVAC,CENTRAL SYSTEM_UNIT2_FRONTROW_BOTTOMFLOOR,Adjusted Main Design Air Flow Rate [ft3/min],120.48791
,123,AirLoopHVAC,CENTRAL SYSTEM_UNIT2_FRONTROW_BOTTOMFLOOR,User Heating Air Flow Ratio [],1.00000
,124,AirLoopHVAC,CENTRAL SYSTEM_UNIT2_FRONTROW_BOTTOMFLOOR,Calculated Heating Air Flow Ratio [],1.00000
,125,AirLoopHVAC,CENTRAL SYSTEM_UNIT3_FRONTROW_BOTTOMFLOOR,Sum of Air Terminal Maximum Heating Flow Rates [ft3/min],168.10739
,126,AirLoopHVAC,CENTRAL SYSTEM_UNIT3_FRONTROW_BOTTOMFLOOR,Sum of Air Terminal Minimum Heating Flow Rates [ft3/min],168.10739
,127,AirLoopHVAC,CENTRAL SYSTEM_UNIT3_FRONTROW_BOTTOMFLOOR,Sum of Air Terminal Maximum Flow Rates [ft3/min],168.10739
,128,AirLoopHVAC,CENTRAL SYSTEM_UNIT3_FRONTROW_BOTTOMFLOOR,Adjusted Heating Design Air Flow Rate [ft3/min],168.10739
,129,AirLoopHVAC,CENTRAL SYSTEM_UNIT3_FRONTROW_BOTTOMFLOOR,Adjusted Cooling Design Air Flow Rate [ft3/min],168.10739
,130,AirLoopHVAC,CENTRAL SYSTEM_UNIT3_FRONTROW_BOTTOMFLOOR,Adjusted Main Design Air Flow Rate [ft3/min],168.10739
,131,AirLoopHVAC,CENTRAL SYSTEM_UNIT3_FRONTROW_BOTTOMFLOOR,User Heating Air Flow Ratio [],1.00000
,132,AirLoopHVAC,CENTRAL SYSTEM_UNIT3_FRONTROW_BOTTOMFLOOR,Calculated Heating Air Flow Ratio [],1.00000
,133,AirLoopHVAC,CENTRAL SYSTEM_UNIT1_BACKROW_BOTTOMFLOOR,Sum of Air Terminal Maximum Heating Flow Rates [ft3/min],168.27985
,134,AirLoopHVAC,CENTRAL SYSTEM_UNIT1_BACKROW_BOTTOMFLOOR,Sum of Air Terminal Minimum Heating Flow Rates [ft3/min],168.27985
,135,AirLoopHVAC,CENTRAL SYSTEM_UNIT1_BACKROW_BOTTOMFLOOR,Sum of Air Terminal Maximum Flow Rates [ft3/min],168.27985
,136,AirLoopHVAC,CENTRAL SYSTEM_UNIT1_BACKROW_BOTTOMFLOOR,Adjusted Heating Design Air Flow Rate [ft3/min],168.27985
,137,AirLoopHVAC,CENTRAL SYSTEM_UNIT1_BACKROW_BOTTOMFLOOR,Adjusted Cooling Design Air Flow Rate [ft3/min],168.27985
,138,AirLoopHVAC,CENTRAL SYSTEM_UNIT1_BACKROW_BOTTOMFLOOR,Adjusted Main Design Air Flow Rate [ft3/min],168.27985
,139,AirLoopHVAC,CENTRAL SYSTEM_UNIT1_BACKROW_BOTTOMFLOOR,User Heating Air Flow Ratio [],1.00000
,140,AirLoopHVAC,CENTRAL SYSTEM_UNIT1_BACKROW_BOTTOMFLOOR,Calculated Heating Air Flow Ratio [],1.00000
,141,AirLoopHVAC,CENTRAL SYSTEM_UNIT2_BACKROW_BOTTOMFLOOR,Sum of Air Terminal Maximum Heating Flow Rates [ft3/min],120.42371
,142,AirLoopHVAC,CENTRAL SYSTEM_UNIT2_BACKROW_BOTTOMFLOOR,Sum of Air Terminal Minimum Heating Flow Rates [ft3/min],120.42371
,143,AirLoopHVAC,CENTRAL SYSTEM_UNIT2_BACKROW_BOTTOMFLOOR,Sum of Air Terminal Maximum Flow Rates [ft3/min],120.42371
,144,AirLoopHVAC,CENTRAL SYSTEM_UNIT2_BACKROW_BOTTOMFLOOR,Adjusted Heating Design Air Flow Rate [ft3/min],120.42371
,145,AirLoopHVAC,CENTRAL SYSTEM_UNIT2_BACKROW_BOTTOMFLOOR,Adjusted Cooling Design Air Flow Rate [ft3/min],120.42371
,146,AirLoopHVAC,CENTRAL SYSTEM_UNIT2_BACKROW_BOTTOMFLOOR,Adjusted Main Design Air Flow Rate [ft3/min],120.42371
,147,AirLoopHVAC,CENTRAL SYSTEM_UNIT2_BACKROW_BOTTOMFLOOR,User Heating Air Flow Ratio [],1.00000
,148,AirLoopHVAC,CENTRAL SYSTEM_UNIT2_BACKROW_BOTTOMFLOOR,Calculated Heating Air Flow Ratio [],1.00000
,149,AirLoopHVAC,CENTRAL SYSTEM_UNIT3_BACKROW_BOTTOMFLOOR,Sum of Air Terminal Maximum Heating Flow Rates [ft3/min],167.99489
,150,AirLoopHVAC,CENTRAL SYSTEM_UNIT3_BACKROW_BOTTOMFLOOR,Sum of Air Terminal Minimum Heating Flow Rates [ft3/min],167.99489
,151,AirLoopHVAC,CENTRAL SYSTEM_UNIT3_BACKROW_BOTTOMFLOOR,Sum of Air Terminal Maximum Flow Rates [ft3/min],167.99489
,152,AirLoopHVAC,CENTRAL SYSTEM_UNIT3_BACKROW_BOTTOMFLOOR,Adjusted Heating Design Air Flow Rate [ft3/min],167.99489
,153,AirLoopHVAC,CENTRAL SYSTEM_UNIT3_BACKROW_BOTTOMFLOOR,Adjusted Cooling Design Air Flow Rate [ft3/min],167.99489
,154,AirLoopHVAC,CENTRAL SYSTEM_UNIT3_BACKROW_BOTTOMFLOOR,Adjusted Main Design Air Flow Rate [ft3/min],167.99489
,155,AirLoopHVAC,CENTRAL SYSTEM_UNIT3_BACKROW_BOTTOMFLOOR,User Heating Air Flow Ratio [],1.00000
,156,AirLoopHVAC,CENTRAL SYSTEM_UNIT3_BACKROW_BOTTOMFLOOR,Calculated Heating Air Flow Ratio [],1.00000
,157,AirLoopHVAC,CENTRAL SYSTEM_UNIT1_FRONTROW_MIDDLEFLOOR,Sum of Air Terminal Maximum Heating Flow Rates [ft3/min],118.36418
,158,AirLoopHVAC,CENTRAL SYSTEM_UNIT1_FRONTROW_MIDDLEFLOOR,Sum of Air Terminal Minimum Heating Flow Rates [ft3/min],118.36418
,159,AirLoopHVAC,CENTRAL SYSTEM_UNIT1_FRONTROW_MIDDLEFLOOR,Sum of Air Terminal Maximum Flow Rates [ft3/min],118.36418
,160,AirLoopHVAC,CENTRAL SYSTEM_UNIT1_FRONTROW_MIDDLEFLOOR,Adjusted Heating Design Air Flow Rate [ft3/min],118.36418
,161,AirLoopHVAC,CENTRAL SYSTEM_UNIT1_FRONTROW_MIDDLEFLOOR,Adjusted Cooling Design Air Flow Rate [ft3/min],118.36418
,162,AirLoopHVAC,CENTRAL SYSTEM_UNIT1_FRONTROW_MIDDLEFLOOR,Adjusted Main Design Air Flow Rate [ft3/min],118.36418
,163,AirLoopHVAC,CENTRAL SYSTEM_UNIT1_FRONTROW_MIDDLEFLOOR,User Heating Air Flow Ratio [],1.00000
,164,AirLoopHVAC,CENTRAL SYSTEM_UNIT1_FRONTROW_MIDDLEFLOOR,Calculated Heating Air Flow Ratio [],1.00000
,165,AirLoopHVAC,CENTRAL SYSTEM_UNIT2_FRONTROW_MIDDLEFLOOR,Sum of Air Terminal Maximum Heating Flow Rates [ft3/min],70.89046
,166,AirLoopHVAC,CENTRAL SYSTEM_UNIT2_FRONTROW_MIDDLEFLOOR,Sum of Air Terminal Minimum Heating Flow Rates [ft3/min],70.89046
,167,AirLoopHVAC,CENTRAL SYSTEM_UNIT2_FRONTROW_MIDDLEFLOOR,Sum of Air Terminal Maximum Flow Rates [ft3/min],70.89046
,168,AirLoopHVAC,CENTRAL SYSTEM_UNIT2_FRONTROW_MIDDLEFLOOR,Adjusted Heating Design Air Flow Rate [ft3/min],70.89046
,169,AirLoopHVAC,CENTRAL SYSTEM_UNIT2_FRONTROW_MIDDLEFLOOR,Adjusted Cooling Design Air Flow Rate [ft3/min],70.89046
,170,AirLoopHVAC,CENTRAL SYSTEM_UNIT2_FRONTROW_MIDDLEFLOOR,Adjusted Main Design Air Flow Rate [ft3/min],70.89046
,171,AirLoopHVAC,CENTRAL SYSTEM_UNIT2_FRONTROW_MIDDLEFLOOR,User Heating Air Flow Ratio [],1.00000
,172,AirLoopHVAC,CENTRAL SYSTEM_UNIT2_FRONTROW_MIDDLEFLOOR,Calculated Heating Air Flow Ratio [],1.00000
,173,AirLoopHVAC,CENTRAL SYSTEM_UNIT3_FRONTROW_MIDDLEFLOOR,Sum of Air Terminal Maximum Heating Flow Rates [ft3/min],118.06270
,174,AirLoopHVAC,CENTRAL SYSTEM_UNIT3_FRONTROW_MIDDLEFLOOR,Sum of Air Terminal Minimum Heating Flow Rates [ft3/min],118.06270
,175,AirLoopHVAC,CENTRAL SYSTEM_UNIT3_FRONTROW_MIDDLEFLOOR,Sum of Air Terminal Maximum Flow Rates [ft3/min],118.06270
,176,AirLoopHVAC,CENTRAL SYSTEM_UNIT3_FRONTROW_MIDDLEFLOOR,Adjusted Heating Design Air Flow Rate [ft3/min],118.06270
,177,AirLoopHVAC,CENTRAL SYSTEM_UNIT3_FRONTROW_MIDDLEFLOOR,Adjusted Cooling Design Air Flow Rate [ft3/min],118.06270
,178,AirLoopHVAC,CENTRAL SYSTEM_UNIT3_FRONTROW_MIDDLEFLOOR,Adjusted Main Design Air Flow Rate [ft3/min],118.06270
,179,AirLoopHVAC,CENTRAL SYSTEM_UNIT3_FRONTROW_MIDDLEFLOOR,User Heating Air Flow Ratio [],1.00000
,180,AirLoopHVAC,CENTRAL SYSTEM_UNIT3_FRONTROW_MIDDLEFLOOR,Calculated Heating Air Flow Ratio [],1.00000
,181,AirLoopHVAC,CENTRAL SYSTEM_UNIT1_BACKROW_MIDDLEFLOOR,Sum of Air Terminal Maximum Heating Flow Rates [ft3/min],118.31354
,182,AirLoopHVAC,CENTRAL SYSTEM_UNIT1_BACKROW_MIDDLEFLOOR,Sum of Air Terminal Minimum Heating Flow Rates [ft3/min],118.31354
,183,AirLoopHVAC,CENTRAL SYSTEM_UNIT1_BACKROW_MIDDLEFLOOR,Sum of Air Terminal Maximum Flow Rates [ft3/min],118.31354
,184,AirLoopHVAC,CENTRAL SYSTEM_UNIT1_BACKROW_MIDDLEFLOOR,Adjusted Heating Design Air Flow Rate [ft3/min],118.31354
,185,AirLoopHVAC,CENTRAL SYSTEM_UNIT1_BACKROW_MIDDLEFLOOR,Adjusted Cooling Design Air Flow Rate [ft3/min],118.31354
,186,AirLoopHVAC,CENTRAL SYSTEM_UNIT1_BACKROW_MIDDLEFLOOR,Adjusted Main Design Air Flow Rate [ft3/min],118.31354
,187,AirLoopHVAC,CENTRAL SYSTEM_UNIT1_BACKROW_MIDDLEFLOOR,User Heating Air Flow Ratio [],1.00000
,188,AirLoopHVAC,CENTRAL SYSTEM_UNIT1_BACKROW_MIDDLEFLOOR,Calculated Heating Air Flow Ratio [],1.00000
,189,AirLoopHVAC,CENTRAL SYSTEM_UNIT2_BACKROW_MIDDLEFLOOR,Sum of Air Terminal Maximum Heating Flow Rates [ft3/min],70.79978
,190,AirLoopHVAC,CENTRAL SYSTEM_UNIT2_BACKROW_MIDDLEFLOOR,Sum of Air Terminal Minimum Heating Flow Rates [ft3/min],70.79978
,191,AirLoopHVAC,CENTRAL SYSTEM_UNIT2_BACKROW_MIDDLEFLOOR,Sum of Air Terminal Maximum Flow Rates [ft3/min],70.79978
,192,AirLoopHVAC,CENTRAL SYSTEM_UNIT2_BACKROW_MIDDLEFLOOR,Adjusted Heating Design Air Flow Rate [ft3/min],70.79978
,193,AirLoopHVAC,CENTRAL SYSTEM_UNIT2_BACKROW_MIDDLEFLOOR,Adjusted Cooling Design Air Flow Rate [ft3/min],70.79978
,194,AirLoopHVAC,CENTRAL SYSTEM_UNIT2_BACKROW_MIDDLEFLOOR,Adjusted Main Design Air Flow Rate [ft3/min],70.79978
,195,AirLoopHVAC,CENTRAL SYSTEM_UNIT2_BACKROW_MIDDLEFLOOR,User Heating Air Flow Ratio [],1.00000
,196,AirLoopHVAC,CENTRAL SYSTEM_UNIT2_BACKROW_MIDDLEFLOOR,Calculated Heating Air Flow Ratio [],1.00000
,197,AirLoopHVAC,CENTRAL SYSTEM_UNIT3_BACKROW_MIDDLEFLOOR,Sum of Air Terminal Maximum Heating Flow Rates [ft3/min],117.92774
,198,AirLoopHVAC,CENTRAL SYSTEM_UNIT3_BACKROW_MIDDLEFLOOR,Sum of Air Terminal Minimum Heating Flow Rates [ft3/min],117.92774
,199,AirLoopHVAC,CENTRAL SYSTEM_UNIT3_BACKROW_MIDDLEFLOOR,Sum of Air Terminal Maximum Flow Rates [ft3/min],117.92774
,200,AirLoopHVAC,CENTRAL SYSTEM_UNIT3_BACKROW_MIDDLEFLOOR,Adjusted Heating Design Air Flow Rate [ft3/min],117.92774
,201,AirLoopHVAC,CENTRAL SYSTEM_UNIT3_BACKROW_MIDDLEFLOOR,Adjusted Cooling Design Air Flow Rate [ft3/min],117.92774
,202,AirLoopHVAC,CENTRAL SYSTEM_UNIT3_BACKROW_MIDDLEFLOOR,Adjusted Main Design Air Flow Rate [ft3/min],117.92774
,203,AirLoopHVAC,CENTRAL SYSTEM_UNIT3_BACKROW_MIDDLEFLOOR,User Heating Air Flow Ratio [],1.00000
,204,AirLoopHVAC,CENTRAL SYSTEM_UNIT3_BACKROW_MIDDLEFLOOR,Calculated Heating Air Flow Ratio [],1.00000
,205,AirLoopHVAC,CENTRAL SYSTEM_UNIT1_FRONTROW_TOPFLOOR,Sum of Air Terminal Maximum Heating Flow Rates [ft3/min],171.51566
,206,AirLoopHVAC,CENTRAL SYSTEM_UNIT1_FRONTROW_TOPFLOOR,Sum of Air Terminal Minimum Heating Flow Rates [ft3/min],171.51566
,207,AirLoopHVAC,CENTRAL SYSTEM_UNIT1_FRONTROW_TOPFLOOR,Sum of Air Terminal Maximum Flow Rates [ft3/min],171.51566
,208,AirLoopHVAC,CENTRAL SYSTEM_UNIT1_FRONTROW_TOPFLOOR,Adjusted Heating Design Air Flow Rate [ft3/min],171.51566
,209,AirLoopHVAC,CENTRAL SYSTEM_UNIT1_FRONTROW_TOPFLOOR,Adjusted Cooling Design Air Flow Rate [ft3/min],171.51566
,210,AirLoopHVAC,CENTRAL SYSTEM_UNIT1_FRONTROW_TOPFLOOR,Adjusted Main Design Air Flow Rate [ft3/min],171.51566
,211,AirLoopHVAC,CENTRAL SYSTEM_UNIT1_FRONTROW_TOPFLOOR,User Heating Air Flow Ratio [],1.00000
,212,AirLoopHVAC,CENTRAL SYSTEM_UNIT1_FRONTROW_TOPFLOOR,Calculated Heating Air Flow Ratio [],1.00000
,213,AirLoopHVAC,CENTRAL SYSTEM_UNIT2_FRONTROW_TOPFLOOR,Sum of Air Terminal Maximum Heating Flow Rates [ft3/min],123.84363
,214,AirLoopHVAC,CENTRAL SYSTEM_UNIT2_FRONTROW_TOPFLOOR,Sum of Air Terminal Minimum Heating Flow Rates [ft3/min],123.84363
,215,AirLoopHVAC,CENTRAL SYSTEM_UNIT2_FRONTROW_TOPFLOOR,Sum of Air Terminal Maximum Flow Rates [ft3/min],123.84363
,216,AirLoopHVAC,CENTRAL SYSTEM_UNIT2_FRONTROW_TOPFLOOR,Adjusted Heating Design Air Flow Rate [ft3/min],123.84363
,217,AirLoopHVAC,CENTRAL SYSTEM_UNIT2_FRONTROW_TOPFLOOR,Adjusted Cooling Design Air Flow Rate [ft3/min],123.84363
,218,AirLoopHVAC,CENTRAL SYSTEM_UNIT2_FRONTROW_TOPFLOOR,Adjusted Main Design Air Flow Rate [ft3/min],123.84363
,219,AirLoopHVAC,CENTRAL SYSTEM_UNIT2_FRONTROW_TOPFLOOR,User Heating Air Flow Ratio [],1.00000
,220,AirLoopHVAC,CENTRAL SYSTEM_UNIT2_FRONTROW_TOPFLOOR,Calculated Heating Air Flow Ratio [],1.00000
,221,AirLoopHVAC,CENTRAL SYSTEM_UNIT3_FRONTROW_TOPFLOOR,Sum of Air Terminal Maximum Heating Flow Rates [ft3/min],171.14701
,222,AirLoopHVAC,CENTRAL SYSTEM_UNIT3_FRONTROW_TOPFLOOR,Sum of Air Terminal Minimum Heating Flow Rates [ft3/min],171.14701
,223,AirLoopHVAC,CENTRAL SYSTEM_UNIT3_FRONTROW_TOPFLOOR,Sum of Air Terminal Maximum Flow Rates [ft3/min],171.14701
,224,AirLoopHVAC,CENTRAL SYSTEM_UNIT3_FRONTROW_TOPFLOOR,Adjusted Heating Design Air Flow Rate [ft3/min],171.14701
,225,AirLoopHVAC,CENTRAL SYSTEM_UNIT3_FRONTROW_TOPFLOOR,Adjusted Cooling Design Air Flow Rate [ft3/min],171.14701
,226,AirLoopHVAC,CENTRAL SYSTEM_UNIT3_FRONTROW_TOPFLOOR,Adjusted Main Design Air Flow Rate [ft3/min],171.14701
,227,AirLoopHVAC,CENTRAL SYSTEM_UNIT3_FRONTROW_TOPFLOOR,User Heating Air Flow Ratio [],1.00000
,228,AirLoopHVAC,CENTRAL SYSTEM_UNIT3_FRONTROW_TOPFLOOR,Calculated Heating Air Flow Ratio [],1.00000
,229,AirLoopHVAC,CENTRAL SYSTEM_UNIT1_BACKROW_TOPFLOOR,Sum of Air Terminal Maximum Heating Flow Rates [ft3/min],171.38896
,230,AirLoopHVAC,CENTRAL SYSTEM_UNIT1_BACKROW_TOPFLOOR,Sum of Air Terminal Minimum Heating Flow Rates [ft3/min],171.38896
,231,AirLoopHVAC,CENTRAL SYSTEM_UNIT1_BACKROW_TOPFLOOR,Sum of Air Terminal Maximum Flow Rates [ft3/min],171.38896
,232,AirLoopHVAC,CENTRAL SYSTEM_UNIT1_BACKROW_TOPFLOOR,Adjusted Heating Design Air Flow Rate [ft3/min],171.38896
,233,AirLoopHVAC,CENTRAL SYSTEM_UNIT1_BACKROW_TOPFLOOR,Adjusted Cooling Design Air Flow Rate [ft3/min],171.38896
,234,AirLoopHVAC,CENTRAL SYSTEM_UNIT1_BACKROW_TOPFLOOR,Adjusted Main Design Air Flow Rate [ft3/min],171.38896
,235,AirLoopHVAC,CENTRAL SYSTEM_UNIT1_BACKROW_TOPFLOOR,User Heating Air Flow Ratio [],1.00000
,236,AirLoopHVAC,CENTRAL SYSTEM_UNIT1_BACKROW_TOPFLOOR,Calculated Heating Air Flow Ratio [],1.00000
,237,AirLoopHVAC,CENTRAL SYSTEM_UNIT2_BACKROW_TOPFLOOR,Sum of Air Terminal Maximum Heating Flow Rates [ft3/min],123.68812
,238,AirLoopHVAC,CENTRAL SYSTEM_UNIT2_BACKROW_TOPFLOOR,Sum of Air Terminal Minimum Heating Flow Rates [ft3/min],123.68812
,239,AirLoopHVAC,CENTRAL SYSTEM_UNIT2_BACKROW_TOPFLOOR,Sum of Air Terminal Maximum Flow Rates [ft3/min],123.68812
,240,AirLoopHVAC,CENTRAL SYSTEM_UNIT2_BACKROW_TOPFLOOR,Adjusted Heating Design Air Flow Rate [ft3/min],123.68812
,241,AirLoopHVAC,CENTRAL SYSTEM_UNIT2_BACKROW_TOPFLOOR,Adjusted Cooling Design Air Flow Rate [ft3/min],123.68812
,242,AirLoopHVAC,CENTRAL SYSTEM_UNIT2_BACKROW_TOPFLOOR,Adjusted Main Design Air Flow Rate [ft3/min],123.68812
,243,AirLoopHVAC,CENTRAL SYSTEM_UNIT2_BACKROW_TOPFLOOR,User Heating Air Flow Ratio [],1.00000
,244,AirLoopHVAC,CENTRAL SYSTEM_UNIT2_BACKROW_TOPFLOOR,Calculated Heating Air Flow Ratio [],1.00000
,245,AirLoopHVAC,CENTRAL SYSTEM_UNIT3_BACKROW_TOPFLOOR,Sum of Air Terminal Maximum Heating Flow Rates [ft3/min],170.96036
,246,AirLoopHVAC,CENTRAL SYSTEM_UNIT3_BACKROW_TOPFLOOR,Sum of Air Terminal Minimum Heating Flow Rates [ft3/min],170.96036
,247,AirLoopHVAC,CENTRAL SYSTEM_UNIT3_BACKROW_TOPFLOOR,Sum of Air Terminal Maximum Flow Rates [ft3/min],170.96036
,248,AirLoopHVAC,CENTRAL SYSTEM_UNIT3_BACKROW_TOPFLOOR,Adjusted Heating Design Air Flow Rate [ft3/min],170.96036
,249,AirLoopHVAC,CENTRAL SYSTEM_UNIT3_BACKROW_TOPFLOOR,Adjusted Cooling Design Air Flow Rate [ft3/min],170.96036
,250,AirLoopHVAC,CENTRAL SYSTEM_UNIT3_BACKROW_TOPFLOOR,Adjusted Main Design Air Flow Rate [ft3/min],170.96036
,251,AirLoopHVAC,CENTRAL SYSTEM_UNIT3_BACKROW_TOPFLOOR,User Heating Air Flow Ratio [],1.00000
,252,AirLoopHVAC,CENTRAL SYSTEM_UNIT3_BACKROW_TOPFLOOR,Calculated Heating Air Flow Ratio [],1.00000
,253,AirLoopHVAC,CENTRAL SYSTEM_UNIT1_FRONTROW_BOTTOMFLOOR,Design Supply Air Flow Rate [ft3/min],168.29807
,254,AirLoopHVAC,CENTRAL SYSTEM_UNIT2_FRONTROW_BOTTOMFLOOR,Design Supply Air Flow Rate [ft3/min],120.48791
,255,AirLoopHVAC,CENTRAL SYSTEM_UNIT3_FRONTROW_BOTTOMFLOOR,Design Supply Air Flow Rate [ft3/min],168.10739
,256,AirLoopHVAC,CENTRAL SYSTEM_UNIT1_BACKROW_BOTTOMFLOOR,Design Supply Air Flow Rate [ft3/min],168.27985
,257,AirLoopHVAC,CENTRAL SYSTEM_UNIT2_BACKROW_BOTTOMFLOOR,Design Supply Air Flow Rate [ft3/min],120.42371
,258,AirLoopHVAC,CENTRAL SYSTEM_UNIT3_BACKROW_BOTTOMFLOOR,Design Supply Air Flow Rate [ft3/min],167.99489
,259,AirLoopHVAC,CENTRAL SYSTEM_UNIT1_FRONTROW_MIDDLEFLOOR,Design Supply Air Flow Rate [ft3/min],118.36418
,260,AirLoopHVAC,CENTRAL SYSTEM_UNIT2_FRONTROW_MIDDLEFLOOR,Design Supply Air Flow Rate [ft3/min],70.89046
,261,AirLoopHVAC,CENTRAL SYSTEM_UNIT3_FRONTROW_MIDDLEFLOOR,Design Supply Air Flow Rate [ft3/min],118.06270
,262,AirLoopHVAC,CENTRAL SYSTEM_UNIT1_BACKROW_MIDDLEFLOOR,Design Supply Air Flow Rate [ft3/min],118.31354
,263,AirLoopHVAC,CENTRAL SYSTEM_UNIT2_BACKROW_MIDDLEFLOOR,Design Supply Air Flow Rate [ft3/min],70.79978
,264,AirLoopHVAC,CENTRAL SYSTEM_UNIT3_BACKROW_MIDDLEFLOOR,Design Supply Air Flow Rate [ft3/min],117.92774
,265,AirLoopHVAC,CENTRAL SYSTEM_UNIT1_FRONTROW_TOPFLOOR,Design Supply Air Flow Rate [ft3/min],171.51566
,266,AirLoopHVAC,CENTRAL SYSTEM_UNIT2_FRONTROW_TOPFLOOR,Design Supply Air Flow Rate [ft3/min],123.84363
,267,AirLoopHVAC,CENTRAL SYSTEM_UNIT3_FRONTROW_TOPFLOOR,Design Supply Air Flow Rate [ft3/min],171.14701
,268,AirLoopHVAC,CENTRAL SYSTEM_UNIT1_BACKROW_TOPFLOOR,Design Supply Air Flow Rate [ft3/min],171.38896
,269,AirLoopHVAC,CENTRAL SYSTEM_UNIT2_BACKROW_TOPFLOOR,Design Supply Air Flow Rate [ft3/min],123.68812
,270,AirLoopHVAC,CENTRAL SYSTEM_UNIT3_BACKROW_TOPFLOOR,Design Supply Air Flow Rate [ft3/min],170.96036
,271,Coil:Cooling:DX:SingleSpeed,DX COOLING COIL_UNIT1_FRONTROW_BOTTOMFLOOR,Design Size Rated Air Flow Rate [ft3/min],168.29807
,272,Coil:Cooling:DX:SingleSpeed,DX COOLING COIL_UNIT1_FRONTROW_BOTTOMFLOOR,Design Size Gross Rated Total Cooling Capacity [ton],0.37389
,273,Coil:Cooling:DX:SingleSpeed,DX COOLING COIL_UNIT1_FRONTROW_BOTTOMFLOOR,Design Size Gross Rated Sensible Heat Ratio,0.80066
,274,AirLoopHVAC:UnitaryHeatCool,ACANDF_UNIT1_FRONTROW_BOTTOMFLOOR,Supply Air Flow Rate [ft3/min],168.29807
,275,AirLoopHVAC:UnitaryHeatCool,ACANDF_UNIT1_FRONTROW_BOTTOMFLOOR,Supply Air Flow Rate During Heating Operation [ft3/min],168.29807
,276,AirLoopHVAC:UnitaryHeatCool,ACANDF_UNIT1_FRONTROW_BOTTOMFLOOR,Supply Air Flow Rate During Cooling Operation [ft3/min],168.29807
,277,AirLoopHVAC:UnitaryHeatCool,ACANDF_UNIT1_FRONTROW_BOTTOMFLOOR,Nominal Heating Capacity [Btu/h],12943.41306
,278,AirLoopHVAC:UnitaryHeatCool,ACANDF_UNIT1_FRONTROW_BOTTOMFLOOR,Nominal Cooling Capacity [ton],0.37389
,279,AirLoopHVAC:UnitaryHeatCool,ACANDF_UNIT1_FRONTROW_BOTTOMFLOOR,Fraction of Supply Air Flow That Goes Through the Controlling Zone,1.00000
,280,Fan:OnOff,SUPPLY FAN_UNIT1_FRONTROW_BOTTOMFLOOR,Design Size Maximum Flow Rate [ft3/min],168.29807
,281,Coil:Heating:Electric,MAIN ELECTRIC HEATING COIL_UNIT1_FRONTROW_BOTTOMFLOOR,Design Size Nominal Capacity [Btu/h],12943.41306
,282,Coil:Cooling:DX:SingleSpeed,DX COOLING COIL_UNIT2_FRONTROW_BOTTOMFLOOR,Design Size Rated Air Flow Rate [ft3/min],120.48791
,283,Coil:Cooling:DX:SingleSpeed,DX COOLING COIL_UNIT2_FRONTROW_BOTTOMFLOOR,Design Size Gross Rated Total Cooling Capacity [ton],0.26767
,284,Coil:Cooling:DX:SingleSpeed,DX COOLING COIL_UNIT2_FRONTROW_BOTTOMFLOOR,Design Size Gross Rated Sensible Heat Ratio,0.80066
,285,AirLoopHVAC:UnitaryHeatCool,ACANDF_UNIT2_FRONTROW_BOTTOMFLOOR,Supply Air Flow Rate [ft3/min],120.48791
,286,AirLoopHVAC:UnitaryHeatCool,ACANDF_UNIT2_FRONTROW_BOTTOMFLOOR,Supply Air Flow Rate During Heating Operation [ft3/min],120.48791
,287,AirLoopHVAC:UnitaryHeatCool,ACANDF_UNIT2_FRONTROW_BOTTOMFLOOR,Supply Air Flow Rate During Cooling Operation [ft3/min],120.48791
,288,AirLoopHVAC:UnitaryHeatCool,ACANDF_UNIT2_FRONTROW_BOTTOMFLOOR,Nominal Cooling Capacity [ton],0.26767
,289,AirLoopHVAC:UnitaryHeatCool,ACANDF_UNIT2_FRONTROW_BOTTOMFLOOR,Fraction of Supply Air Flow That Goes Through the Controlling Zone,1.00000
,290,Fan:OnOff,SUPPLY FAN_UNIT2_FRONTROW_BOTTOMFLOOR,Design Size Maximum Flow Rate [ft3/min],120.48791
,291,Coil:Heating:Electric,MAIN ELECTRIC HEATING COIL_UNIT2_FRONTROW_BOTTOMFLOOR,User-Specified Nominal Capacity [Btu/h],13648.00000
,292,Coil:Cooling:DX:SingleSpeed,DX COOLING COIL_UNIT3_FRONTROW_BOTTOMFLOOR,Design Size Rated Air Flow Rate [ft3/min],168.10739
,293,Coil:Cooling:DX:SingleSpeed,DX COOLING COIL_UNIT3_FRONTROW_BOTTOMFLOOR,Design Size Gross Rated Total Cooling Capacity [ton],0.37346
,294,Coil:Cooling:DX:SingleSpeed,DX COOLING COIL_UNIT3_FRONTROW_BOTTOMFLOOR,Design Size Gross Rated Sensible Heat Ratio,0.80066
,295,AirLoopHVAC:UnitaryHeatCool,ACANDF_UNIT3_FRONTROW_BOTTOMFLOOR,Supply Air Flow Rate [ft3/min],168.10739
,296,AirLoopHVAC:UnitaryHeatCool,ACANDF_UNIT3_FRONTROW_BOTTOMFLOOR,Supply Air Flow Rate During Heating Operation [ft3/min],168.10739
,297,AirLoopHVAC:UnitaryHeatCool,ACANDF_UNIT3_FRONTROW_BOTTOMFLOOR,Supply Air Flow Rate During Cooling Operation [ft3/min],168.10739
,298,AirLoopHVAC:UnitaryHeatCool,ACANDF_UNIT3_FRONTROW_BOTTOMFLOOR,Nominal Heating Capacity [Btu/h],12933.12264
,299,AirLoopHVAC:UnitaryHeatCool,ACANDF_UNIT3_FRONTROW_BOTTOMFLOOR,Nominal Cooling Capacity [ton],0.37346
,300,AirLoopHVAC:UnitaryHeatCool,ACANDF_UNIT3_FRONTROW_BOTTOMFLOOR,Fraction of Supply Air Flow That Goes Through the Controlling Zone,1.00000
,301,Fan:OnOff,SUPPLY FAN_UNIT3_FRONTROW_BOTTOMFLOOR,Design Size Maximum Flow Rate [ft3/min],168.10739
,302,Coil:Heating:Electric,MAIN ELECTRIC HEATING COIL_UNIT3_FRONTROW_BOTTOMFLOOR,Design Size Nominal Capacity [Btu/h],12933.12264
,303,Coil:Cooling:DX:SingleSpeed,DX COOLING COIL_UNIT1_BACKROW_BOTTOMFLOOR,Design Size Rated Air Flow Rate [ft3/min],168.27985
,304,Coil:Cooling:DX:SingleSpeed,DX COOLING COIL_UNIT1_BACKROW_BOTTOMFLOOR,Design Size Gross Rated Total Cooling Capacity [ton],0.37385
,305,Coil:Cooling:DX:SingleSpeed,DX COOLING COIL_UNIT1_BACKROW_BOTTOMFLOOR,Design Size Gross Rated Sensible Heat Ratio,0.80066
,306,AirLoopHVAC:UnitaryHeatCool,ACANDF_UNIT1_BACKROW_BOTTOMFLOOR,Supply Air Flow Rate [ft3/min],168.27985
,307,AirLoopHVAC:UnitaryHeatCool,ACANDF_UNIT1_BACKROW_BOTTOMFLOOR,Supply Air Flow Rate During Heating Operation [ft3/min],168.27985
,308,AirLoopHVAC:UnitaryHeatCool,ACANDF_UNIT1_BACKROW_BOTTOMFLOOR,Supply Air Flow Rate During Cooling Operation [ft3/min],168.27985
,309,AirLoopHVAC:UnitaryHeatCool,ACANDF_UNIT1_BACKROW_BOTTOMFLOOR,Nominal Heating Capacity [Btu/h],12942.42757
,310,AirLoopHVAC:UnitaryHeatCool,ACANDF_UNIT1_BACKROW_BOTTOMFLOOR,Nominal Cooling Capacity [ton],0.37385
,311,AirLoopHVAC:UnitaryHeatCool,ACANDF_UNIT1_BACKROW_BOTTOMFLOOR,Fraction of Supply Air Flow That Goes Through the Controlling Zone,1.00000
,312,Fan:OnOff,SUPPLY FAN_UNIT1_BACKROW_BOTTOMFLOOR,Design Size Maximum Flow Rate [ft3/min],168.27985
,313,Coil:Heating:Electric,MAIN ELECTRIC HEATING COIL_UNIT1_BACKROW_BOTTOMFLOOR,Design Size Nominal Capacity [Btu/h],12942.42757
,314,Coil:Cooling:DX:SingleSpeed,DX COOLING COIL_UNIT2_BACKROW_BOTTOMFLOOR,Design Size Rated Air Flow Rate [ft3/min],120.42371
,315,Coil:Cooling:DX:SingleSpeed,DX COOLING COIL_UNIT2_BACKROW_BOTTOMFLOOR,Design Size Gross Rated Total Cooling Capacity [ton],0.26753
,316,Coil:Cooling:DX:SingleSpeed,DX COOLING COIL_UNIT2_BACKROW_BOTTOMFLOOR,Design Size Gross Rated Sensible Heat Ratio,0.80066
,317,AirLoopHVAC:UnitaryHeatCool,ACANDF_UNIT2_BACKROW_BOTTOMFLOOR,Supply Air Flow Rate [ft3/min],120.42371
,318,AirLoopHVAC:UnitaryHeatCool,ACANDF_UNIT2_BACKROW_BOTTOMFLOOR,Supply Air Flow Rate During Heating Operation [ft3/min],120.42371
,319,AirLoopHVAC:UnitaryHeatCool,ACANDF_UNIT2_BACKROW_BOTTOMFLOOR,Supply Air Flow Rate During Cooling Operation [ft3/min],120.42371
,320,AirLoopHVAC:UnitaryHeatCool,ACANDF_UNIT2_BACKROW_BOTTOMFLOOR,Nominal Heating Capacity [Btu/h],10362.21261
,321,AirLoopHVAC:UnitaryHeatCool,ACANDF_UNIT2_BACKROW_BOTTOMFLOOR,Nominal Cooling Capacity [ton],0.26753
,322,AirLoopHVAC:UnitaryHeatCool,ACANDF_UNIT2_BACKROW_BOTTOMFLOOR,Fraction of Supply Air Flow That Goes Through the Controlling Zone,1.00000
,323,Fan:OnOff,SUPPLY FAN_UNIT2_BACKROW_BOTTOMFLOOR,Design Size Maximum Flow Rate [ft3/min],120.42371
,324,Coil:Heating:Electric,MAIN ELECTRIC HEATING COIL_UNIT2_BACKROW_BOTTOMFLOOR,Design Size Nominal Capacity [Btu/h],10362.21261
,325,Coil:Cooling:DX:SingleSpeed,DX COOLING COIL_UNIT3_BACKROW_BOTTOMFLOOR,Design Size Rated Air Flow Rate [ft3/min],167.99489
,326,Coil:Cooling:DX:SingleSpeed,DX COOLING COIL_UNIT3_BACKROW_BOTTOMFLOOR,Design Size Gross Rated Total Cooling Capacity [ton],0.37321
,327,Coil:Cooling:DX:SingleSpeed,DX COOLING COIL_UNIT3_BACKROW_BOTTOMFLOOR,Design Size Gross Rated Sensible Heat Ratio,0.80066
,328,AirLoopHVAC:UnitaryHeatCool,ACANDF_UNIT3_BACKROW_BOTTOMFLOOR,Supply Air Flow Rate [ft3/min],167.99489
,329,AirLoopHVAC:UnitaryHeatCool,ACANDF_UNIT3_BACKROW_BOTTOMFLOOR,Supply Air Flow Rate During Heating Operation [ft3/min],167.99489
,330,AirLoopHVAC:UnitaryHeatCool,ACANDF_UNIT3_BACKROW_BOTTOMFLOOR,Supply Air Flow Rate During Cooling Operation [ft3/min],167.99489
,331,AirLoopHVAC:UnitaryHeatCool,ACANDF_UNIT3_BACKROW_BOTTOMFLOOR,Nominal Heating Capacity [Btu/h],12927.06040
,332,AirLoopHVAC:UnitaryHeatCool,ACANDF_UNIT3_BACKROW_BOTTOMFLOOR,Nominal Cooling Capacity [ton],0.37321
,333,AirLoopHVAC:UnitaryHeatCool,ACANDF_UNIT3_BACKROW_BOTTOMFLOOR,Fraction of Supply Air Flow That Goes Through the Controlling Zone,1.00000
,334,Fan:OnOff,SUPPLY FAN_UNIT3_BACKROW_BOTTOMFLOOR,Design Size Maximum Flow Rate [ft3/min],167.99489
,335,Coil:Heating:Electric,MAIN ELECTRIC HEATING COIL_UNIT3_BACKROW_BOTTOMFLOOR,Design Size Nominal Capacity [Btu/h],12927.06040
,336,Coil:Cooling:DX:SingleSpeed,DX COOLING COIL_UNIT1_FRONTROW_MIDDLEFLOOR,Design Size Rated Air Flow Rate [ft3/min],118.36418
,337,Coil:Cooling:DX:SingleSpeed,DX COOLING COIL_UNIT1_FRONTROW_MIDDLEFLOOR,Design Size Gross Rated Total Cooling Capacity [ton],0.26295
,338,Coil:Cooling:DX:SingleSpeed,DX COOLING COIL_UNIT1_FRONTROW_MIDDLEFLOOR,Design Size Gross Rated Sensible Heat Ratio,0.80066
,339,AirLoopHVAC:UnitaryHeatCool,ACANDF_UNIT1_FRONTROW_MIDDLEFLOOR,Supply Air Flow Rate [ft3/min],118.36418
,340,AirLoopHVAC:UnitaryHeatCool,ACANDF_UNIT1_FRONTROW_MIDDLEFLOOR,Supply Air Flow Rate During Heating Operation [ft3/min],118.36418
,341,AirLoopHVAC:UnitaryHeatCool,ACANDF_UNIT1_FRONTROW_MIDDLEFLOOR,Supply Air Flow Rate During Cooling Operation [ft3/min],118.36418
,342,AirLoopHVAC:UnitaryHeatCool,ACANDF_UNIT1_FRONTROW_MIDDLEFLOOR,Nominal Heating Capacity [Btu/h],10250.87734
,343,AirLoopHVAC:UnitaryHeatCool,ACANDF_UNIT1_FRONTROW_MIDDLEFLOOR,Nominal Cooling Capacity [ton],0.26295
,344,AirLoopHVAC:UnitaryHeatCool,ACANDF_UNIT1_FRONTROW_MIDDLEFLOOR,Fraction of Supply Air Flow That Goes Through the Controlling Zone,1.00000
,345,Fan:OnOff,SUPPLY FAN_UNIT1_FRONTROW_MIDDLEFLOOR,Design Size Maximum Flow Rate [ft3/min],118.36418
,346,Coil:Heating:Electric,MAIN ELECTRIC HEATING COIL_UNIT1_FRONTROW_MIDDLEFLOOR,Design Size Nominal Capacity [Btu/h],10250.87734
,347,Coil:Cooling:DX:SingleSpeed,DX COOLING COIL_UNIT2_FRONTROW_MIDDLEFLOOR,Design Size Rated Air Flow Rate [ft3/min],70.89046
,348,Coil:Cooling:DX:SingleSpeed,DX COOLING COIL_UNIT2_FRONTROW_MIDDLEFLOOR,Design Size Gross Rated Total Cooling Capacity [ton],0.15749
,349,Coil:Cooling:DX:SingleSpeed,DX COOLING COIL_UNIT2_FRONTROW_MIDDLEFLOOR,Design Size Gross Rated Sensible Heat Ratio,0.80066
,350,AirLoopHVAC:UnitaryHeatCool,ACANDF_UNIT2_FRONTROW_MIDDLEFLOOR,Supply Air Flow Rate [ft3/min],70.89046
,351,AirLoopHVAC:UnitaryHeatCool,ACANDF_UNIT2_FRONTROW_MIDDLEFLOOR,Supply Air Flow Rate During Heating Operation [ft3/min],70.89046
,352,AirLoopHVAC:UnitaryHeatCool,ACANDF_UNIT2_FRONTROW_MIDDLEFLOOR,Supply Air Flow Rate During Cooling Operation [ft3/min],70.89046
,353,AirLoopHVAC:UnitaryHeatCool,ACANDF_UNIT2_FRONTROW_MIDDLEFLOOR,Nominal Heating Capacity [Btu/h],7691.58180
,354,AirLoopHVAC:UnitaryHeatCool,ACANDF_UNIT2_FRONTROW_MIDDLEFLOOR,Nominal Cooling Capacity [ton],0.15749
,355,AirLoopHVAC:UnitaryHeatCool,ACANDF_UNIT2_FRONTROW_MIDDLEFLOOR,Fraction of Supply Air Flow That Goes Through the Controlling Zone,1.00000
,356,Fan:OnOff,SUPPLY FAN_UNIT2_FRONTROW_MIDDLEFLOOR,Design Size Maximum Flow Rate [ft3/min],70.89046
,357,Coil:Heating:Electric,MAIN ELECTRIC HEATING COIL_UNIT2_FRONTROW_MIDDLEFLOOR,Design Size Nominal Capacity [Btu/h],7691.58180
,358,Coil:Cooling:DX:SingleSpeed,DX COOLING COIL_UNIT3_FRONTROW_MIDDLEFLOOR,Design Size Rated Air Flow Rate [ft3/min],118.06270
,359,Coil:Cooling:DX:SingleSpeed,DX COOLING COIL_UNIT3_FRONTROW_MIDDLEFLOOR,Design Size Gross Rated Total Cooling Capacity [ton],0.26229
,360,Coil:Cooling:DX:SingleSpeed,DX COOLING COIL_UNIT3_FRONTROW_MIDDLEFLOOR,Design Size Gross Rated Sensible Heat Ratio,0.80066
,361,AirLoopHVAC:UnitaryHeatCool,ACANDF_UNIT3_FRONTROW_MIDDLEFLOOR,Supply Air Flow Rate [ft3/min],118.06270
,362,AirLoopHVAC:UnitaryHeatCool,ACANDF_UNIT3_FRONTROW_MIDDLEFLOOR,Supply Air Flow Rate During Heating Operation [ft3/min],118.06270
,363,AirLoopHVAC:UnitaryHeatCool,ACANDF_UNIT3_FRONTROW_MIDDLEFLOOR,Supply Air Flow Rate During Cooling Operation [ft3/min],118.06270
,364,AirLoopHVAC:UnitaryHeatCool,ACANDF_UNIT3_FRONTROW_MIDDLEFLOOR,Nominal Heating Capacity [Btu/h],10234.62701
,365,AirLoopHVAC:UnitaryHeatCool,ACANDF_UNIT3_FRONTROW_MIDDLEFLOOR,Nominal Cooling Capacity [ton],0.26229
,366,AirLoopHVAC:UnitaryHeatCool,ACANDF_UNIT3_FRONTROW_MIDDLEFLOOR,Fraction of Supply Air Flow That Goes Through the Controlling Zone,1.00000
,367,Fan:OnOff,SUPPLY FAN_UNIT3_FRONTROW_MIDDLEFLOOR,Design Size Maximum Flow Rate [ft3/min],118.06270
,368,Coil:Heating:Electric,MAIN ELECTRIC HEATING COIL_UNIT3_FRONTROW_MIDDLEFLOOR,Design Size Nominal Capacity [Btu/h],10234.62701
,369,Coil:Cooling:DX:SingleSpeed,DX COOLING COIL_UNIT1_BACKROW_MIDDLEFLOOR,Design Size Rated Air Flow Rate [ft3/min],118.31354
,370,Coil:Cooling:DX:SingleSpeed,DX COOLING COIL_UNIT1_BACKROW_MIDDLEFLOOR,Design Size Gross Rated Total Cooling Capacity [ton],0.26284
,371,Coil:Cooling:DX:SingleSpeed,DX COOLING COIL_UNIT1_BACKROW_MIDDLEFLOOR,Design Size Gross Rated Sensible Heat Ratio,0.80066
,372,AirLoopHVAC:UnitaryHeatCool,ACANDF_UNIT1_BACKROW_MIDDLEFLOOR,Supply Air Flow Rate [ft3/min],118.31354
,373,AirLoopHVAC:UnitaryHeatCool,ACANDF_UNIT1_BACKROW_MIDDLEFLOOR,Supply Air Flow Rate During Heating Operation [ft3/min],118.31354
,374,AirLoopHVAC:UnitaryHeatCool,ACANDF_UNIT1_BACKROW_MIDDLEFLOOR,Supply Air Flow Rate During Cooling Operation [ft3/min],118.31354
,375,AirLoopHVAC:UnitaryHeatCool,ACANDF_UNIT1_BACKROW_MIDDLEFLOOR,Nominal Heating Capacity [Btu/h],10248.15126
,376,AirLoopHVAC:UnitaryHeatCool,ACANDF_UNIT1_BACKROW_MIDDLEFLOOR,Nominal Cooling Capacity [ton],0.26284
,377,AirLoopHVAC:UnitaryHeatCool,ACANDF_UNIT1_BACKROW_MIDDLEFLOOR,Fraction of Supply Air Flow That Goes Through the Controlling Zone,1.00000
,378,Fan:OnOff,SUPPLY FAN_UNIT1_BACKROW_MIDDLEFLOOR,Design Size Maximum Flow Rate [ft3/min],118.31354
,379,Coil:Heating:Electric,MAIN ELECTRIC HEATING COIL_UNIT1_BACKROW_MIDDLEFLOOR,Design Size Nominal Capacity [Btu/h],10248.15126
,380,Coil:Cooling:DX:SingleSpeed,DX COOLING COIL_UNIT2_BACKROW_MIDDLEFLOOR,Design Size Rated Air Flow Rate [ft3/min],70.79978
,381,Coil:Cooling:DX:SingleSpeed,DX COOLING COIL_UNIT2_BACKROW_MIDDLEFLOOR,Design Size Gross Rated Total Cooling Capacity [ton],0.15729
,382,Coil:Cooling:DX:SingleSpeed,DX COOLING COIL_UNIT2_BACKROW_MIDDLEFLOOR,Design Size Gross Rated Sensible Heat Ratio,0.80066
,383,AirLoopHVAC:UnitaryHeatCool,ACANDF_UNIT2_BACKROW_MIDDLEFLOOR,Supply Air Flow Rate [ft3/min],70.79978
,384,AirLoopHVAC:UnitaryHeatCool,ACANDF_UNIT2_BACKROW_MIDDLEFLOOR,Supply Air Flow Rate During Heating Operation [ft3/min],70.79978
,385,AirLoopHVAC:UnitaryHeatCool,ACANDF_UNIT2_BACKROW_MIDDLEFLOOR,Supply Air Flow Rate During Cooling Operation [ft3/min],70.79978
,386,AirLoopHVAC:UnitaryHeatCool,ACANDF_UNIT2_BACKROW_MIDDLEFLOOR,Nominal Heating Capacity [Btu/h],7686.69493
,387,AirLoopHVAC:UnitaryHeatCool,ACANDF_UNIT2_BACKROW_MIDDLEFLOOR,Nominal Cooling Capacity [ton],0.15729
,388,AirLoopHVAC:UnitaryHeatCool,ACANDF_UNIT2_BACKROW_MIDDLEFLOOR,Fraction of Supply Air Flow That Goes Through the Controlling Zone,1.00000
,389,Fan:OnOff,SUPPLY FAN_UNIT2_BACKROW_MIDDLEFLOOR,Design Size Maximum Flow Rate [ft3/min],70.79978
,390,Coil:Heating:Electric,MAIN ELECTRIC HEATING COIL_UNIT2_BACKROW_MIDDLEFLOOR,Design Size Nominal Capacity [Btu/h],7686.69493
,391,Coil:Cooling:DX:SingleSpeed,DX COOLING COIL_UNIT3_BACKROW_MIDDLEFLOOR,Design Size Rated Air Flow Rate [ft3/min],117.92774
,392,Coil:Cooling:DX:SingleSpeed,DX COOLING COIL_UNIT3_BACKROW_MIDDLEFLOOR,Design Size Gross Rated Total Cooling Capacity [ton],0.26199
,393,Coil:Cooling:DX:SingleSpeed,DX COOLING COIL_UNIT3_BACKROW_MIDDLEFLOOR,Design Size Gross Rated Sensible Heat Ratio,0.80066
,394,AirLoopHVAC:UnitaryHeatCool,ACANDF_UNIT3_BACKROW_MIDDLEFLOOR,Supply Air Flow Rate [ft3/min],117.92774
,395,AirLoopHVAC:UnitaryHeatCool,ACANDF_UNIT3_BACKROW_MIDDLEFLOOR,Supply Air Flow Rate During Heating Operation [ft3/min],117.92774
,396,AirLoopHVAC:UnitaryHeatCool,ACANDF_UNIT3_BACKROW_MIDDLEFLOOR,Supply Air Flow Rate During Cooling Operation [ft3/min],117.92774
,397,AirLoopHVAC:UnitaryHeatCool,ACANDF_UNIT3_BACKROW_MIDDLEFLOOR,Nominal Heating Capacity [Btu/h],10227.34911
,398,AirLoopHVAC:UnitaryHeatCool,ACANDF_UNIT3_BACKROW_MIDDLEFLOOR,Nominal Cooling Capacity [ton],0.26199
,399,AirLoopHVAC:UnitaryHeatCool,ACANDF_UNIT3_BACKROW_MIDDLEFLOOR,Fraction of Supply Air Flow That Goes Through the Controlling Zone,1.00000
,400,Fan:OnOff,SUPPLY FAN_UNIT3_BACKROW_MIDDLEFLOOR,Design Size Maximum Flow Rate [ft3/min],117.92774
,401,Coil:Heating:Electric,MAIN ELECTRIC HEATING COIL_UNIT3_BACKROW_MIDDLEFLOOR,Design Size Nominal Capacity [Btu/h],10227.34911
,402,Coil:Cooling:DX:SingleSpeed,DX COOLING COIL_UNIT1_FRONTROW_TOPFLOOR,Design Size Rated Air Flow Rate [ft3/min],171.51566
,403,Coil:Cooling:DX:SingleSpeed,DX COOLING COIL_UNIT1_FRONTROW_TOPFLOOR,Design Size Gross Rated Total Cooling Capacity [ton],0.38103
,404,Coil:Cooling:DX:SingleSpeed,DX COOLING COIL_UNIT1_FRONTROW_TOPFLOOR,Design Size Gross Rated Sensible Heat Ratio,0.80066
,405,AirLoopHVAC:UnitaryHeatCool,ACANDF_UNIT1_FRONTROW_TOPFLOOR,Supply Air Flow Rate [ft3/min],171.51566
,406,AirLoopHVAC:UnitaryHeatCool,ACANDF_UNIT1_FRONTROW_TOPFLOOR,Supply Air Flow Rate During Heating Operation [ft3/min],171.51566
,407,AirLoopHVAC:UnitaryHeatCool,ACANDF_UNIT1_FRONTROW_TOPFLOOR,Supply Air Flow Rate During Cooling Operation [ft3/min],171.51566
,408,AirLoopHVAC:UnitaryHeatCool,ACANDF_UNIT1_FRONTROW_TOPFLOOR,Nominal Heating Capacity [Btu/h],13116.88371
,409,AirLoopHVAC:UnitaryHeatCool,ACANDF_UNIT1_FRONTROW_TOPFLOOR,Nominal Cooling Capacity [ton],0.38103
,410,AirLoopHVAC:UnitaryHeatCool,ACANDF_UNIT1_FRONTROW_TOPFLOOR,Fraction of Supply Air Flow That Goes Through the Controlling Zone,1.00000
,411,Fan:OnOff,SUPPLY FAN_UNIT1_FRONTROW_TOPFLOOR,Design Size Maximum Flow Rate [ft3/min],171.51566
,412,Coil:Heating:Electric,MAIN ELECTRIC HEATING COIL_UNIT1_FRONTROW_TOPFLOOR,Design Size Nominal Capacity [Btu/h],13116.88371
,413,Coil:Cooling:DX:SingleSpeed,DX COOLING COIL_UNIT2_FRONTROW_TOPFLOOR,Design Size Rated Air Flow Rate [ft3/min],123.84363
,414,Coil:Cooling:DX:SingleSpeed,DX COOLING COIL_UNIT2_FRONTROW_TOPFLOOR,Design Size Gross Rated Total Cooling Capacity [ton],0.27513
,415,Coil:Cooling:DX:SingleSpeed,DX COOLING COIL_UNIT2_FRONTROW_TOPFLOOR,Design Size Gross Rated Sensible Heat Ratio,0.80066
,416,AirLoopHVAC:UnitaryHeatCool,ACANDF_UNIT2_FRONTROW_TOPFLOOR,Supply Air Flow Rate [ft3/min],123.84363
,417,AirLoopHVAC:UnitaryHeatCool,ACANDF_UNIT2_FRONTROW_TOPFLOOR,Supply Air Flow Rate During Heating Operation [ft3/min],123.84363
,418,AirLoopHVAC:UnitaryHeatCool,ACANDF_UNIT2_FRONTROW_TOPFLOOR,Supply Air Flow Rate During Cooling Operation [ft3/min],123.84363
,419,AirLoopHVAC:UnitaryHeatCool,ACANDF_UNIT2_FRONTROW_TOPFLOOR,Nominal Heating Capacity [Btu/h],10546.59303
,420,AirLoopHVAC:UnitaryHeatCool,ACANDF_UNIT2_FRONTROW_TOPFLOOR,Nominal Cooling Capacity [ton],0.27513
,421,AirLoopHVAC:UnitaryHeatCool,ACANDF_UNIT2_FRONTROW_TOPFLOOR,Fraction of Supply Air Flow That Goes Through the Controlling Zone,1.00000
,422,Fan:OnOff,SUPPLY FAN_UNIT2_FRONTROW_TOPFLOOR,Design Size Maximum Flow Rate [ft3/min],123.84363
,423,Coil:Heating:Electric,MAIN ELECTRIC HEATING COIL_UNIT2_FRONTROW_TOPFLOOR,Design Size Nominal Capacity [Btu/h],10546.59303
,424,Coil:Cooling:DX:SingleSpeed,DX COOLING COIL_UNIT3_FRONTROW_TOPFLOOR,Design Size Rated Air Flow Rate [ft3/min],171.14701
,425,Coil:Cooling:DX:SingleSpeed,DX COOLING COIL_UNIT3_FRONTROW_TOPFLOOR,Design Size Gross Rated Total Cooling Capacity [ton],0.38022
,426,Coil:Cooling:DX:SingleSpeed,DX COOLING COIL_UNIT3_FRONTROW_TOPFLOOR,Design Size Gross Rated Sensible Heat Ratio,0.80066
,427,AirLoopHVAC:UnitaryHeatCool,ACANDF_UNIT3_FRONTROW_TOPFLOOR,Supply Air Flow Rate [ft3/min],171.14701
,428,AirLoopHVAC:UnitaryHeatCool,ACANDF_UNIT3_FRONTROW_TOPFLOOR,Supply Air Flow Rate During Heating Operation [ft3/min],171.14701
,429,AirLoopHVAC:UnitaryHeatCool,ACANDF_UNIT3_FRONTROW_TOPFLOOR,Supply Air Flow Rate During Cooling Operation [ft3/min],171.14701
,430,AirLoopHVAC:UnitaryHeatCool,ACANDF_UNIT3_FRONTROW_TOPFLOOR,Nominal Heating Capacity [Btu/h],13097.00782
,431,AirLoopHVAC:UnitaryHeatCool,ACANDF_UNIT3_FRONTROW_TOPFLOOR,Nominal Cooling Capacity [ton],0.38022
,432,AirLoopHVAC:UnitaryHeatCool,ACANDF_UNIT3_FRONTROW_TOPFLOOR,Fraction of Supply Air Flow That Goes Through the Controlling Zone,1.00000
,433,Fan:OnOff,SUPPLY FAN_UNIT3_FRONTROW_TOPFLOOR,Design Size Maximum Flow Rate [ft3/min],171.14701
,434,Coil:Heating:Electric,MAIN ELECTRIC HEATING COIL_UNIT3_FRONTROW_TOPFLOOR,Design Size Nominal Capacity [Btu/h],13097.00782
,435,Coil:Cooling:DX:SingleSpeed,DX COOLING COIL_UNIT1_BACKROW_TOPFLOOR,Design Size Rated Air Flow Rate [ft3/min],171.38896
,436,Coil:Cooling:DX:SingleSpeed,DX COOLING COIL_UNIT1_BACKROW_TOPFLOOR,Design Size Gross Rated Total Cooling Capacity [ton],0.38075
,437,Coil:Cooling:DX:SingleSpeed,DX COOLING COIL_UNIT1_BACKROW_TOPFLOOR,Design Size Gross Rated Sensible Heat Ratio,0.80066
,438,AirLoopHVAC:UnitaryHeatCool,ACANDF_UNIT1_BACKROW_TOPFLOOR,Supply Air Flow Rate [ft3/min],171.38896
,439,AirLoopHVAC:UnitaryHeatCool,ACANDF_UNIT1_BACKROW_TOPFLOOR,Supply Air Flow Rate During Heating Operation [ft3/min],171.38896
,440,AirLoopHVAC:UnitaryHeatCool,ACANDF_UNIT1_BACKROW_TOPFLOOR,Supply Air Flow Rate During Cooling Operation [ft3/min],171.38896
,441,AirLoopHVAC:UnitaryHeatCool,ACANDF_UNIT1_BACKROW_TOPFLOOR,Nominal Heating Capacity [Btu/h],13110.04845
,442,AirLoopHVAC:UnitaryHeatCool,ACANDF_UNIT1_BACKROW_TOPFLOOR,Nominal Cooling Capacity [ton],0.38075
,443,AirLoopHVAC:UnitaryHeatCool,ACANDF_UNIT1_BACKROW_TOPFLOOR,Fraction of Supply Air Flow That Goes Through the Controlling Zone,1.00000
,444,Fan:OnOff,SUPPLY FAN_UNIT1_BACKROW_TOPFLOOR,Design Size Maximum Flow Rate [ft3/min],171.38896
,445,Coil:Heating:Electric,MAIN ELECTRIC HEATING COIL_UNIT1_BACKROW_TOPFLOOR,Design Size Nominal Capacity [Btu/h],13110.04845
,446,Coil:Cooling:DX:SingleSpeed,DX COOLING COIL_UNIT2_BACKROW_TOPFLOOR,Design Size Rated Air Flow Rate [ft3/min],123.68812
,447,Coil:Cooling:DX:SingleSpeed,DX COOLING COIL_UNIT2_BACKROW_TOPFLOOR,Design Size Gross Rated Total Cooling Capacity [ton],0.27478
,448,Coil:Cooling:DX:SingleSpeed,DX COOLING COIL_UNIT2_BACKROW_TOPFLOOR,Design Size Gross Rated Sensible Heat Ratio,0.80066
,449,AirLoopHVAC:UnitaryHeatCool,ACANDF_UNIT2_BACKROW_TOPFLOOR,Supply Air Flow Rate [ft3/min],123.68812
,450,AirLoopHVAC:UnitaryHeatCool,ACANDF_UNIT2_BACKROW_TOPFLOOR,Supply Air Flow Rate During Heating Operation [ft3/min],123.68812
,451,AirLoopHVAC:UnitaryHeatCool,ACANDF_UNIT2_BACKROW_TOPFLOOR,Supply Air Flow Rate During Cooling Operation [ft3/min],123.68812
,452,AirLoopHVAC:UnitaryHeatCool,ACANDF_UNIT2_BACKROW_TOPFLOOR,Nominal Heating Capacity [Btu/h],10538.21462
,453,AirLoopHVAC:UnitaryHeatCool,ACANDF_UNIT2_BACKROW_TOPFLOOR,Nominal Cooling Capacity [ton],0.27478
,454,AirLoopHVAC:UnitaryHeatCool,ACANDF_UNIT2_BACKROW_TOPFLOOR,Fraction of Supply Air Flow That Goes Through the Controlling Zone,1.00000
,455,Fan:OnOff,SUPPLY FAN_UNIT2_BACKROW_TOPFLOOR,Design Size Maximum Flow Rate [ft3/min],123.68812
,456,Coil:Heating:Electric,MAIN ELECTRIC HEATING COIL_UNIT2_BACKROW_TOPFLOOR,Design Size Nominal Capacity [Btu/h],10538.21462
,457,Coil:Cooling:DX:SingleSpeed,DX COOLING COIL_UNIT3_BACKROW_TOPFLOOR,Design Size Rated Air Flow Rate [ft3/min],170.96036
,458,Coil:Cooling:DX:SingleSpeed,DX COOLING COIL_UNIT3_BACKROW_TOPFLOOR,Design Size Gross Rated Total Cooling Capacity [ton],0.37980
,459,Coil:Cooling:DX:SingleSpeed,DX COOLING COIL_UNIT3_BACKROW_TOPFLOOR,Design Size Gross Rated Sensible Heat Ratio,0.80066
,460,AirLoopHVAC:UnitaryHeatCool,ACANDF_UNIT3_BACKROW_TOPFLOOR,Supply Air Flow Rate [ft3/min],170.96036
,461,AirLoopHVAC:UnitaryHeatCool,ACANDF_UNIT3_BACKROW_TOPFLOOR,Supply Air Flow Rate During Heating Operation [ft3/min],170.96036
,462,AirLoopHVAC:UnitaryHeatCool,ACANDF_UNIT3_BACKROW_TOPFLOOR,Supply Air Flow Rate During Cooling Operation [ft3/min],170.96036
,463,AirLoopHVAC:UnitaryHeatCool,ACANDF_UNIT3_BACKROW_TOPFLOOR,Nominal Heating Capacity [Btu/h],13086.94416
,464,AirLoopHVAC:UnitaryHeatCool,ACANDF_UNIT3_BACKROW_TOPFLOOR,Nominal Cooling Capacity [ton],0.37980
,465,AirLoopHVAC:UnitaryHeatCool,ACANDF_UNIT3_BACKROW_TOPFLOOR,Fraction of Supply Air Flow That Goes Through the Controlling Zone,1.00000
,466,Fan:OnOff,SUPPLY FAN_UNIT3_BACKROW_TOPFLOOR,Design Size Maximum Flow Rate [ft3/min],170.96036
,467,Coil:Heating:Electric,MAIN ELECTRIC HEATING COIL_UNIT3_BACKROW_TOPFLOOR,Design Size Nominal Capacity [Btu/h],13086.94416
,468,Fan:OnOff,HEAT PUMP WATER HEATER FAN_UNIT1_FRONTROW_BOTTOMFLOOR,Design Size Maximum Flow Rate [ft3/min],160.01057
,469,WaterHeater:HeatPump:WrappedCondenser,WATER HEATER_UNIT1_FRONTROW_BOTTOMFLOOR,Evaporator air flow rate [ft3/min],160.01057
,470,Fan:OnOff,HEAT PUMP WATER HEATER FAN_UNIT2_FRONTROW_BOTTOMFLOOR,Design Size Maximum Flow Rate [ft3/min],160.01057
,471,WaterHeater:HeatPump:WrappedCondenser,WATER HEATER_UNIT2_FRONTROW_BOTTOMFLOOR,Evaporator air flow rate [ft3/min],160.01057
,472,Fan:OnOff,HEAT PUMP WATER HEATER FAN_UNIT3_FRONTROW_BOTTOMFLOOR,Design Size Maximum Flow Rate [ft3/min],160.01057
,473,WaterHeater:HeatPump:WrappedCondenser,WATER HEATER_UNIT3_FRONTROW_BOTTOMFLOOR,Evaporator air flow rate [ft3/min],160.01057
,474,Fan:OnOff,HEAT PUMP WATER HEATER FAN_UNIT1_BACKROW_BOTTOMFLOOR,Design Size Maximum Flow Rate [ft3/min],160.01057
,475,WaterHeater:HeatPump:WrappedCondenser,WATER HEATER_UNIT1_BACKROW_BOTTOMFLOOR,Evaporator air flow rate [ft3/min],160.01057
,476,Fan:OnOff,HEAT PUMP WATER HEATER FAN_UNIT2_BACKROW_BOTTOMFLOOR,Design Size Maximum Flow Rate [ft3/min],160.01057
,477,WaterHeater:HeatPump:WrappedCondenser,WATER HEATER_UNIT2_BACKROW_BOTTOMFLOOR,Evaporator air flow rate [ft3/min],160.01057
,478,Fan:OnOff,HEAT PUMP WATER HEATER FAN_UNIT3_BACKROW_BOTTOMFLOOR,Design Size Maximum Flow Rate [ft3/min],160.01057
,479,WaterHeater:HeatPump:WrappedCondenser,WATER HEATER_UNIT3_BACKROW_BOTTOMFLOOR,Evaporator air flow rate [ft3/min],160.01057
,480,Fan:OnOff,HEAT PUMP WATER HEATER FAN_UNIT1_FRONTROW_MIDDLEFLOOR,Design Size Maximum Flow Rate [ft3/min],160.01057
,481,WaterHeater:HeatPump:WrappedCondenser,WATER HEATER_UNIT1_FRONTROW_MIDDLEFLOOR,Evaporator air flow rate [ft3/min],160.01057
,482,Fan:OnOff,HEAT PUMP WATER HEATER FAN_UNIT2_FRONTROW_MIDDLEFLOOR,Design Size Maximum Flow Rate [ft3/min],160.01057
,483,WaterHeater:HeatPump:WrappedCondenser,WATER HEATER_UNIT2_FRONTROW_MIDDLEFLOOR,Evaporator air flow rate [ft3/min],160.01057
,484,Fan:OnOff,HEAT PUMP WATER HEATER FAN_UNIT3_FRONTROW_MIDDLEFLOOR,Design Size Maximum Flow Rate [ft3/min],160.01057
,485,WaterHeater:HeatPump:WrappedCondenser,WATER HEATER_UNIT3_FRONTROW_MIDDLEFLOOR,Evaporator air flow rate [ft3/min],160.01057
,486,Fan:OnOff,HEAT PUMP WATER HEATER FAN_UNIT1_BACKROW_MIDDLEFLOOR,Design Size Maximum Flow Rate [ft3/min],160.01057
,487,WaterHeater:HeatPump:WrappedCondenser,WATER HEATER_UNIT1_BACKROW_MIDDLEFLOOR,Evaporator air flow rate [ft3/min],160.01057
,488,Fan:OnOff,HEAT PUMP WATER HEATER FAN_UNIT2_BACKROW_MIDDLEFLOOR,Design Size Maximum Flow Rate [ft3/min],160.01057
,489,WaterHeater:HeatPump:WrappedCondenser,WATER HEATER_UNIT2_BACKROW_MIDDLEFLOOR,Evaporator air flow rate [ft3/min],160.01057
,490,Fan:OnOff,HEAT PUMP WATER HEATER FAN_UNIT3_BACKROW_MIDDLEFLOOR,Design Size Maximum Flow Rate [ft3/min],160.01057
,491,WaterHeater:HeatPump:WrappedCondenser,WATER HEATER_UNIT3_BACKROW_MIDDLEFLOOR,Evaporator air flow rate [ft3/min],160.01057
,492,Fan:OnOff,HEAT PUMP WATER HEATER FAN_UNIT1_FRONTROW_TOPFLOOR,Design Size Maximum Flow Rate [ft3/min],160.01057
,493,WaterHeater:HeatPump:WrappedCondenser,WATER HEATER_UNIT1_FRONTROW_TOPFLOOR,Evaporator air flow rate [ft3/min],160.01057
,494,Fan:OnOff,HEAT PUMP WATER HEATER FAN_UNIT2_FRONTROW_TOPFLOOR,Design Size Maximum Flow Rate [ft3/min],160.01057
,495,WaterHeater:HeatPump:WrappedCondenser,WATER HEATER_UNIT2_FRONTROW_TOPFLOOR,Evaporator air flow rate [ft3/min],160.01057
,496,Fan:OnOff,HEAT PUMP WATER HEATER FAN_UNIT3_FRONTROW_TOPFLOOR,Design Size Maximum Flow Rate [ft3/min],160.01057
,497,WaterHeater:HeatPump:WrappedCondenser,WATER HEATER_UNIT3_FRONTROW_TOPFLOOR,Evaporator air flow rate [ft3/min],160.01057
,498,Fan:OnOff,HEAT PUMP WATER HEATER FAN_UNIT1_BACKROW_TOPFLOOR,Design Size Maximum Flow Rate [ft3/min],160.01057
,499,WaterHeater:HeatPump:WrappedCondenser,WATER HEATER_UNIT1_BACKROW_TOPFLOOR,Evaporator air flow rate [ft3/min],160.01057
,500,Fan:OnOff,HEAT PUMP WATER HEATER FAN_UNIT2_BACKROW_TOPFLOOR,Design Size Maximum Flow Rate [ft3/min],160.01057
,501,WaterHeater:HeatPump:WrappedCondenser,WATER HEATER_UNIT2_BACKROW_TOPFLOOR,Evaporator air flow rate [ft3/min],160.01057
,502,Fan:OnOff,HEAT PUMP WATER HEATER FAN_UNIT3_BACKROW_TOPFLOOR,Design Size Maximum Flow Rate [ft3/min],160.01057
,503,WaterHeater:HeatPump:WrappedCondenser,WATER HEATER_UNIT3_BACKROW_TOPFLOOR,Evaporator air flow rate [ft3/min],160.01057
,504,PlantLoop,DHW LOOP_UNIT1_FRONTROW_BOTTOMFLOOR,Maximum Loop Flow Rate [ft3/min],1.04461
,505,PlantLoop,DHW LOOP_UNIT1_FRONTROW_BOTTOMFLOOR,Plant Loop Volume [ft3],2.08975
,506,Pump:VariableSpeed,MAINS PRESSURE_UNIT1_FRONTROW_BOTTOMFLOOR,Design Flow Rate [ft3/min],1.04461
,507,WaterHeater:Stratified,WATER HEATER_TANK_UNIT1_FRONTROW_BOTTOMFLOOR,Maximum Heater Capacity [Btu/h],15354.00000
,508,WaterHeater:Stratified,WATER HEATER_TANK_UNIT1_FRONTROW_BOTTOMFLOOR,Use Side Design Flow Rate [ft3/min],1.04461
,509,PlantLoop,DHW LOOP_UNIT2_FRONTROW_BOTTOMFLOOR,Maximum Loop Flow Rate [ft3/min],1.04461
,510,PlantLoop,DHW LOOP_UNIT2_FRONTROW_BOTTOMFLOOR,Plant Loop Volume [ft3],2.08975
,511,Pump:VariableSpeed,MAINS PRESSURE_UNIT2_FRONTROW_BOTTOMFLOOR,Design Flow Rate [ft3/min],1.04461
,512,WaterHeater:Stratified,WATER HEATER_TANK_UNIT2_FRONTROW_BOTTOMFLOOR,Maximum Heater Capacity [Btu/h],15354.00000
,513,WaterHeater:Stratified,WATER HEATER_TANK_UNIT2_FRONTROW_BOTTOMFLOOR,Use Side Design Flow Rate [ft3/min],1.04461
,514,PlantLoop,DHW LOOP_UNIT3_FRONTROW_BOTTOMFLOOR,Maximum Loop Flow Rate [ft3/min],1.04461
,515,PlantLoop,DHW LOOP_UNIT3_FRONTROW_BOTTOMFLOOR,Plant Loop Volume [ft3],2.08975
,516,Pump:VariableSpeed,MAINS PRESSURE_UNIT3_FRONTROW_BOTTOMFLOOR,Design Flow Rate [ft3/min],1.04461
,517,WaterHeater:Stratified,WATER HEATER_TANK_UNIT3_FRONTROW_BOTTOMFLOOR,Maximum Heater Capacity [Btu/h],15354.00000
,518,WaterHeater:Stratified,WATER HEATER_TANK_UNIT3_FRONTROW_BOTTOMFLOOR,Use Side Design Flow Rate [ft3/min],1.04461
,519,PlantLoop,DHW LOOP_UNIT1_BACKROW_BOTTOMFLOOR,Maximum Loop Flow Rate [ft3/min],1.04461
,520,PlantLoop,DHW LOOP_UNIT1_BACKROW_BOTTOMFLOOR,Plant Loop Volume [ft3],2.08975
,521,Pump:VariableSpeed,MAINS PRESSURE_UNIT1_BACKROW_BOTTOMFLOOR,Design Flow Rate [ft3/min],1.04461
,522,WaterHeater:Stratified,WATER HEATER_TANK_UNIT1_BACKROW_BOTTOMFLOOR,Maximum Heater Capacity [Btu/h],15354.00000
,523,WaterHeater:Stratified,WATER HEATER_TANK_UNIT1_BACKROW_BOTTOMFLOOR,Use Side Design Flow Rate [ft3/min],1.04461
,524,PlantLoop,DHW LOOP_UNIT2_BACKROW_BOTTOMFLOOR,Maximum Loop Flow Rate [ft3/min],1.04461
,525,PlantLoop,DHW LOOP_UNIT2_BACKROW_BOTTOMFLOOR,Plant Loop Volume [ft3],2.08975
,526,Pump:VariableSpeed,MAINS PRESSURE_UNIT2_BACKROW_BOTTOMFLOOR,Design Flow Rate [ft3/min],1.04461
,527,WaterHeater:Stratified,WATER HEATER_TANK_UNIT2_BACKROW_BOTTOMFLOOR,Maximum Heater Capacity [Btu/h],15354.00000
,528,WaterHeater:Stratified,WATER HEATER_TANK_UNIT2_BACKROW_BOTTOMFLOOR,Use Side Design Flow Rate [ft3/min],1.04461
,529,PlantLoop,DHW LOOP_UNIT3_BACKROW_BOTTOMFLOOR,Maximum Loop Flow Rate [ft3/min],1.04461
,530,PlantLoop,DHW LOOP_UNIT3_BACKROW_BOTTOMFLOOR,Plant Loop Volume [ft3],2.08975
,531,Pump:VariableSpeed,MAINS PRESSURE_UNIT3_BACKROW_BOTTOMFLOOR,Design Flow Rate [ft3/min],1.04461
,532,WaterHeater:Stratified,WATER HEATER_TANK_UNIT3_BACKROW_BOTTOMFLOOR,Maximum Heater Capacity [Btu/h],15354.00000
,533,WaterHeater:Stratified,WATER HEATER_TANK_UNIT3_BACKROW_BOTTOMFLOOR,Use Side Design Flow Rate [ft3/min],1.04461
,534,PlantLoop,DHW LOOP_UNIT1_FRONTROW_MIDDLEFLOOR,Maximum Loop Flow Rate [ft3/min],1.04461
,535,PlantLoop,DHW LOOP_UNIT1_FRONTROW_MIDDLEFLOOR,Plant Loop Volume [ft3],2.08975
,536,Pump:VariableSpeed,MAINS PRESSURE_UNIT1_FRONTROW_MIDDLEFLOOR,Design Flow Rate [ft3/min],1.04461
,537,WaterHeater:Stratified,WATER HEATER_TANK_UNIT1_FRONTROW_MIDDLEFLOOR,Maximum Heater Capacity [Btu/h],15354.00000
,538,WaterHeater:Stratified,WATER HEATER_TANK_UNIT1_FRONTROW_MIDDLEFLOOR,Use Side Design Flow Rate [ft3/min],1.04461
,539,PlantLoop,DHW LOOP_UNIT2_FRONTROW_MIDDLEFLOOR,Maximum Loop Flow Rate [ft3/min],1.04461
,540,PlantLoop,DHW LOOP_UNIT2_FRONTROW_MIDDLEFLOOR,Plant Loop Volume [ft3],2.08975
,541,Pump:VariableSpeed,MAINS PRESSURE_UNIT2_FRONTROW_MIDDLEFLOOR,Design Flow Rate [ft3/min],1.04461
,542,WaterHeater:Stratified,WATER HEATER_TANK_UNIT2_FRONTROW_MIDDLEFLOOR,Maximum Heater Capacity [Btu/h],15354.00000
,543,WaterHeater:Stratified,WATER HEATER_TANK_UNIT2_FRONTROW_MIDDLEFLOOR,Use Side Design Flow Rate [ft3/min],1.04461
,544,PlantLoop,DHW LOOP_UNIT3_FRONTROW_MIDDLEFLOOR,Maximum Loop Flow Rate [ft3/min],1.04461
,545,PlantLoop,DHW LOOP_UNIT3_FRONTROW_MIDDLEFLOOR,Plant Loop Volume [ft3],2.08975
,546,Pump:VariableSpeed,MAINS PRESSURE_UNIT3_FRONTROW_MIDDLEFLOOR,Design Flow Rate [ft3/min],1.04461
,547,WaterHeater:Stratified,WATER HEATER_TANK_UNIT3_FRONTROW_MIDDLEFLOOR,Maximum Heater Capacity [Btu/h],15354.00000
,548,WaterHeater:Stratified,WATER HEATER_TANK_UNIT3_FRONTROW_MIDDLEFLOOR,Use Side Design Flow Rate [ft3/min],1.04461
,549,PlantLoop,DHW LOOP_UNIT1_BACKROW_MIDDLEFLOOR,Maximum Loop Flow Rate [ft3/min],1.04461
,550,PlantLoop,DHW LOOP_UNIT1_BACKROW_MIDDLEFLOOR,Plant Loop Volume [ft3],2.08975
,551,Pump:VariableSpeed,MAINS PRESSURE_UNIT1_BACKROW_MIDDLEFLOOR,Design Flow Rate [ft3/min],1.04461
,552,WaterHeater:Stratified,WATER HEATER_TANK_UNIT1_BACKROW_MIDDLEFLOOR,Maximum Heater Capacity [Btu/h],15354.00000
,553,WaterHeater:Stratified,WATER HEATER_TANK_UNIT1_BACKROW_MIDDLEFLOOR,Use Side Design Flow Rate [ft3/min],1.04461
,554,PlantLoop,DHW LOOP_UNIT2_BACKROW_MIDDLEFLOOR,Maximum Loop Flow Rate [ft3/min],1.04461
,555,PlantLoop,DHW LOOP_UNIT2_BACKROW_MIDDLEFLOOR,Plant Loop Volume [ft3],2.08975
,556,Pump:VariableSpeed,MAINS PRESSURE_UNIT2_BACKROW_MIDDLEFLOOR,Design Flow Rate [ft3/min],1.04461
,557,WaterHeater:Stratified,WATER HEATER_TANK_UNIT2_BACKROW_MIDDLEFLOOR,Maximum Heater Capacity [Btu/h],15354.00000
,558,WaterHeater:Stratified,WATER HEATER_TANK_UNIT2_BACKROW_MIDDLEFLOOR,Use Side Design Flow Rate [ft3/min],1.04461
,559,PlantLoop,DHW LOOP_UNIT3_BACKROW_MIDDLEFLOOR,Maximum Loop Flow Rate [ft3/min],1.04461
,560,PlantLoop,DHW LOOP_UNIT3_BACKROW_MIDDLEFLOOR,Plant Loop Volume [ft3],2.08975
,561,Pump:VariableSpeed,MAINS PRESSURE_UNIT3_BACKROW_MIDDLEFLOOR,Design Flow Rate [ft3/min],1.04461
,562,WaterHeater:Stratified,WATER HEATER_TANK_UNIT3_BACKROW_MIDDLEFLOOR,Maximum Heater Capacity [Btu/h],15354.00000
,563,WaterHeater:Stratified,WATER HEATER_TANK_UNIT3_BACKROW_MIDDLEFLOOR,Use Side Design Flow Rate [ft3/min],1.04461
,564,PlantLoop,DHW LOOP_UNIT1_FRONTROW_TOPFLOOR,Maximum Loop Flow Rate [ft3/min],1.04461
,565,PlantLoop,DHW LOOP_UNIT1_FRONTROW_TOPFLOOR,Plant Loop Volume [ft3],2.08975
,566,Pump:VariableSpeed,MAINS PRESSURE_UNIT1_FRONTROW_TOPFLOOR,Design Flow Rate [ft3/min],1.04461
,567,WaterHeater:Stratified,WATER HEATER_TANK_UNIT1_FRONTROW_TOPFLOOR,Maximum Heater Capacity [Btu/h],15354.00000
,568,WaterHeater:Stratified,WATER HEATER_TANK_UNIT1_FRONTROW_TOPFLOOR,Use Side Design Flow Rate [ft3/min],1.04461
,569,PlantLoop,DHW LOOP_UNIT2_FRONTROW_TOPFLOOR,Maximum Loop Flow Rate [ft3/min],1.04461
,570,PlantLoop,DHW LOOP_UNIT2_FRONTROW_TOPFLOOR,Plant Loop Volume [ft3],2.08975
,571,Pump:VariableSpeed,MAINS PRESSURE_UNIT2_FRONTROW_TOPFLOOR,Design Flow Rate [ft3/min],1.04461
,572,WaterHeater:Stratified,WATER HEATER_TANK_UNIT2_FRONTROW_TOPFLOOR,Maximum Heater Capacity [Btu/h],15354.00000
,573,WaterHeater:Stratified,WATER HEATER_TANK_UNIT2_FRONTROW_TOPFLOOR,Use Side Design Flow Rate [ft3/min],1.04461
,574,PlantLoop,DHW LOOP_UNIT3_FRONTROW_TOPFLOOR,Maximum Loop Flow Rate [ft3/min],1.04461
,575,PlantLoop,DHW LOOP_UNIT3_FRONTROW_TOPFLOOR,Plant Loop Volume [ft3],2.08975
,576,Pump:VariableSpeed,MAINS PRESSURE_UNIT3_FRONTROW_TOPFLOOR,Design Flow Rate [ft3/min],1.04461
,577,WaterHeater:Stratified,WATER HEATER_TANK_UNIT3_FRONTROW_TOPFLOOR,Maximum Heater Capacity [Btu/h],15354.00000
,578,WaterHeater:Stratified,WATER HEATER_TANK_UNIT3_FRONTROW_TOPFLOOR,Use Side Design Flow Rate [ft3/min],1.04461
,579,PlantLoop,DHW LOOP_UNIT1_BACKROW_TOPFLOOR,Maximum Loop Flow Rate [ft3/min],1.04461
,580,PlantLoop,DHW LOOP_UNIT1_BACKROW_TOPFLOOR,Plant Loop Volume [ft3],2.08975
,581,Pump:VariableSpeed,MAINS PRESSURE_UNIT1_BACKROW_TOPFLOOR,Design Flow Rate [ft3/min],1.04461
,582,WaterHeater:Stratified,WATER HEATER_TANK_UNIT1_BACKROW_TOPFLOOR,Maximum Heater Capacity [Btu/h],15354.00000
,583,WaterHeater:Stratified,WATER HEATER_TANK_UNIT1_BACKROW_TOPFLOOR,Use Side Design Flow Rate [ft3/min],1.04461
,584,PlantLoop,DHW LOOP_UNIT2_BACKROW_TOPFLOOR,Maximum Loop Flow Rate [ft3/min],1.04461
,585,PlantLoop,DHW LOOP_UNIT2_BACKROW_TOPFLOOR,Plant Loop Volume [ft3],2.08975
,586,Pump:VariableSpeed,MAINS PRESSURE_UNIT2_BACKROW_TOPFLOOR,Design Flow Rate [ft3/min],1.04461
,587,WaterHeater:Stratified,WATER HEATER_TANK_UNIT2_BACKROW_TOPFLOOR,Maximum Heater Capacity [Btu/h],15354.00000
,588,WaterHeater:Stratified,WATER HEATER_TANK_UNIT2_BACKROW_TOPFLOOR,Use Side Design Flow Rate [ft3/min],1.04461
,589,PlantLoop,DHW LOOP_UNIT3_BACKROW_TOPFLOOR,Maximum Loop Flow Rate [ft3/min],1.04461
,590,PlantLoop,DHW LOOP_UNIT3_BACKROW_TOPFLOOR,Plant Loop Volume [ft3],2.08975
,591,Pump:VariableSpeed,MAINS PRESSURE_UNIT3_BACKROW_TOPFLOOR,Design Flow Rate [ft3/min],1.04461
,592,WaterHeater:Stratified,WATER HEATER_TANK_UNIT3_BACKROW_TOPFLOOR,Maximum Heater Capacity [Btu/h],15354.00000
,593,WaterHeater:Stratified,WATER HEATER_TANK_UNIT3_BACKROW_TOPFLOOR,Use Side Design Flow Rate [ft3/min],1.04461


DX Cooling Coil Standard Rating Information

,,Component Type,Component Name,Standard Rating (Net) Cooling Capacity {ton},Standard Rated Net COP {Btuh/Btuh},EER {Btu/W-h},SEER User {Btu/W-h},SEER Standard {Btu/W-h},IEER {Btu/W-h}
,1,Coil:Cooling:DX:SingleSpeed,DX COOLING COIL_UNIT1_FRONTROW_BOTTOMFLOOR,0.4,3.19,10.89,11.54,11.09,11.07
,2,Coil:Cooling:DX:SingleSpeed,DX COOLING COIL_UNIT2_FRONTROW_BOTTOMFLOOR,0.3,3.19,10.89,11.54,11.09,11.07
,3,Coil:Cooling:DX:SingleSpeed,DX COOLING COIL_UNIT3_FRONTROW_BOTTOMFLOOR,0.4,3.19,10.89,11.54,11.09,11.07
,4,Coil:Cooling:DX:SingleSpeed,DX COOLING COIL_UNIT1_BACKROW_BOTTOMFLOOR,0.4,3.19,10.89,11.54,11.09,11.07
,5,Coil:Cooling:DX:SingleSpeed,DX COOLING COIL_UNIT2_BACKROW_BOTTOMFLOOR,0.3,3.19,10.89,11.54,11.09,11.07
,6,Coil:Cooling:DX:SingleSpeed,DX COOLING COIL_UNIT3_BACKROW_BOTTOMFLOOR,0.4,3.19,10.89,11.54,11.09,11.07
,7,Coil:Cooling:DX:SingleSpeed,DX COOLING COIL_UNIT1_FRONTROW_MIDDLEFLOOR,0.3,3.19,10.89,11.54,11.09,11.07
,8,Coil:Cooling:DX:SingleSpeed,DX COOLING COIL_UNIT2_FRONTROW_MIDDLEFLOOR,0.2,3.19,10.89,11.54,11.09,11.07
,9,Coil:Cooling:DX:SingleSpeed,DX COOLING COIL_UNIT3_FRONTROW_MIDDLEFLOOR,0.2,3.19,10.89,11.54,11.09,11.07
,10,Coil:Cooling:DX:SingleSpeed,DX COOLING COIL_UNIT1_BACKROW_MIDDLEFLOOR,0.3,3.19,10.89,11.54,11.09,11.07
,11,Coil:Cooling:DX:SingleSpeed,DX COOLING COIL_UNIT2_BACKROW_MIDDLEFLOOR,0.1,3.19,10.89,11.54,11.09,11.07
,12,Coil:Cooling:DX:SingleSpeed,DX COOLING COIL_UNIT3_BACKROW_MIDDLEFLOOR,0.2,3.19,10.89,11.54,11.09,11.07
,13,Coil:Cooling:DX:SingleSpeed,DX COOLING COIL_UNIT1_FRONTROW_TOPFLOOR,0.4,3.19,10.89,11.54,11.09,11.07
,14,Coil:Cooling:DX:SingleSpeed,DX COOLING COIL_UNIT2_FRONTROW_TOPFLOOR,0.3,3.19,10.89,11.54,11.09,11.07
,15,Coil:Cooling:DX:SingleSpeed,DX COOLING COIL_UNIT3_FRONTROW_TOPFLOOR,0.4,3.19,10.89,11.54,11.09,11.07
,16,Coil:Cooling:DX:SingleSpeed,DX COOLING COIL_UNIT1_BACKROW_TOPFLOOR,0.4,3.19,10.89,11.54,11.09,11.07
,17,Coil:Cooling:DX:SingleSpeed,DX COOLING COIL_UNIT2_BACKROW_TOPFLOOR,0.3,3.19,10.89,11.54,11.09,11.07
,18,Coil:Cooling:DX:SingleSpeed,DX COOLING COIL_UNIT3_BACKROW_TOPFLOOR,0.4,3.19,10.89,11.54,11.09,11.07


Environment

,,Environment Name,Environment Type,Start Date,End Date,Start DayOfWeek,Duration {#days},Source:Start DayOfWeek,Use Daylight Saving,Use Holidays,Apply Weekend Holiday Rule,Use Rain Values,Use Snow Values,Sky Temperature Model
,1,MONTREAL-TRUDEAU.INTL.AP ANN HUM_N 99.6% CONDNS DP=>MCDB,SizingPeriod:DesignDay,01/21,01/21,WinterDesignDay,1,N/A,N/A,N/A,N/A,N/A,N/A,Clark and Allen
,2,WINTER,WeatherFileRunPeriod,01/01/2017,03/31/2017,Sunday,90,Use RunPeriod Specified Day,Yes,Yes,No,Yes,Yes,Clark and Allen


Environment:Daylight Saving

,,Daylight Saving Indicator,Source,Start Date,End Date
,1,No,SizingPeriod:DesignDay,,
,2,No,,,


Environment:WarmupDays

,,NumberofWarmupDays
,1,9
,2,7


Environment:Design Day Data

,,Max Dry-Bulb Temp {F},Temp Range {dC},Temp Range Ind Type,Hum Ind Type,Hum Ind Value at Max Temp,Hum Ind Units,Pressure {psi},Wind Direction {deg CW from N},Wind Speed {ft/min},Clearness,Rain,Snow
,1,-7.8,0.00,DefaultMultipliers,Dewpoint,-29.50,{C},15.,260,846.5,0.00,No,No


Environment:Design Day Misc

,,DayOfYear,ASHRAE A Coeff,ASHRAE B Coeff,ASHRAE C Coeff,Solar Constant-Annual Variation,Eq of Time {minutes},Solar Declination Angle {deg},Solar Model
,1,21,1229.0,0.1415,5.7310E-002,1.0,-11.15,-20.,ASHRAEClearSky


Warmup Convergence Information

,,Zone Name,Environment Type/Name,Average Warmup Temperature Difference {deltaF},Std Dev Warmup Temperature Difference {deltaF},Max Temperature Pass/Fail Convergence,Min Temperature Pass/Fail Convergence,Average Warmup Load Difference {Btu/h},Std Dev Warmup Load Difference {Btu/h},Heating Load Pass/Fail Convergence,Cooling Load Pass/Fail Convergence
,1,CRAWLSPACE,SizingPeriod: MONTREAL-TRUDEAU.INTL.AP ANN HUM_N 99.6% CONDNS DP=>MCDB,0.000107842,0.000095496,Pass,Pass,0.000000000,0.000000000,Pass,Pass
,2,BREEZEWAY,SizingPeriod: MONTREAL-TRUDEAU.INTL.AP ANN HUM_N 99.6% CONDNS DP=>MCDB,0.001533758,0.000281464,Pass,Pass,0.000000000,0.000000000,Pass,Pass
,3,LIVING_UNIT1_FRONTROW_BOTTOMFLOOR,SizingPeriod: MONTREAL-TRUDEAU.INTL.AP ANN HUM_N 99.6% CONDNS DP=>MCDB,0.000000000,0.000000000,Pass,Pass,0.013279912,0.021948302,Pass,Pass
,4,LIVING_UNIT2_FRONTROW_BOTTOMFLOOR,SizingPeriod: MONTREAL-TRUDEAU.INTL.AP ANN HUM_N 99.6% CONDNS DP=>MCDB,0.000000000,0.000000000,Pass,Pass,0.018653260,0.030792997,Pass,Pass
,5,LIVING_UNIT3_FRONTROW_BOTTOMFLOOR,SizingPeriod: MONTREAL-TRUDEAU.INTL.AP ANN HUM_N 99.6% CONDNS DP=>MCDB,0.000000000,0.000000000,Pass,Pass,0.013296113,0.021974873,Pass,Pass
,6,LIVING_UNIT1_BACKROW_BOTTOMFLOOR,SizingPeriod: MONTREAL-TRUDEAU.INTL.AP ANN HUM_N 99.6% CONDNS DP=>MCDB,0.000000000,0.000000000,Pass,Pass,0.013282282,0.021951978,Pass,Pass
,7,LIVING_UNIT2_BACKROW_BOTTOMFLOOR,SizingPeriod: MONTREAL-TRUDEAU.INTL.AP ANN HUM_N 99.6% CONDNS DP=>MCDB,0.000000000,0.000000000,Pass,Pass,0.018664825,0.030811901,Pass,Pass
,8,LIVING_UNIT3_BACKROW_BOTTOMFLOOR,SizingPeriod: MONTREAL-TRUDEAU.INTL.AP ANN HUM_N 99.6% CONDNS DP=>MCDB,0.000000000,0.000000000,Pass,Pass,0.013305878,0.021990877,Pass,Pass
,9,LIVING_UNIT1_FRONTROW_MIDDLEFLOOR,SizingPeriod: MONTREAL-TRUDEAU.INTL.AP ANN HUM_N 99.6% CONDNS DP=>MCDB,0.000000000,0.000000000,Pass,Pass,0.018459164,0.030155169,Pass,Pass
,10,LIVING_UNIT2_FRONTROW_MIDDLEFLOOR,SizingPeriod: MONTREAL-TRUDEAU.INTL.AP ANN HUM_N 99.6% CONDNS DP=>MCDB,0.000000000,0.000000000,Pass,Pass,0.031790380,0.052417295,Pass,Pass
,11,LIVING_UNIT3_FRONTROW_MIDDLEFLOOR,SizingPeriod: MONTREAL-TRUDEAU.INTL.AP ANN HUM_N 99.6% CONDNS DP=>MCDB,0.000000000,0.000000000,Pass,Pass,0.018510046,0.030238955,Pass,Pass
,12,LIVING_UNIT1_BACKROW_MIDDLEFLOOR,SizingPeriod: MONTREAL-TRUDEAU.INTL.AP ANN HUM_N 99.6% CONDNS DP=>MCDB,0.000000000,0.000000000,Pass,Pass,0.018469366,0.030171244,Pass,Pass
,13,LIVING_UNIT2_BACKROW_MIDDLEFLOOR,SizingPeriod: MONTREAL-TRUDEAU.INTL.AP ANN HUM_N 99.6% CONDNS DP=>MCDB,0.000000000,0.000000000,Pass,Pass,0.031836878,0.052500103,Pass,Pass
,14,LIVING_UNIT3_BACKROW_MIDDLEFLOOR,SizingPeriod: MONTREAL-TRUDEAU.INTL.AP ANN HUM_N 99.6% CONDNS DP=>MCDB,0.000000000,0.000000000,Pass,Pass,0.018533863,0.030277751,Pass,Pass
,15,ATTIC,SizingPeriod: MONTREAL-TRUDEAU.INTL.AP ANN HUM_N 99.6% CONDNS DP=>MCDB,0.000042168,0.000030136,Pass,Pass,0.000000000,0.000000000,Pass,Pass
,16,LIVING_UNIT3_BACKROW_TOPFLOOR,SizingPeriod: MONTREAL-TRUDEAU.INTL.AP ANN HUM_N 99.6% CONDNS DP=>MCDB,0.000000000,0.000000000,Pass,Pass,0.012711176,0.019860497,Pass,Pass
,17,LIVING_UNIT3_FRONTROW_TOPFLOOR,SizingPeriod: MONTREAL-TRUDEAU.INTL.AP ANN HUM_N 99.6% CONDNS DP=>MCDB,0.000000000,0.000000000,Pass,Pass,0.012696070,0.019836911,Pass,Pass
,18,LIVING_UNIT1_FRONTROW_TOPFLOOR,SizingPeriod: MONTREAL-TRUDEAU.INTL.AP ANN HUM_N 99.6% CONDNS DP=>MCDB,0.000000000,0.000000000,Pass,Pass,0.012667014,0.019791402,Pass,Pass
,19,LIVING_UNIT2_BACKROW_TOPFLOOR,SizingPeriod: MONTREAL-TRUDEAU.INTL.AP ANN HUM_N 99.6% CONDNS DP=>MCDB,0.000000000,0.000000000,Pass,Pass,0.017650678,0.027614807,Pass,Pass
,20,LIVING_UNIT2_FRONTROW_TOPFLOOR,SizingPeriod: MONTREAL-TRUDEAU.INTL.AP ANN HUM_N 99.6% CONDNS DP=>MCDB,0.000000000,0.000000000,Pass,Pass,0.017626243,0.027576309,Pass,Pass
,21,LIVING_UNIT1_BACKROW_TOPFLOOR,SizingPeriod: MONTREAL-TRUDEAU.INTL.AP ANN HUM_N 99.6% CONDNS DP=>MCDB,0.000000000,0.000000000,Pass,Pass,0.012677679,0.019807895,Pass,Pass
,22,CRAWLSPACE,RunPeriod: WINTER,0.282852809,0.174902227,Pass,Pass,0.000000000,0.000000000,Pass,Pass
,23,BREEZEWAY,RunPeriod: WINTER,0.015760641,0.009893500,Pass,Pass,0.000000000,0.000000000,Pass,Pass
,24,LIVING_UNIT1_FRONTROW_BOTTOMFLOOR,RunPeriod: WINTER,0.082868830,0.195901288,Pass,Pass,0.141669403,0.402379378,Pass,Pass
,25,LIVING_UNIT2_FRONTROW_BOTTOMFLOOR,RunPeriod: WINTER,0.032450416,0.109092127,Pass,Pass,0.309027263,0.507335272,Pass,Pass
,26,LIVING_UNIT3_FRONTROW_BOTTOMFLOOR,RunPeriod: WINTER,0.027606629,0.218430703,Pass,Pass,0.195472734,0.344736507,Pass,Pass
,27,LIVING_UNIT1_BACKROW_BOTTOMFLOOR,RunPeriod: WINTER,0.022918460,0.157166450,Pass,Pass,0.372547103,1.305019124,Pass,Pass
,28,LIVING_UNIT2_BACKROW_BOTTOMFLOOR,RunPeriod: WINTER,0.004168277,0.036077532,Pass,Pass,0.149398201,0.183590685,Pass,Pass
,29,LIVING_UNIT3_BACKROW_BOTTOMFLOOR,RunPeriod: WINTER,0.046284189,0.204357514,Pass,Pass,0.308774929,0.517739182,Pass,Pass
,30,LIVING_UNIT1_FRONTROW_MIDDLEFLOOR,RunPeriod: WINTER,0.083376395,0.097868816,Pass,Pass,0.143150138,0.604548074,Pass,Pass
,31,LIVING_UNIT2_FRONTROW_MIDDLEFLOOR,RunPeriod: WINTER,0.061821156,0.052425432,Pass,Pass,0.185526402,1.147383669,Pass,Pass
,32,LIVING_UNIT3_FRONTROW_MIDDLEFLOOR,RunPeriod: WINTER,0.025796764,0.077088331,Pass,Pass,0.170717717,0.253168887,Pass,Pass
,33,LIVING_UNIT1_BACKROW_MIDDLEFLOOR,RunPeriod: WINTER,0.083556430,0.103855217,Pass,Pass,0.000000000,0.000000000,Pass,Pass
,34,LIVING_UNIT2_BACKROW_MIDDLEFLOOR,RunPeriod: WINTER,0.058925717,0.050595519,Pass,Pass,0.000000000,0.000000000,Pass,Pass
,35,LIVING_UNIT3_BACKROW_MIDDLEFLOOR,RunPeriod: WINTER,0.059052493,0.148336692,Pass,Pass,0.375065660,1.834156829,Pass,Pass
,36,ATTIC,RunPeriod: WINTER,0.267203539,0.213197220,Pass,Pass,0.000000000,0.000000000,Pass,Pass
,37,LIVING_UNIT3_BACKROW_TOPFLOOR,RunPeriod: WINTER,0.041667743,0.192403562,Pass,Pass,0.265424588,0.386821427,Pass,Pass
,38,LIVING_UNIT3_FRONTROW_TOPFLOOR,RunPeriod: WINTER,0.045405559,0.187622186,Pass,Pass,0.613868472,1.290515023,Pass,Pass
,39,LIVING_UNIT1_FRONTROW_TOPFLOOR,RunPeriod: WINTER,0.004169315,0.040599205,Pass,Pass,0.141006136,0.144361289,Pass,Pass
,40,LIVING_UNIT2_BACKROW_TOPFLOOR,RunPeriod: WINTER,0.004168292,0.036036088,Pass,Pass,0.144021978,0.169808794,Pass,Pass
,41,LIVING_UNIT2_FRONTROW_TOPFLOOR,RunPeriod: WINTER,0.083877544,0.105411578,Pass,Pass,0.000000000,0.000000000,Pass,Pass
,42,LIVING_UNIT1_BACKROW_TOPFLOOR,RunPeriod: WINTER,0.022918481,0.156824674,Pass,Pass,0.397386164,1.598808274,Pass,Pass


----------------------------------------------------------------------------------------------------
REPORT:,Annual Heat Emissions Summary
FOR:,Entire Facility
Heat Emission by Components

,,Envelope Convection,Zone Exfiltration,Zone Exhaust Air,HVAC Relief Air,HVAC Reject Heat,Total
,Heat Emissions [kBtu],444301.60,228001.36,0.00,0.00,353.64,672692.81


----------------------------------------------------------------------------------------------------
REPORT:,Climatic Data Summary
FOR:,Entire Facility
SizingPeriod:DesignDay

,,Maximum Dry Bulb [F],Daily Temperature Range [deltaF],Humidity Value,Humidity Type,Wind Speed [ft/min],Wind Direction
,MONTREAL-TRUDEAU.INTL.AP ANN HUM_N 99.6% CONDNS DP=>MCDB,-7.8,0.00,-21.1,Dewpoint [F],846.50,260.00


Monthly Precipitation Summary

,,Monthly Total Precipitation from .epw [in],Monthly Total Hours of Rain from .epw,Monthly Total Precipitation in Site:Precipitation [in],Monthly Total Roof Irrigation Depth [in],Monthly Total Rain Collection Volume [ft3]
,Jan,2.60,178,,,
,Feb,2.81,169,,,
,Mar,3.31,195,,,
,Apr,0.00,0,,,
,May,0.00,0,,,
,Jun,0.00,0,,,
,Jul,0.00,0,,,
,Aug,0.00,0,,,
,Sep,0.00,0,,,
,Oct,0.00,0,,,
,Nov,0.00,0,,,
,Dec,0.00,0,,,


Weather Statistics File

,,Value
,None,


----------------------------------------------------------------------------------------------------
REPORT:,Envelope Summary
FOR:,Entire Facility
Opaque Exterior

,,Construction,Reflectance,U-Factor with Film [Btu/h-ft2-F],U-Factor no Film [Btu/h-ft2-F],Gross Area [ft2],Net Area [ft2],Azimuth [deg],Tilt [deg],Cardinal Direction
,BGWALL_UPPER_LDF,CRAWL WALL,0.30,0.776,2.276,59.96,59.96,180.00,90.00,S
,BGWALL_LOWER_LDF,CRAWL WALL,0.30,0.893,2.276,239.83,239.83,180.00,90.00,S
,BGWALL_UPPER_SDR,CRAWL WALL,0.30,0.776,2.276,32.56,32.56,90.00,90.00,E
,BGWALL_LOWER_SDR,CRAWL WALL,0.30,0.893,2.276,130.22,130.22,90.00,90.00,E
,BGWALL_UPPER_LDB,CRAWL WALL,0.30,0.776,2.276,59.96,59.96,0.00,90.00,N
,BGWALL_LOWER_LDB,CRAWL WALL,0.30,0.893,2.276,239.83,239.83,0.00,90.00,N
,BGWALL_UPPER_SDL,CRAWL WALL,0.30,0.776,2.276,32.56,32.56,270.00,90.00,W
,BGWALL_LOWER_SDL,CRAWL WALL,0.30,0.893,2.276,130.22,130.22,270.00,90.00,W
,BGFLOOR,INTERIOR FLOOR,0.30,0.235,0.300,7794.39,7794.39,0.00,180.00,
,BREEZEWAY_BOTTOMFLOOR,EXTERIOR FLOOR,0.30,0.027,0.028,599.39,599.39,0.00,180.00,
,BREEZEWAY_MIDDLEFLOOR,EXTERIOR FLOOR,0.30,0.027,0.028,599.39,599.39,0.00,180.00,
,BREEZEWAY_TOPFLOOR,EXTERIOR FLOOR,0.30,0.027,0.028,599.39,599.39,0.00,180.00,
,WALL_LDF_1.UNIT1_FRONTROW_BOTTOMFLOOR,EXTERIOR WALL,0.30,0.048,0.050,339.76,280.68,180.00,90.00,S
,WALL_LDB_1.UNIT1_FRONTROW_BOTTOMFLOOR,EXTERIOR WALL,0.30,0.048,0.050,339.76,318.74,0.00,90.00,N
,WALL_SDL_1.UNIT1_FRONTROW_BOTTOMFLOOR,EXTERIOR WALL,0.30,0.048,0.050,255.46,166.84,270.00,90.00,W
,WALL_LDF_1.UNIT2_FRONTROW_BOTTOMFLOOR,EXTERIOR WALL,0.30,0.048,0.050,339.76,280.68,180.00,90.00,S
,WALL_LDB_1.UNIT2_FRONTROW_BOTTOMFLOOR,EXTERIOR WALL,0.30,0.048,0.050,339.76,318.74,0.00,90.00,N
,WALL_LDF_1.UNIT3_FRONTROW_BOTTOMFLOOR,EXTERIOR WALL,0.30,0.048,0.050,339.76,280.68,180.00,90.00,S
,WALL_SDR_1.UNIT3_FRONTROW_BOTTOMFLOOR,EXTERIOR WALL,0.30,0.048,0.050,255.46,166.84,90.00,90.00,E
,WALL_LDB_1.UNIT3_FRONTROW_BOTTOMFLOOR,EXTERIOR WALL,0.30,0.048,0.050,339.76,318.74,0.00,90.00,N
,WALL_LDF_1.UNIT1_BACKROW_BOTTOMFLOOR,EXTERIOR WALL,0.30,0.048,0.050,339.76,318.74,180.00,90.00,S
,WALL_LDB_1.UNIT1_BACKROW_BOTTOMFLOOR,EXTERIOR WALL,0.30,0.048,0.050,339.76,280.68,0.00,90.00,N
,WALL_SDL_1.UNIT1_BACKROW_BOTTOMFLOOR,EXTERIOR WALL,0.30,0.048,0.050,255.46,166.84,270.00,90.00,W
,WALL_LDF_1.UNIT2_BACKROW_BOTTOMFLOOR,EXTERIOR WALL,0.30,0.048,0.050,339.76,318.74,180.00,90.00,S
,WALL_LDB_1.UNIT2_BACKROW_BOTTOMFLOOR,EXTERIOR WALL,0.30,0.048,0.050,339.76,280.68,0.00,90.00,N
,WALL_LDF_1.UNIT3_BACKROW_BOTTOMFLOOR,EXTERIOR WALL,0.30,0.048,0.050,339.76,318.74,180.00,90.00,S
,WALL_SDR_1.UNIT3_BACKROW_BOTTOMFLOOR,EXTERIOR WALL,0.30,0.048,0.050,255.46,166.84,90.00,90.00,E
,WALL_LDB_1.UNIT3_BACKROW_BOTTOMFLOOR,EXTERIOR WALL,0.30,0.048,0.050,339.76,280.68,0.00,90.00,N
,WALL_LDF_1.UNIT1_FRONTROW_MIDDLEFLOOR,EXTERIOR WALL,0.30,0.048,0.050,339.75,280.68,180.00,90.00,S
,WALL_LDB_1.UNIT1_FRONTROW_MIDDLEFLOOR,EXTERIOR WALL,0.30,0.048,0.050,339.75,318.74,0.00,90.00,N
,WALL_SDL_1.UNIT1_FRONTROW_MIDDLEFLOOR,EXTERIOR WALL,0.30,0.048,0.050,255.45,166.84,270.00,90.00,W
,WALL_LDF_1.UNIT2_FRONTROW_MIDDLEFLOOR,EXTERIOR WALL,0.30,0.048,0.050,339.75,280.68,180.00,90.00,S
,WALL_LDB_1.UNIT2_FRONTROW_MIDDLEFLOOR,EXTERIOR WALL,0.30,0.048,0.050,339.75,318.74,0.00,90.00,N
,WALL_LDF_1.UNIT3_FRONTROW_MIDDLEFLOOR,EXTERIOR WALL,0.30,0.048,0.050,339.75,280.68,180.00,90.00,S
,WALL_SDR_1.UNIT3_FRONTROW_MIDDLEFLOOR,EXTERIOR WALL,0.30,0.048,0.050,255.45,166.84,90.00,90.00,E
,WALL_LDB_1.UNIT3_FRONTROW_MIDDLEFLOOR,EXTERIOR WALL,0.30,0.048,0.050,339.75,318.74,0.00,90.00,N
,WALL_LDF_1.UNIT1_BACKROW_MIDDLEFLOOR,EXTERIOR WALL,0.30,0.048,0.050,339.75,318.74,180.00,90.00,S
,WALL_LDB_1.UNIT1_BACKROW_MIDDLEFLOOR,EXTERIOR WALL,0.30,0.048,0.050,339.75,280.68,0.00,90.00,N
,WALL_SDL_1.UNIT1_BACKROW_MIDDLEFLOOR,EXTERIOR WALL,0.30,0.048,0.050,255.45,166.84,270.00,90.00,W
,WALL_LDF_1.UNIT2_BACKROW_MIDDLEFLOOR,EXTERIOR WALL,0.30,0.048,0.050,339.75,318.74,180.00,90.00,S
,WALL_LDB_1.UNIT2_BACKROW_MIDDLEFLOOR,EXTERIOR WALL,0.30,0.048,0.050,339.75,280.68,0.00,90.00,N
,WALL_LDF_1.UNIT3_BACKROW_MIDDLEFLOOR,EXTERIOR WALL,0.30,0.048,0.050,339.75,318.74,180.00,90.00,S
,WALL_SDR_1.UNIT3_BACKROW_MIDDLEFLOOR,EXTERIOR WALL,0.30,0.048,0.050,255.45,166.84,90.00,90.00,E
,WALL_LDB_1.UNIT3_BACKROW_MIDDLEFLOOR,EXTERIOR WALL,0.30,0.048,0.050,339.75,280.68,0.00,90.00,N
,ROOF_RIGHT,GABLE_END,0.30,0.314,0.428,440.68,440.68,90.00,90.00,E
,ROOF_LEFT,GABLE_END,0.30,0.314,0.428,440.68,440.68,270.00,90.00,W
,ROOF_BACK,EXTERIOR ROOF,0.25,0.543,0.943,4225.65,4225.65,0.00,22.59,
,ROOF_FRONT,EXTERIOR ROOF,0.25,0.543,0.943,4225.65,4225.65,180.00,22.59,
,WALL_SDR_1.UNIT3_BACKROW_TOPFLOOR,EXTERIOR WALL,0.30,0.048,0.050,255.45,166.84,90.00,90.00,E
,WALL_LDB_1.UNIT3_BACKROW_TOPFLOOR,EXTERIOR WALL,0.30,0.048,0.050,339.75,280.68,0.00,90.00,N
,WALL_LDF_1.UNIT3_BACKROW_TOPFLOOR,EXTERIOR WALL,0.30,0.048,0.050,339.75,318.74,180.00,90.00,S
,WALL_LDF_1.UNIT3_FRONTROW_TOPFLOOR,EXTERIOR WALL,0.30,0.048,0.050,339.75,280.68,180.00,90.00,S
,WALL_SDR_1.UNIT3_FRONTROW_TOPFLOOR,EXTERIOR WALL,0.30,0.048,0.050,255.45,166.84,90.00,90.00,E
,WALL_LDB_1.UNIT3_FRONTROW_TOPFLOOR,EXTERIOR WALL,0.30,0.048,0.050,339.75,318.74,0.00,90.00,N
,WALL_LDF_1.UNIT1_FRONTROW_TOPFLOOR,EXTERIOR WALL,0.30,0.048,0.050,339.75,280.68,180.00,90.00,S
,WALL_SDL_1.UNIT1_FRONTROW_TOPFLOOR,EXTERIOR WALL,0.30,0.048,0.050,255.45,166.84,270.00,90.00,W
,WALL_LDB_1.UNIT1_FRONTROW_TOPFLOOR,EXTERIOR WALL,0.30,0.048,0.050,339.75,318.74,0.00,90.00,N
,WALL_LDF_1.UNIT2_BACKROW_TOPFLOOR,EXTERIOR WALL,0.30,0.048,0.050,339.75,318.74,180.00,90.00,S
,WALL_LDB_1.UNIT2_BACKROW_TOPFLOOR,EXTERIOR WALL,0.30,0.048,0.050,339.75,280.68,0.00,90.00,N
,WALL_LDF_1.UNIT2_FRONTROW_TOPFLOOR,EXTERIOR WALL,0.30,0.048,0.050,339.75,280.68,180.00,90.00,S
,WALL_LDB_1.UNIT2_FRONTROW_TOPFLOOR,EXTERIOR WALL,0.30,0.048,0.050,339.75,318.74,0.00,90.00,N
,WALL_LDB_1.UNIT1_BACKROW_TOPFLOOR,EXTERIOR WALL,0.30,0.048,0.050,339.75,280.68,0.00,90.00,N
,WALL_SDL_1.UNIT1_BACKROW_TOPFLOOR,EXTERIOR WALL,0.30,0.048,0.050,255.45,166.84,270.00,90.00,W
,WALL_LDF_1.UNIT1_BACKROW_TOPFLOOR,EXTERIOR WALL,0.30,0.048,0.050,339.75,318.74,180.00,90.00,S


Opaque Interior

,,Construction,Reflectance,U-Factor with Film [Btu/h-ft2-F],U-Factor no Film [Btu/h-ft2-F],Gross Area [ft2],Net Area [ft2],Azimuth [deg],Tilt [deg],Cardinal Direction
,iz-FLOOR_UNIT1_FRONTROW_BOTTOMFLOOR,iz-EXTERIOR FLOOR,0.30,0.027,0.028,1200.55,1200.55,180.00,0.00,
,iz-FLOOR_UNIT2_FRONTROW_BOTTOMFLOOR,iz-EXTERIOR FLOOR,0.30,0.027,0.028,1200.55,1200.55,180.00,0.00,
,iz-FLOOR_UNIT3_FRONTROW_BOTTOMFLOOR,iz-EXTERIOR FLOOR,0.30,0.027,0.028,1200.55,1200.55,180.00,0.00,
,iz-FLOOR_UNIT1_BACKROW_BOTTOMFLOOR,iz-EXTERIOR FLOOR,0.30,0.027,0.028,1200.55,1200.55,180.00,0.00,
,iz-FLOOR_UNIT2_BACKROW_BOTTOMFLOOR,iz-EXTERIOR FLOOR,0.30,0.027,0.028,1200.55,1200.55,180.00,0.00,
,iz-FLOOR_UNIT3_BACKROW_BOTTOMFLOOR,iz-EXTERIOR FLOOR,0.30,0.027,0.028,1200.55,1200.55,180.00,0.00,
,BREEZEWAYROOF,INTERIOR CEILING,0.30,0.018,0.019,599.39,599.39,180.00,0.00,
,WALL_SDR_1.UNIT1_FRONTROW_BOTTOMFLOOR,INTERIORWALL,0.30,0.329,0.597,255.46,255.46,90.00,90.00,E
,FLOOR_UNIT1_FRONTROW_BOTTOMFLOOR,EXTERIOR FLOOR,0.30,0.027,0.028,1200.55,1200.55,0.00,180.00,
,CEILING_UNIT1_FRONTROW_BOTTOMFLOOR,CEILING-FLOOR-LAYER,0.30,0.169,0.228,1200.55,1200.55,180.00,0.00,
,WALL_SDR_1.UNIT2_FRONTROW_BOTTOMFLOOR,INTERIORWALL,0.30,0.329,0.597,255.46,255.46,90.00,90.00,E
,WALL_SDL_1.UNIT2_FRONTROW_BOTTOMFLOOR,INTERIORWALL,0.30,0.329,0.597,255.46,255.46,270.00,90.00,W
,FLOOR_UNIT2_FRONTROW_BOTTOMFLOOR,EXTERIOR FLOOR,0.30,0.027,0.028,1200.55,1200.55,0.00,180.00,
,CEILING_UNIT2_FRONTROW_BOTTOMFLOOR,CEILING-FLOOR-LAYER,0.30,0.169,0.228,1200.55,1200.55,180.00,0.00,
,WALL_SDL_1.UNIT3_FRONTROW_BOTTOMFLOOR,INTERIORWALL,0.30,0.329,0.597,255.46,255.46,270.00,90.00,W
,FLOOR_UNIT3_FRONTROW_BOTTOMFLOOR,EXTERIOR FLOOR,0.30,0.027,0.028,1200.55,1200.55,0.00,180.00,
,CEILING_UNIT3_FRONTROW_BOTTOMFLOOR,CEILING-FLOOR-LAYER,0.30,0.169,0.228,1200.55,1200.55,180.00,0.00,
,WALL_SDR_1.UNIT1_BACKROW_BOTTOMFLOOR,INTERIORWALL,0.30,0.329,0.597,255.46,255.46,90.00,90.00,E
,FLOOR_UNIT1_BACKROW_BOTTOMFLOOR,EXTERIOR FLOOR,0.30,0.027,0.028,1200.55,1200.55,0.00,180.00,
,CEILING_UNIT1_BACKROW_BOTTOMFLOOR,CEILING-FLOOR-LAYER,0.30,0.169,0.228,1200.55,1200.55,180.00,0.00,
,WALL_SDL_1.UNIT2_BACKROW_BOTTOMFLOOR,INTERIORWALL,0.30,0.329,0.597,255.46,255.46,270.00,90.00,W
,WALL_SDR_1.UNIT2_BACKROW_BOTTOMFLOOR,INTERIORWALL,0.30,0.329,0.597,255.46,255.46,90.00,90.00,E
,FLOOR_UNIT2_BACKROW_BOTTOMFLOOR,EXTERIOR FLOOR,0.30,0.027,0.028,1200.55,1200.55,0.00,180.00,
,CEILING_UNIT2_BACKROW_BOTTOMFLOOR,CEILING-FLOOR-LAYER,0.30,0.169,0.228,1200.55,1200.55,180.00,0.00,
,WALL_SDL_1.UNIT3_BACKROW_BOTTOMFLOOR,INTERIORWALL,0.30,0.329,0.597,255.46,255.46,270.00,90.00,W
,FLOOR_UNIT3_BACKROW_BOTTOMFLOOR,EXTERIOR FLOOR,0.30,0.027,0.028,1200.55,1200.55,0.00,180.00,
,CEILING_UNIT3_BACKROW_BOTTOMFLOOR,CEILING-FLOOR-LAYER,0.30,0.169,0.228,1200.55,1200.55,180.00,0.00,
,WALL_SDR_1.UNIT1_FRONTROW_MIDDLEFLOOR,INTERIORWALL,0.30,0.329,0.597,255.45,255.45,90.00,90.00,E
,FLOOR_UNIT1_FRONTROW_MIDDLEFLOOR,CEILING-FLOOR-LAYER,0.30,0.169,0.228,1200.55,1200.55,0.00,180.00,
,CEILING_UNIT1_FRONTROW_MIDDLEFLOOR,CEILING-FLOOR-LAYER,0.30,0.169,0.228,1200.55,1200.55,180.00,0.00,
,WALL_SDL_1.UNIT2_FRONTROW_MIDDLEFLOOR,INTERIORWALL,0.30,0.329,0.597,255.45,255.45,270.00,90.00,W
,WALL_SDR_1.UNIT2_FRONTROW_MIDDLEFLOOR,INTERIORWALL,0.30,0.329,0.597,255.45,255.45,90.00,90.00,E
,FLOOR_UNIT2_FRONTROW_MIDDLEFLOOR,CEILING-FLOOR-LAYER,0.30,0.169,0.228,1200.55,1200.55,0.00,180.00,
,CEILING_UNIT2_FRONTROW_MIDDLEFLOOR,CEILING-FLOOR-LAYER,0.30,0.169,0.228,1200.55,1200.55,180.00,0.00,
,WALL_SDL_1.UNIT3_FRONTROW_MIDDLEFLOOR,INTERIORWALL,0.30,0.329,0.597,255.45,255.45,270.00,90.00,W
,FLOOR_UNIT3_FRONTROW_MIDDLEFLOOR,CEILING-FLOOR-LAYER,0.30,0.169,0.228,1200.55,1200.55,0.00,180.00,
,CEILING_UNIT3_FRONTROW_MIDDLEFLOOR,CEILING-FLOOR-LAYER,0.30,0.169,0.228,1200.55,1200.55,180.00,0.00,
,WALL_SDR_1.UNIT1_BACKROW_MIDDLEFLOOR,INTERIORWALL,0.30,0.329,0.597,255.45,255.45,90.00,90.00,E
,FLOOR_UNIT1_BACKROW_MIDDLEFLOOR,CEILING-FLOOR-LAYER,0.30,0.169,0.228,1200.55,1200.55,0.00,180.00,
,CEILING_UNIT1_BACKROW_MIDDLEFLOOR,CEILING-FLOOR-LAYER,0.30,0.169,0.228,1200.55,1200.55,180.00,0.00,
,WALL_SDL_1.UNIT2_BACKROW_MIDDLEFLOOR,INTERIORWALL,0.30,0.329,0.597,255.45,255.45,90.00,90.00,E
,WALL_SDR_1.UNIT2_BACKROW_MIDDLEFLOOR,INTERIORWALL,0.30,0.329,0.597,255.45,255.45,270.00,90.00,W
,FLOOR_UNIT2_BACKROW_MIDDLEFLOOR,CEILING-FLOOR-LAYER,0.30,0.169,0.228,1200.55,1200.55,0.00,180.00,
,CEILING_UNIT2_BACKROW_MIDDLEFLOOR,CEILING-FLOOR-LAYER,0.30,0.169,0.228,1200.55,1200.55,180.00,0.00,
,WALL_SDL_1.UNIT3_BACKROW_MIDDLEFLOOR,INTERIORWALL,0.30,0.329,0.597,255.45,255.45,270.00,90.00,W
,FLOOR_UNIT3_BACKROW_MIDDLEFLOOR,CEILING-FLOOR-LAYER,0.30,0.169,0.228,1200.55,1200.55,0.00,180.00,
,CEILING_UNIT3_BACKROW_MIDDLEFLOOR,CEILING-FLOOR-LAYER,0.30,0.169,0.228,1200.55,1200.55,180.00,0.00,
,iz-BREEZEWAYROOF,ATTIC FLOOR,0.30,0.018,0.019,599.39,599.39,0.00,180.00,
,iz-CEILING_UNIT3_BACKROW_TOPFLOOR,ATTIC FLOOR,0.30,0.018,0.019,1200.55,1200.55,0.00,180.00,
,iz-CEILING_UNIT3_FRONTROW_TOPFLOOR,ATTIC FLOOR,0.30,0.018,0.019,1200.55,1200.55,0.00,180.00,
,iz-CEILING_UNIT1_FRONTROW_TOPFLOOR,ATTIC FLOOR,0.30,0.018,0.019,1200.55,1200.55,0.00,180.00,
,iz-CEILING_UNIT2_BACKROW_TOPFLOOR,ATTIC FLOOR,0.30,0.018,0.019,1200.55,1200.55,0.00,180.00,
,iz-CEILING_UNIT2_FRONTROW_TOPFLOOR,ATTIC FLOOR,0.30,0.018,0.019,1200.55,1200.55,0.00,180.00,
,iz-CEILING_UNIT1_BACKROW_TOPFLOOR,ATTIC FLOOR,0.30,0.018,0.019,1200.55,1200.55,0.00,180.00,
,WALL_SDL_1.UNIT3_BACKROW_TOPFLOOR,INTERIORWALL,0.30,0.329,0.597,255.45,255.45,270.00,90.00,W
,FLOOR_UNIT3_BACKROW_TOPFLOOR,CEILING-FLOOR-LAYER,0.30,0.169,0.228,1200.55,1200.55,0.00,180.00,
,CEILING_UNIT3_BACKROW_TOPFLOOR,INTERIOR CEILING,0.30,0.018,0.019,1200.55,1200.55,180.00,0.00,
,WALL_SDL_1.UNIT3_FRONTROW_TOPFLOOR,INTERIORWALL,0.30,0.329,0.597,255.45,255.45,270.00,90.00,W
,FLOOR_UNIT3_FRONTROW_TOPFLOOR,CEILING-FLOOR-LAYER,0.30,0.169,0.228,1200.55,1200.55,0.00,180.00,
,CEILING_UNIT3_FRONTROW_TOPFLOOR,INTERIOR CEILING,0.30,0.018,0.019,1200.55,1200.55,180.00,0.00,
,WALL_SDR_1.UNIT1_FRONTROW_TOPFLOOR,INTERIORWALL,0.30,0.329,0.597,255.45,255.45,90.00,90.00,E
,FLOOR_UNIT1_FRONTROW_TOPFLOOR,CEILING-FLOOR-LAYER,0.30,0.169,0.228,1200.55,1200.55,0.00,180.00,
,CEILING_UNIT1_FRONTROW_TOPFLOOR,INTERIOR CEILING,0.30,0.018,0.019,1200.55,1200.55,180.00,0.00,
,WALL_SDL_1.UNIT2_BACKROW_TOPFLOOR,INTERIORWALL,0.30,0.329,0.597,255.45,255.45,270.00,90.00,W
,WALL_SDR_1.UNIT2_BACKROW_TOPFLOOR,INTERIORWALL,0.30,0.329,0.597,255.45,255.45,90.00,90.00,E
,FLOOR_UNIT2_BACKROW_TOPFLOOR,CEILING-FLOOR-LAYER,0.30,0.169,0.228,1200.55,1200.55,0.00,180.00,
,CEILING_UNIT2_BACKROW_TOPFLOOR,INTERIOR CEILING,0.30,0.018,0.019,1200.55,1200.55,180.00,0.00,
,WALL_SDR_1.UNIT2_FRONTROW_TOPFLOOR,INTERIORWALL,0.30,0.329,0.597,255.45,255.45,90.00,90.00,E
,WALL_SDL_1.UNIT2_FRONTROW_TOPFLOOR,INTERIORWALL,0.30,0.329,0.597,255.45,255.45,270.00,90.00,W
,FLOOR_UNIT2_FRONTROW_TOPFLOOR,CEILING-FLOOR-LAYER,0.30,0.169,0.228,1200.55,1200.55,0.00,180.00,
,CEILING_UNIT2_FRONTROW_TOPFLOOR,INTERIOR CEILING,0.30,0.018,0.019,1200.55,1200.55,180.00,0.00,
,WALL_SDR_1.UNIT1_BACKROW_TOPFLOOR,INTERIORWALL,0.30,0.329,0.597,255.45,255.45,90.00,90.00,E
,FLOOR_UNIT1_BACKROW_TOPFLOOR,CEILING-FLOOR-LAYER,0.30,0.169,0.228,1200.55,1200.55,0.00,180.00,
,CEILING_UNIT1_BACKROW_TOPFLOOR,INTERIOR CEILING,0.30,0.018,0.019,1200.55,1200.55,180.00,0.00,


Exterior Fenestration

,,Construction,Frame and Divider,Glass Area [ft2],Frame Area [ft2],Divider Area [ft2],Area of One Opening [ft2],Area of Multiplied Openings [ft2],Glass U-Factor [Btu/h-ft2-F],Glass SHGC,Glass Visible Transmittance,Frame Conductance [Btu/h-ft2-F],Divider Conductance [Btu/h-ft2-F],NFRC Product Type,Assembly U-Factor [Btu/h-ft2-F],Assembly SHGC,Assembly Visible Transmittance,Shade Control,Parent Surface,Azimuth [deg],Tilt [deg],Cardinal Direction
,WINDOW_LDF_UNIT1_FRONTROW_BOTTOMFLOOR,EXTERIOR WINDOW,,59.08,0.00,0.00,59.08,59.08,0.300,0.335,0.883,,,,,,,Yes,WALL_LDF_1.UNIT1_FRONTROW_BOTTOMFLOOR,180.00,90.00,S
,WINDOW_SDL_UNIT3_FRONTROW_BOTTOMFLOOR,EXTERIOR WINDOW,,88.61,0.00,0.00,88.61,88.61,0.300,0.335,0.883,,,,,,,Yes,WALL_SDL_1.UNIT1_FRONTROW_BOTTOMFLOOR,270.00,90.00,W
,WINDOW_LDF_UNIT2_FRONTROW_BOTTOMFLOOR,EXTERIOR WINDOW,,59.08,0.00,0.00,59.08,59.08,0.300,0.335,0.883,,,,,,,Yes,WALL_LDF_1.UNIT2_FRONTROW_BOTTOMFLOOR,180.00,90.00,S
,WINDOW_LDF_UNIT3_FRONTROW_BOTTOMFLOOR,EXTERIOR WINDOW,,59.08,0.00,0.00,59.08,59.08,0.300,0.335,0.883,,,,,,,Yes,WALL_LDF_1.UNIT3_FRONTROW_BOTTOMFLOOR,180.00,90.00,S
,WINDOW_SDR_UNIT3_FRONTROW_BOTTOMFLOOR,EXTERIOR WINDOW,,88.61,0.00,0.00,88.61,88.61,0.300,0.335,0.883,,,,,,,Yes,WALL_SDR_1.UNIT3_FRONTROW_BOTTOMFLOOR,90.00,90.00,E
,WINDOW_LDB_UNIT1_BACKROW_BOTTOMFLOOR,EXTERIOR WINDOW,,59.08,0.00,0.00,59.08,59.08,0.300,0.335,0.883,,,,,,,Yes,WALL_LDB_1.UNIT1_BACKROW_BOTTOMFLOOR,0.00,90.00,N
,WINDOW_SDL_UNIT3_BACKROW_BOTTOMFLOOR,EXTERIOR WINDOW,,88.61,0.00,0.00,88.61,88.61,0.300,0.335,0.883,,,,,,,Yes,WALL_SDL_1.UNIT1_BACKROW_BOTTOMFLOOR,270.00,90.00,W
,WINDOW_LDB_UNIT2_BACKROW_BOTTOMFLOOR,EXTERIOR WINDOW,,59.08,0.00,0.00,59.08,59.08,0.300,0.335,0.883,,,,,,,Yes,WALL_LDB_1.UNIT2_BACKROW_BOTTOMFLOOR,0.00,90.00,N
,WINDOW_SDR_UNIT3_BACKROW_BOTTOMFLOOR,EXTERIOR WINDOW,,88.61,0.00,0.00,88.61,88.61,0.300,0.335,0.883,,,,,,,Yes,WALL_SDR_1.UNIT3_BACKROW_BOTTOMFLOOR,90.00,90.00,E
,WINDOW_LDB_UNIT3_BACKROW_BOTTOMFLOOR,EXTERIOR WINDOW,,59.08,0.00,0.00,59.08,59.08,0.300,0.335,0.883,,,,,,,Yes,WALL_LDB_1.UNIT3_BACKROW_BOTTOMFLOOR,0.00,90.00,N
,WINDOW_LDF_UNIT1_FRONTROW_MIDDLEFLOOR,EXTERIOR WINDOW,,59.08,0.00,0.00,59.08,59.08,0.300,0.335,0.883,,,,,,,Yes,WALL_LDF_1.UNIT1_FRONTROW_MIDDLEFLOOR,180.00,90.00,S
,WINDOW_SDL_UNIT3_FRONTROW_MIDDLEFLOOR,EXTERIOR WINDOW,,88.61,0.00,0.00,88.61,88.61,0.300,0.335,0.883,,,,,,,Yes,WALL_SDL_1.UNIT1_FRONTROW_MIDDLEFLOOR,270.00,90.00,W
,WINDOW_LDF_UNIT2_FRONTROW_MIDDLEFLOOR,EXTERIOR WINDOW,,59.08,0.00,0.00,59.08,59.08,0.300,0.335,0.883,,,,,,,Yes,WALL_LDF_1.UNIT2_FRONTROW_MIDDLEFLOOR,180.00,90.00,S
,WINDOW_LDF_UNIT3_FRONTROW_MIDDLEFLOOR,EXTERIOR WINDOW,,59.08,0.00,0.00,59.08,59.08,0.300,0.335,0.883,,,,,,,Yes,WALL_LDF_1.UNIT3_FRONTROW_MIDDLEFLOOR,180.00,90.00,S
,WINDOW_SDR_UNIT3_FRONTROW_MIDDLEFLOOR,EXTERIOR WINDOW,,88.61,0.00,0.00,88.61,88.61,0.300,0.335,0.883,,,,,,,Yes,WALL_SDR_1.UNIT3_FRONTROW_MIDDLEFLOOR,90.00,90.00,E
,WINDOW_LDB_UNIT1_BACKROW_MIDDLEFLOOR,EXTERIOR WINDOW,,59.08,0.00,0.00,59.08,59.08,0.300,0.335,0.883,,,,,,,Yes,WALL_LDB_1.UNIT1_BACKROW_MIDDLEFLOOR,0.00,90.00,N
,WINDOW_SDL_UNIT3_BACKROW_MIDDLEFLOOR,EXTERIOR WINDOW,,88.61,0.00,0.00,88.61,88.61,0.300,0.335,0.883,,,,,,,Yes,WALL_SDL_1.UNIT1_BACKROW_MIDDLEFLOOR,270.00,90.00,W
,WINDOW_LDB_UNIT2_BACKROW_MIDDLEFLOOR,EXTERIOR WINDOW,,59.08,0.00,0.00,59.08,59.08,0.300,0.335,0.883,,,,,,,Yes,WALL_LDB_1.UNIT2_BACKROW_MIDDLEFLOOR,0.00,90.00,N
,WINDOW_SDR_UNIT3_BACKROW_MIDDLEFLOOR,EXTERIOR WINDOW,,88.61,0.00,0.00,88.61,88.61,0.300,0.335,0.883,,,,,,,Yes,WALL_SDR_1.UNIT3_BACKROW_MIDDLEFLOOR,90.00,90.00,E
,WINDOW_LDB_UNIT3_BACKROW_MIDDLEFLOOR,EXTERIOR WINDOW,,59.08,0.00,0.00,59.08,59.08,0.300,0.335,0.883,,,,,,,Yes,WALL_LDB_1.UNIT3_BACKROW_MIDDLEFLOOR,0.00,90.00,N
,WINDOW_SDR_UNIT3_BACKROW_TOPFLOOR,EXTERIOR WINDOW,,88.61,0.00,0.00,88.61,88.61,0.300,0.335,0.883,,,,,,,Yes,WALL_SDR_1.UNIT3_BACKROW_TOPFLOOR,90.00,90.00,E
,WINDOW_LDB_UNIT3_BACKROW_TOPFLOOR,EXTERIOR WINDOW,,59.08,0.00,0.00,59.08,59.08,0.300,0.335,0.883,,,,,,,Yes,WALL_LDB_1.UNIT3_BACKROW_TOPFLOOR,0.00,90.00,N
,WINDOW_LDF_UNIT3_FRONTROW_TOPFLOOR,EXTERIOR WINDOW,,59.08,0.00,0.00,59.08,59.08,0.300,0.335,0.883,,,,,,,Yes,WALL_LDF_1.UNIT3_FRONTROW_TOPFLOOR,180.00,90.00,S
,WINDOW_SDR_UNIT3_FRONTROW_TOPFLOOR,EXTERIOR WINDOW,,88.61,0.00,0.00,88.61,88.61,0.300,0.335,0.883,,,,,,,Yes,WALL_SDR_1.UNIT3_FRONTROW_TOPFLOOR,90.00,90.00,E
,WINDOW_LDF_UNIT1_FRONTROW_TOPFLOOR,EXTERIOR WINDOW,,59.08,0.00,0.00,59.08,59.08,0.300,0.335,0.883,,,,,,,Yes,WALL_LDF_1.UNIT1_FRONTROW_TOPFLOOR,180.00,90.00,S
,WINDOW_SDL_UNIT3_FRONTROW_TOPFLOOR,EXTERIOR WINDOW,,88.61,0.00,0.00,88.61,88.61,0.300,0.335,0.883,,,,,,,Yes,WALL_SDL_1.UNIT1_FRONTROW_TOPFLOOR,270.00,90.00,W
,WINDOW_LDB_UNIT2_BACKROW_TOPFLOOR,EXTERIOR WINDOW,,59.08,0.00,0.00,59.08,59.08,0.300,0.335,0.883,,,,,,,Yes,WALL_LDB_1.UNIT2_BACKROW_TOPFLOOR,0.00,90.00,N
,WINDOW_LDF_UNIT2_FRONTROW_TOPFLOOR,EXTERIOR WINDOW,,59.08,0.00,0.00,59.08,59.08,0.300,0.335,0.883,,,,,,,Yes,WALL_LDF_1.UNIT2_FRONTROW_TOPFLOOR,180.00,90.00,S
,WINDOW_LDB_UNIT1_BACKROW_TOPFLOOR,EXTERIOR WINDOW,,59.08,0.00,0.00,59.08,59.08,0.300,0.335,0.883,,,,,,,Yes,WALL_LDB_1.UNIT1_BACKROW_TOPFLOOR,0.00,90.00,N
,WINDOW_SDL_UNIT3_BACKROW_TOPFLOOR,EXTERIOR WINDOW,,88.61,0.00,0.00,88.61,88.61,0.300,0.335,0.883,,,,,,,Yes,WALL_SDL_1.UNIT1_BACKROW_TOPFLOOR,270.00,90.00,W
,Total or Average,,,,,,,2126.74,0.300,0.335,0.883,,,,,,,,,,,
,North Total or Average,,,,,,,531.68,0.300,0.335,0.883,,,,,,,,,,,
,Non-North Total or Average,,,,,,,1595.05,0.300,0.335,0.883,,,,,,,,,,,


Exterior Fenestration Shaded State

,,Frame and Divider,Glass U-Factor [Btu/h-ft2-F],Glass SHGC,Glass Visible Transmittance,NFRC Product Type,Assembly U-Factor [Btu/h-ft2-F],Assembly SHGC,Assembly Visible Transmittance
,None,,,,,,,,


Interior Fenestration

,,Construction,Area of One Opening [ft2],Area of Openings [ft2],Glass U-Factor [Btu/h-ft2-F],Glass SHGC,Glass Visible Transmittance
,Total or Average,,,0.00,-,-,-


Exterior Door

,,Construction,U-Factor with Film [Btu/h-ft2-F],U-Factor no Film [Btu/h-ft2-F],Gross Area [ft2],Parent Surface
,DOOR_LDB_UNIT1_FRONTROW_BOTTOMFLOOR,EXTERIOR DOOR,0.239,0.300,21.01,WALL_LDB_1.UNIT1_FRONTROW_BOTTOMFLOOR
,DOOR_LDB_UNIT2_FRONTROW_BOTTOMFLOOR,EXTERIOR DOOR,0.239,0.300,21.01,WALL_LDB_1.UNIT2_FRONTROW_BOTTOMFLOOR
,DOOR_LDB_UNIT3_FRONTROW_BOTTOMFLOOR,EXTERIOR DOOR,0.239,0.300,21.01,WALL_LDB_1.UNIT3_FRONTROW_BOTTOMFLOOR
,DOOR_LDF_UNIT1_BACKROW_BOTTOMFLOOR,EXTERIOR DOOR,0.239,0.300,21.01,WALL_LDF_1.UNIT1_BACKROW_BOTTOMFLOOR
,DOOR_LDF_UNIT2_BACKROW_BOTTOMFLOOR,EXTERIOR DOOR,0.239,0.300,21.01,WALL_LDF_1.UNIT2_BACKROW_BOTTOMFLOOR
,DOOR_LDF_UNIT3_BACKROW_BOTTOMFLOOR,EXTERIOR DOOR,0.239,0.300,21.01,WALL_LDF_1.UNIT3_BACKROW_BOTTOMFLOOR
,DOOR_LDB_UNIT1_FRONTROW_MIDDLEFLOOR,EXTERIOR DOOR,0.239,0.300,21.01,WALL_LDB_1.UNIT1_FRONTROW_MIDDLEFLOOR
,DOOR_LDB_UNIT2_FRONTROW_MIDDLEFLOOR,EXTERIOR DOOR,0.239,0.300,21.01,WALL_LDB_1.UNIT2_FRONTROW_MIDDLEFLOOR
,DOOR_LDB_UNIT3_FRONTROW_MIDDLEFLOOR,EXTERIOR DOOR,0.239,0.300,21.01,WALL_LDB_1.UNIT3_FRONTROW_MIDDLEFLOOR
,DOOR_LDF_UNIT1_BACKROW_MIDDLEFLOOR,EXTERIOR DOOR,0.239,0.300,21.01,WALL_LDF_1.UNIT1_BACKROW_MIDDLEFLOOR
,DOOR_LDF_UNIT2_BACKROW_MIDDLEFLOOR,EXTERIOR DOOR,0.239,0.300,21.01,WALL_LDF_1.UNIT2_BACKROW_MIDDLEFLOOR
,DOOR_LDF_UNIT3_BACKROW_MIDDLEFLOOR,EXTERIOR DOOR,0.239,0.300,21.01,WALL_LDF_1.UNIT3_BACKROW_MIDDLEFLOOR
,DOOR_LDF_UNIT3_BACKROW_TOPFLOOR,EXTERIOR DOOR,0.239,0.300,21.01,WALL_LDF_1.UNIT3_BACKROW_TOPFLOOR
,DOOR_LDB_UNIT3_FRONTROW_TOPFLOOR,EXTERIOR DOOR,0.239,0.300,21.01,WALL_LDB_1.UNIT3_FRONTROW_TOPFLOOR
,DOOR_LDB_UNIT1_FRONTROW_TOPFLOOR,EXTERIOR DOOR,0.239,0.300,21.01,WALL_LDB_1.UNIT1_FRONTROW_TOPFLOOR
,DOOR_LDF_UNIT2_BACKROW_TOPFLOOR,EXTERIOR DOOR,0.239,0.300,21.01,WALL_LDF_1.UNIT2_BACKROW_TOPFLOOR
,DOOR_LDB_UNIT2_FRONTROW_TOPFLOOR,EXTERIOR DOOR,0.239,0.300,21.01,WALL_LDB_1.UNIT2_FRONTROW_TOPFLOOR
,DOOR_LDF_UNIT1_BACKROW_TOPFLOOR,EXTERIOR DOOR,0.239,0.300,21.01,WALL_LDF_1.UNIT1_BACKROW_TOPFLOOR


Interior Door

,,Construction,U-Factor with Film [Btu/h-ft2-F],U-Factor no Film [Btu/h-ft2-F],Gross Area [ft2],Parent Surface
,None,,,,,


----------------------------------------------------------------------------------------------------
REPORT:,Shading Summary
FOR:,Entire Facility
Sunlit Fraction

,,March 21 9am,March 21 noon,March 21 3pm,June 21 9am,June 21 noon,June 21 3pm,December 21 9am,December 21 noon,December 21 3pm
,WINDOW_LDF_UNIT1_FRONTROW_BOTTOMFLOOR,0.99,0.99,0.99,,,,,,
,WINDOW_SDL_UNIT3_FRONTROW_BOTTOMFLOOR,0.00,0.00,0.99,,,,,,
,WINDOW_LDF_UNIT2_FRONTROW_BOTTOMFLOOR,0.99,0.99,0.99,,,,,,
,WINDOW_LDF_UNIT3_FRONTROW_BOTTOMFLOOR,0.99,0.99,0.99,,,,,,
,WINDOW_SDR_UNIT3_FRONTROW_BOTTOMFLOOR,1.00,0.77,0.00,,,,,,
,WINDOW_LDB_UNIT1_BACKROW_BOTTOMFLOOR,0.00,0.00,0.00,,,,,,
,WINDOW_SDL_UNIT3_BACKROW_BOTTOMFLOOR,0.00,0.00,0.99,,,,,,
,WINDOW_LDB_UNIT2_BACKROW_BOTTOMFLOOR,0.00,0.00,0.00,,,,,,
,WINDOW_SDR_UNIT3_BACKROW_BOTTOMFLOOR,1.00,0.77,0.00,,,,,,
,WINDOW_LDB_UNIT3_BACKROW_BOTTOMFLOOR,0.00,0.00,0.00,,,,,,
,WINDOW_LDF_UNIT1_FRONTROW_MIDDLEFLOOR,0.99,0.99,0.99,,,,,,
,WINDOW_SDL_UNIT3_FRONTROW_MIDDLEFLOOR,0.00,0.00,0.99,,,,,,
,WINDOW_LDF_UNIT2_FRONTROW_MIDDLEFLOOR,0.99,0.99,0.99,,,,,,
,WINDOW_LDF_UNIT3_FRONTROW_MIDDLEFLOOR,0.99,0.99,0.99,,,,,,
,WINDOW_SDR_UNIT3_FRONTROW_MIDDLEFLOOR,1.00,0.77,0.00,,,,,,
,WINDOW_LDB_UNIT1_BACKROW_MIDDLEFLOOR,0.00,0.00,0.00,,,,,,
,WINDOW_SDL_UNIT3_BACKROW_MIDDLEFLOOR,0.00,0.00,0.99,,,,,,
,WINDOW_LDB_UNIT2_BACKROW_MIDDLEFLOOR,0.00,0.00,0.00,,,,,,
,WINDOW_SDR_UNIT3_BACKROW_MIDDLEFLOOR,1.00,0.77,0.00,,,,,,
,WINDOW_LDB_UNIT3_BACKROW_MIDDLEFLOOR,0.00,0.00,0.00,,,,,,
,WINDOW_SDR_UNIT3_BACKROW_TOPFLOOR,1.00,0.77,0.00,,,,,,
,WINDOW_LDB_UNIT3_BACKROW_TOPFLOOR,0.00,0.00,0.00,,,,,,
,WINDOW_LDF_UNIT3_FRONTROW_TOPFLOOR,0.99,0.99,0.99,,,,,,
,WINDOW_SDR_UNIT3_FRONTROW_TOPFLOOR,1.00,0.77,0.00,,,,,,
,WINDOW_LDF_UNIT1_FRONTROW_TOPFLOOR,0.99,0.99,0.99,,,,,,
,WINDOW_SDL_UNIT3_FRONTROW_TOPFLOOR,0.00,0.00,0.99,,,,,,
,WINDOW_LDB_UNIT2_BACKROW_TOPFLOOR,0.00,0.00,0.00,,,,,,
,WINDOW_LDF_UNIT2_FRONTROW_TOPFLOOR,0.99,0.99,0.99,,,,,,
,WINDOW_LDB_UNIT1_BACKROW_TOPFLOOR,0.00,0.00,0.00,,,,,,
,WINDOW_SDL_UNIT3_BACKROW_TOPFLOOR,0.00,0.00,0.99,,,,,,


Window Control

,,Name,Type,Shaded Construction,Control,Glare Control
,WINDOW_LDF_UNIT1_FRONTROW_BOTTOMFLOOR,SHADES-LIVING_UNIT1_FRONTROW_BOTTOMFLOOR,Interior Blind,WINDOW_W_BLINDS,OnIfScheduleAllows,No
,WINDOW_SDL_UNIT3_FRONTROW_BOTTOMFLOOR,SHADES-LIVING_UNIT3_FRONTROW_BOTTOMFLOOR,Interior Blind,WINDOW_W_BLINDS,OnIfScheduleAllows,No
,WINDOW_LDF_UNIT2_FRONTROW_BOTTOMFLOOR,SHADES-LIVING_UNIT2_FRONTROW_BOTTOMFLOOR,Interior Blind,WINDOW_W_BLINDS,OnIfScheduleAllows,No
,WINDOW_LDF_UNIT3_FRONTROW_BOTTOMFLOOR,SHADES-LIVING_UNIT3_FRONTROW_BOTTOMFLOOR,Interior Blind,WINDOW_W_BLINDS,OnIfScheduleAllows,No
,WINDOW_SDR_UNIT3_FRONTROW_BOTTOMFLOOR,SHADES-LIVING_UNIT3_FRONTROW_BOTTOMFLOOR,Interior Blind,WINDOW_W_BLINDS,OnIfScheduleAllows,No
,WINDOW_LDB_UNIT1_BACKROW_BOTTOMFLOOR,SHADES-LIVING_UNIT1_BACKROW_BOTTOMFLOOR,Interior Blind,WINDOW_W_BLINDS,OnIfScheduleAllows,No
,WINDOW_SDL_UNIT3_BACKROW_BOTTOMFLOOR,SHADES-LIVING_UNIT3_BACKROW_BOTTOMFLOOR,Interior Blind,WINDOW_W_BLINDS,OnIfScheduleAllows,No
,WINDOW_LDB_UNIT2_BACKROW_BOTTOMFLOOR,SHADES-LIVING_UNIT2_BACKROW_BOTTOMFLOOR,Interior Blind,WINDOW_W_BLINDS,OnIfScheduleAllows,No
,WINDOW_SDR_UNIT3_BACKROW_BOTTOMFLOOR,SHADES-LIVING_UNIT3_BACKROW_BOTTOMFLOOR,Interior Blind,WINDOW_W_BLINDS,OnIfScheduleAllows,No
,WINDOW_LDB_UNIT3_BACKROW_BOTTOMFLOOR,SHADES-LIVING_UNIT3_BACKROW_BOTTOMFLOOR,Interior Blind,WINDOW_W_BLINDS,OnIfScheduleAllows,No
,WINDOW_LDF_UNIT1_FRONTROW_MIDDLEFLOOR,SHADES-LIVING_UNIT1_FRONTROW_MIDDLEFLOOR,Interior Blind,WINDOW_W_BLINDS,OnIfScheduleAllows,No
,WINDOW_SDL_UNIT3_FRONTROW_MIDDLEFLOOR,SHADES-LIVING_UNIT3_FRONTROW_MIDDLEFLOOR,Interior Blind,WINDOW_W_BLINDS,OnIfScheduleAllows,No
,WINDOW_LDF_UNIT2_FRONTROW_MIDDLEFLOOR,SHADES-LIVING_UNIT2_FRONTROW_MIDDLEFLOOR,Interior Blind,WINDOW_W_BLINDS,OnIfScheduleAllows,No
,WINDOW_LDF_UNIT3_FRONTROW_MIDDLEFLOOR,SHADES-LIVING_UNIT3_FRONTROW_MIDDLEFLOOR,Interior Blind,WINDOW_W_BLINDS,OnIfScheduleAllows,No
,WINDOW_SDR_UNIT3_FRONTROW_MIDDLEFLOOR,SHADES-LIVING_UNIT3_FRONTROW_MIDDLEFLOOR,Interior Blind,WINDOW_W_BLINDS,OnIfScheduleAllows,No
,WINDOW_LDB_UNIT1_BACKROW_MIDDLEFLOOR,SHADES-LIVING_UNIT1_BACKROW_MIDDLEFLOOR,Interior Blind,WINDOW_W_BLINDS,OnIfScheduleAllows,No
,WINDOW_SDL_UNIT3_BACKROW_MIDDLEFLOOR,SHADES-LIVING_UNIT3_BACKROW_MIDDLEFLOOR,Interior Blind,WINDOW_W_BLINDS,OnIfScheduleAllows,No
,WINDOW_LDB_UNIT2_BACKROW_MIDDLEFLOOR,SHADES-LIVING_UNIT2_BACKROW_MIDDLEFLOOR,Interior Blind,WINDOW_W_BLINDS,OnIfScheduleAllows,No
,WINDOW_SDR_UNIT3_BACKROW_MIDDLEFLOOR,SHADES-LIVING_UNIT3_BACKROW_MIDDLEFLOOR,Interior Blind,WINDOW_W_BLINDS,OnIfScheduleAllows,No
,WINDOW_LDB_UNIT3_BACKROW_MIDDLEFLOOR,SHADES-LIVING_UNIT3_BACKROW_MIDDLEFLOOR,Interior Blind,WINDOW_W_BLINDS,OnIfScheduleAllows,No
,WINDOW_SDR_UNIT3_BACKROW_TOPFLOOR,SHADES-LIVING_UNIT3_BACKROW_TOPFLOOR,Interior Blind,WINDOW_W_BLINDS,OnIfScheduleAllows,No
,WINDOW_LDB_UNIT3_BACKROW_TOPFLOOR,SHADES-LIVING_UNIT3_BACKROW_TOPFLOOR,Interior Blind,WINDOW_W_BLINDS,OnIfScheduleAllows,No
,WINDOW_LDF_UNIT3_FRONTROW_TOPFLOOR,SHADES-LIVING_UNIT3_FRONTROW_TOPFLOOR,Interior Blind,WINDOW_W_BLINDS,OnIfScheduleAllows,No
,WINDOW_SDR_UNIT3_FRONTROW_TOPFLOOR,SHADES-LIVING_UNIT3_FRONTROW_TOPFLOOR,Interior Blind,WINDOW_W_BLINDS,OnIfScheduleAllows,No
,WINDOW_LDF_UNIT1_FRONTROW_TOPFLOOR,SHADES-LIVING_UNIT1_FRONTROW_TOPFLOOR,Interior Blind,WINDOW_W_BLINDS,OnIfScheduleAllows,No
,WINDOW_SDL_UNIT3_FRONTROW_TOPFLOOR,SHADES-LIVING_UNIT3_FRONTROW_TOPFLOOR,Interior Blind,WINDOW_W_BLINDS,OnIfScheduleAllows,No
,WINDOW_LDB_UNIT2_BACKROW_TOPFLOOR,SHADES-LIVING_UNIT2_BACKROW_TOPFLOOR,Interior Blind,WINDOW_W_BLINDS,OnIfScheduleAllows,No
,WINDOW_LDF_UNIT2_FRONTROW_TOPFLOOR,SHADES-LIVING_UNIT2_FRONTROW_TOPFLOOR,Interior Blind,WINDOW_W_BLINDS,OnIfScheduleAllows,No
,WINDOW_LDB_UNIT1_BACKROW_TOPFLOOR,SHADES-LIVING_UNIT1_BACKROW_TOPFLOOR,Interior Blind,WINDOW_W_BLINDS,OnIfScheduleAllows,No
,WINDOW_SDL_UNIT3_BACKROW_TOPFLOOR,SHADES-LIVING_UNIT3_BACKROW_TOPFLOOR,Interior Blind,WINDOW_W_BLINDS,OnIfScheduleAllows,No


----------------------------------------------------------------------------------------------------
REPORT:,Lighting Summary
FOR:,Entire Facility
Interior Lighting

,,Zone Name,Space Name,Space Type,Lighting Power Density [Btu/h-ft2],Space Area [ft2],Total Power [Btu/h],End Use Subcategory,Schedule Name,Scheduled Hours/Week [hr],Hours/Week > 1% [hr],Full Load Hours/Week [hr],Return Air Fraction,Conditioned (Y/N),Consumption [kWh]
,LIVING HARDWIRED LIGHTING1_FRONTROW_BOTTOMFLOOR,LIVING_UNIT1_FRONTROW_BOTTOMFLOOR,LIVING_UNIT1_FRONTROW_BOTTOMFLOOR,GENERAL,0.4008,1200.55,481.17,General,INTERIORLIGHTINGHE,58.88,168.00,58.88,0.0000,Y,106.75
,LIVING PLUG-IN LIGHTING1_FRONTROW_BOTTOMFLOOR,LIVING_UNIT1_FRONTROW_BOTTOMFLOOR,LIVING_UNIT1_FRONTROW_BOTTOMFLOOR,GENERAL,0.1823,1200.55,218.81,General,INTERIORLIGHTINGHE,58.88,168.00,58.88,0.0000,Y,48.55
,LIVING HARDWIRED LIGHTING2_FRONTROW_BOTTOMFLOOR,LIVING_UNIT2_FRONTROW_BOTTOMFLOOR,LIVING_UNIT2_FRONTROW_BOTTOMFLOOR,GENERAL,0.4008,1200.55,481.17,General,INTERIORLIGHTINGHE,58.88,168.00,58.88,0.0000,Y,106.75
,LIVING PLUG-IN LIGHTING2_FRONTROW_BOTTOMFLOOR,LIVING_UNIT2_FRONTROW_BOTTOMFLOOR,LIVING_UNIT2_FRONTROW_BOTTOMFLOOR,GENERAL,0.1823,1200.55,218.81,General,INTERIORLIGHTINGHE,58.88,168.00,58.88,0.0000,Y,48.55
,LIVING HARDWIRED LIGHTING3_FRONTROW_BOTTOMFLOOR,LIVING_UNIT3_FRONTROW_BOTTOMFLOOR,LIVING_UNIT3_FRONTROW_BOTTOMFLOOR,GENERAL,0.4008,1200.55,481.17,General,INTERIORLIGHTINGHE,58.88,168.00,58.88,0.0000,Y,106.75
,LIVING PLUG-IN LIGHTING3_FRONTROW_BOTTOMFLOOR,LIVING_UNIT3_FRONTROW_BOTTOMFLOOR,LIVING_UNIT3_FRONTROW_BOTTOMFLOOR,GENERAL,0.1823,1200.55,218.81,General,INTERIORLIGHTINGHE,58.88,168.00,58.88,0.0000,Y,48.55
,LIVING HARDWIRED LIGHTING1_BACKROW_BOTTOMFLOOR,LIVING_UNIT1_BACKROW_BOTTOMFLOOR,LIVING_UNIT1_BACKROW_BOTTOMFLOOR,GENERAL,0.4008,1200.55,481.17,General,INTERIORLIGHTINGHE,58.88,168.00,58.88,0.0000,Y,106.75
,LIVING PLUG-IN LIGHTING1_BACKROW_BOTTOMFLOOR,LIVING_UNIT1_BACKROW_BOTTOMFLOOR,LIVING_UNIT1_BACKROW_BOTTOMFLOOR,GENERAL,0.1823,1200.55,218.81,General,INTERIORLIGHTINGHE,58.88,168.00,58.88,0.0000,Y,48.55
,LIVING HARDWIRED LIGHTING2_BACKROW_BOTTOMFLOOR,LIVING_UNIT2_BACKROW_BOTTOMFLOOR,LIVING_UNIT2_BACKROW_BOTTOMFLOOR,GENERAL,0.4008,1200.55,481.17,General,INTERIORLIGHTINGHE,58.88,168.00,58.88,0.0000,Y,106.75
,LIVING PLUG-IN LIGHTING2_BACKROW_BOTTOMFLOOR,LIVING_UNIT2_BACKROW_BOTTOMFLOOR,LIVING_UNIT2_BACKROW_BOTTOMFLOOR,GENERAL,0.1823,1200.55,218.81,General,INTERIORLIGHTINGHE,58.88,168.00,58.88,0.0000,Y,48.55
,LIVING HARDWIRED LIGHTING3_BACKROW_BOTTOMFLOOR,LIVING_UNIT3_BACKROW_BOTTOMFLOOR,LIVING_UNIT3_BACKROW_BOTTOMFLOOR,GENERAL,0.4008,1200.55,481.17,General,INTERIORLIGHTINGHE,58.88,168.00,58.88,0.0000,Y,106.75
,LIVING PLUG-IN LIGHTING3_BACKROW_BOTTOMFLOOR,LIVING_UNIT3_BACKROW_BOTTOMFLOOR,LIVING_UNIT3_BACKROW_BOTTOMFLOOR,GENERAL,0.1823,1200.55,218.81,General,INTERIORLIGHTINGHE,58.88,168.00,58.88,0.0000,Y,48.55
,LIVING HARDWIRED LIGHTING1_FRONTROW_MIDDLEFLOOR,LIVING_UNIT1_FRONTROW_MIDDLEFLOOR,LIVING_UNIT1_FRONTROW_MIDDLEFLOOR,GENERAL,0.4008,1200.55,481.17,General,INTERIORLIGHTINGHE,58.88,168.00,58.88,0.0000,Y,106.75
,LIVING PLUG-IN LIGHTING1_FRONTROW_MIDDLEFLOOR,LIVING_UNIT1_FRONTROW_MIDDLEFLOOR,LIVING_UNIT1_FRONTROW_MIDDLEFLOOR,GENERAL,0.1823,1200.55,218.81,General,INTERIORLIGHTINGHE,58.88,168.00,58.88,0.0000,Y,48.55
,LIVING HARDWIRED LIGHTING2_FRONTROW_MIDDLEFLOOR,LIVING_UNIT2_FRONTROW_MIDDLEFLOOR,LIVING_UNIT2_FRONTROW_MIDDLEFLOOR,GENERAL,0.4008,1200.55,481.17,General,INTERIORLIGHTINGHE,58.88,168.00,58.88,0.0000,Y,106.75
,LIVING PLUG-IN LIGHTING2_FRONTROW_MIDDLEFLOOR,LIVING_UNIT2_FRONTROW_MIDDLEFLOOR,LIVING_UNIT2_FRONTROW_MIDDLEFLOOR,GENERAL,0.1823,1200.55,218.81,General,INTERIORLIGHTINGHE,58.88,168.00,58.88,0.0000,Y,48.55
,LIVING HARDWIRED LIGHTING3_FRONTROW_MIDDLEFLOOR,LIVING_UNIT3_FRONTROW_MIDDLEFLOOR,LIVING_UNIT3_FRONTROW_MIDDLEFLOOR,GENERAL,0.4008,1200.55,481.17,General,INTERIORLIGHTINGHE,58.88,168.00,58.88,0.0000,Y,106.75
,LIVING PLUG-IN LIGHTING3_FRONTROW_MIDDLEFLOOR,LIVING_UNIT3_FRONTROW_MIDDLEFLOOR,LIVING_UNIT3_FRONTROW_MIDDLEFLOOR,GENERAL,0.1823,1200.55,218.81,General,INTERIORLIGHTINGHE,58.88,168.00,58.88,0.0000,Y,48.55
,LIVING HARDWIRED LIGHTING1_BACKROW_MIDDLEFLOOR,LIVING_UNIT1_BACKROW_MIDDLEFLOOR,LIVING_UNIT1_BACKROW_MIDDLEFLOOR,GENERAL,0.4008,1200.55,481.17,General,INTERIORLIGHTINGHE,58.88,168.00,58.88,0.0000,Y,106.75
,LIVING PLUG-IN LIGHTING1_BACKROW_MIDDLEFLOOR,LIVING_UNIT1_BACKROW_MIDDLEFLOOR,LIVING_UNIT1_BACKROW_MIDDLEFLOOR,GENERAL,0.1823,1200.55,218.81,General,INTERIORLIGHTINGHE,58.88,168.00,58.88,0.0000,Y,48.55
,LIVING HARDWIRED LIGHTING2_BACKROW_MIDDLEFLOOR,LIVING_UNIT2_BACKROW_MIDDLEFLOOR,LIVING_UNIT2_BACKROW_MIDDLEFLOOR,GENERAL,0.4008,1200.55,481.17,General,INTERIORLIGHTINGHE,58.88,168.00,58.88,0.0000,Y,106.75
,LIVING PLUG-IN LIGHTING2_BACKROW_MIDDLEFLOOR,LIVING_UNIT2_BACKROW_MIDDLEFLOOR,LIVING_UNIT2_BACKROW_MIDDLEFLOOR,GENERAL,0.1823,1200.55,218.81,General,INTERIORLIGHTINGHE,58.88,168.00,58.88,0.0000,Y,48.55
,LIVING HARDWIRED LIGHTING3_BACKROW_MIDDLEFLOOR,LIVING_UNIT3_BACKROW_MIDDLEFLOOR,LIVING_UNIT3_BACKROW_MIDDLEFLOOR,GENERAL,0.4008,1200.55,481.17,General,INTERIORLIGHTINGHE,58.88,168.00,58.88,0.0000,Y,106.75
,LIVING PLUG-IN LIGHTING3_BACKROW_MIDDLEFLOOR,LIVING_UNIT3_BACKROW_MIDDLEFLOOR,LIVING_UNIT3_BACKROW_MIDDLEFLOOR,GENERAL,0.1823,1200.55,218.81,General,INTERIORLIGHTINGHE,58.88,168.00,58.88,0.0000,Y,48.55
,LIVING HARDWIRED LIGHTING1_FRONTROW_TOPFLOOR,LIVING_UNIT1_FRONTROW_TOPFLOOR,LIVING_UNIT1_FRONTROW_TOPFLOOR,GENERAL,0.4008,1200.55,481.17,General,INTERIORLIGHTINGHE,58.88,168.00,58.88,0.0000,Y,106.75
,LIVING PLUG-IN LIGHTING1_FRONTROW_TOPFLOOR,LIVING_UNIT1_FRONTROW_TOPFLOOR,LIVING_UNIT1_FRONTROW_TOPFLOOR,GENERAL,0.1823,1200.55,218.81,General,INTERIORLIGHTINGHE,58.88,168.00,58.88,0.0000,Y,48.55
,LIVING HARDWIRED LIGHTING2_FRONTROW_TOPFLOOR,LIVING_UNIT2_FRONTROW_TOPFLOOR,LIVING_UNIT2_FRONTROW_TOPFLOOR,GENERAL,0.4008,1200.55,481.17,General,INTERIORLIGHTINGHE,58.88,168.00,58.88,0.0000,Y,106.75
,LIVING PLUG-IN LIGHTING2_FRONTROW_TOPFLOOR,LIVING_UNIT2_FRONTROW_TOPFLOOR,LIVING_UNIT2_FRONTROW_TOPFLOOR,GENERAL,0.1823,1200.55,218.81,General,INTERIORLIGHTINGHE,58.88,168.00,58.88,0.0000,Y,48.55
,LIVING HARDWIRED LIGHTING3_FRONTROW_TOPFLOOR,LIVING_UNIT3_FRONTROW_TOPFLOOR,LIVING_UNIT3_FRONTROW_TOPFLOOR,GENERAL,0.4008,1200.55,481.17,General,INTERIORLIGHTINGHE,58.88,168.00,58.88,0.0000,Y,106.75
,LIVING PLUG-IN LIGHTING3_FRONTROW_TOPFLOOR,LIVING_UNIT3_FRONTROW_TOPFLOOR,LIVING_UNIT3_FRONTROW_TOPFLOOR,GENERAL,0.1823,1200.55,218.81,General,INTERIORLIGHTINGHE,58.88,168.00,58.88,0.0000,Y,48.55
,LIVING HARDWIRED LIGHTING1_BACKROW_TOPFLOOR,LIVING_UNIT1_BACKROW_TOPFLOOR,LIVING_UNIT1_BACKROW_TOPFLOOR,GENERAL,0.4008,1200.55,481.17,General,INTERIORLIGHTINGHE,58.88,168.00,58.88,0.0000,Y,106.75
,LIVING PLUG-IN LIGHTING1_BACKROW_TOPFLOOR,LIVING_UNIT1_BACKROW_TOPFLOOR,LIVING_UNIT1_BACKROW_TOPFLOOR,GENERAL,0.1823,1200.55,218.81,General,INTERIORLIGHTINGHE,58.88,168.00,58.88,0.0000,Y,48.55
,LIVING HARDWIRED LIGHTING2_BACKROW_TOPFLOOR,LIVING_UNIT2_BACKROW_TOPFLOOR,LIVING_UNIT2_BACKROW_TOPFLOOR,GENERAL,0.4008,1200.55,481.17,General,INTERIORLIGHTINGHE,58.88,168.00,58.88,0.0000,Y,106.75
,LIVING PLUG-IN LIGHTING2_BACKROW_TOPFLOOR,LIVING_UNIT2_BACKROW_TOPFLOOR,LIVING_UNIT2_BACKROW_TOPFLOOR,GENERAL,0.1823,1200.55,218.81,General,INTERIORLIGHTINGHE,58.88,168.00,58.88,0.0000,Y,48.55
,LIVING HARDWIRED LIGHTING3_BACKROW_TOPFLOOR,LIVING_UNIT3_BACKROW_TOPFLOOR,LIVING_UNIT3_BACKROW_TOPFLOOR,GENERAL,0.4008,1200.55,481.17,General,INTERIORLIGHTINGHE,58.88,168.00,58.88,0.0000,Y,106.75
,LIVING PLUG-IN LIGHTING3_BACKROW_TOPFLOOR,LIVING_UNIT3_BACKROW_TOPFLOOR,LIVING_UNIT3_BACKROW_TOPFLOOR,GENERAL,0.1823,1200.55,218.81,General,INTERIORLIGHTINGHE,58.88,168.00,58.88,0.0000,Y,48.55
,Interior Lighting Total,,,,0.2915,43219.92,12599.76,,,,,,,,2795.38


Daylighting

,,Zone,Control Name,Daylighting Method,Control Type,Fraction Controlled,Lighting Installed in Zone [Btu/h],Lighting Controlled [Btu/h]
,None,,,,,,,


Exterior Lighting

,,Total Watts,Astronomical Clock/Schedule,Schedule Name,Scheduled Hours/Week [hr],Hours/Week > 1% [hr],Full Load Hours/Week [hr],Consumption [kWh]
,EXTERIOR-LIGHTS_UNIT1_FRONTROW_BOTTOMFLOOR,69.87,Schedule,EXTERIORLIGHTING,84.00,84.00,84.00,75.46
,GARAGE-LIGHTS_UNIT1_FRONTROW_BOTTOMFLOOR,0.00,Schedule,INTERIORLIGHTINGHE,58.88,0.00,,0.00
,EXTERIOR-LIGHTS_UNIT2_FRONTROW_BOTTOMFLOOR,69.87,Schedule,EXTERIORLIGHTING,84.00,84.00,84.00,75.46
,GARAGE-LIGHTS_UNIT2_FRONTROW_BOTTOMFLOOR,0.00,Schedule,INTERIORLIGHTINGHE,58.88,0.00,,0.00
,EXTERIOR-LIGHTS_UNIT3_FRONTROW_BOTTOMFLOOR,69.87,Schedule,EXTERIORLIGHTING,84.00,84.00,84.00,75.46
,GARAGE-LIGHTS_UNIT3_FRONTROW_BOTTOMFLOOR,0.00,Schedule,INTERIORLIGHTINGHE,58.88,0.00,,0.00
,EXTERIOR-LIGHTS_UNIT1_BACKROW_BOTTOMFLOOR,69.87,Schedule,EXTERIORLIGHTING,84.00,84.00,84.00,75.46
,GARAGE-LIGHTS_UNIT1_BACKROW_BOTTOMFLOOR,0.00,Schedule,INTERIORLIGHTINGHE,58.88,0.00,,0.00
,EXTERIOR-LIGHTS_UNIT2_BACKROW_BOTTOMFLOOR,69.87,Schedule,EXTERIORLIGHTING,84.00,84.00,84.00,75.46
,GARAGE-LIGHTS_UNIT2_BACKROW_BOTTOMFLOOR,0.00,Schedule,INTERIORLIGHTINGHE,58.88,0.00,,0.00
,EXTERIOR-LIGHTS_UNIT3_BACKROW_BOTTOMFLOOR,69.87,Schedule,EXTERIORLIGHTING,84.00,84.00,84.00,75.46
,GARAGE-LIGHTS_UNIT3_BACKROW_BOTTOMFLOOR,0.00,Schedule,INTERIORLIGHTINGHE,58.88,0.00,,0.00
,EXTERIOR-LIGHTS_UNIT1_FRONTROW_MIDDLEFLOOR,69.87,Schedule,EXTERIORLIGHTING,84.00,84.00,84.00,75.46
,GARAGE-LIGHTS_UNIT1_FRONTROW_MIDDLEFLOOR,0.00,Schedule,INTERIORLIGHTINGHE,58.88,0.00,,0.00
,EXTERIOR-LIGHTS_UNIT2_FRONTROW_MIDDLEFLOOR,69.87,Schedule,EXTERIORLIGHTING,84.00,84.00,84.00,75.46
,GARAGE-LIGHTS_UNIT2_FRONTROW_MIDDLEFLOOR,0.00,Schedule,INTERIORLIGHTINGHE,58.88,0.00,,0.00
,EXTERIOR-LIGHTS_UNIT3_FRONTROW_MIDDLEFLOOR,69.87,Schedule,EXTERIORLIGHTING,84.00,84.00,84.00,75.46
,GARAGE-LIGHTS_UNIT3_FRONTROW_MIDDLEFLOOR,0.00,Schedule,INTERIORLIGHTINGHE,58.88,0.00,,0.00
,EXTERIOR-LIGHTS_UNIT1_BACKROW_MIDDLEFLOOR,69.87,Schedule,EXTERIORLIGHTING,84.00,84.00,84.00,75.46
,GARAGE-LIGHTS_UNIT1_BACKROW_MIDDLEFLOOR,0.00,Schedule,INTERIORLIGHTINGHE,58.88,0.00,,0.00
,EXTERIOR-LIGHTS_UNIT2_BACKROW_MIDDLEFLOOR,69.87,Schedule,EXTERIORLIGHTING,84.00,84.00,84.00,75.46
,GARAGE-LIGHTS_UNIT2_BACKROW_MIDDLEFLOOR,0.00,Schedule,INTERIORLIGHTINGHE,58.88,0.00,,0.00
,EXTERIOR-LIGHTS_UNIT3_BACKROW_MIDDLEFLOOR,69.87,Schedule,EXTERIORLIGHTING,84.00,84.00,84.00,75.46
,GARAGE-LIGHTS_UNIT3_BACKROW_MIDDLEFLOOR,0.00,Schedule,INTERIORLIGHTINGHE,58.88,0.00,,0.00
,EXTERIOR-LIGHTS_UNIT1_FRONTROW_TOPFLOOR,69.87,Schedule,EXTERIORLIGHTING,84.00,84.00,84.00,75.46
,GARAGE-LIGHTS_UNIT1_FRONTROW_TOPFLOOR,0.00,Schedule,INTERIORLIGHTINGHE,58.88,0.00,,0.00
,EXTERIOR-LIGHTS_UNIT2_FRONTROW_TOPFLOOR,69.87,Schedule,EXTERIORLIGHTING,84.00,84.00,84.00,75.46
,GARAGE-LIGHTS_UNIT2_FRONTROW_TOPFLOOR,0.00,Schedule,INTERIORLIGHTINGHE,58.88,0.00,,0.00
,EXTERIOR-LIGHTS_UNIT3_FRONTROW_TOPFLOOR,69.87,Schedule,EXTERIORLIGHTING,84.00,84.00,84.00,75.46
,GARAGE-LIGHTS_UNIT3_FRONTROW_TOPFLOOR,0.00,Schedule,INTERIORLIGHTINGHE,58.88,0.00,,0.00
,EXTERIOR-LIGHTS_UNIT1_BACKROW_TOPFLOOR,69.87,Schedule,EXTERIORLIGHTING,84.00,84.00,84.00,75.46
,GARAGE-LIGHTS_UNIT1_BACKROW_TOPFLOOR,0.00,Schedule,INTERIORLIGHTINGHE,58.88,0.00,,0.00
,EXTERIOR-LIGHTS_UNIT2_BACKROW_TOPFLOOR,69.87,Schedule,EXTERIORLIGHTING,84.00,84.00,84.00,75.46
,GARAGE-LIGHTS_UNIT2_BACKROW_TOPFLOOR,0.00,Schedule,INTERIORLIGHTINGHE,58.88,0.00,,0.00
,EXTERIOR-LIGHTS_UNIT3_BACKROW_TOPFLOOR,69.87,Schedule,EXTERIORLIGHTING,84.00,84.00,84.00,75.46
,GARAGE-LIGHTS_UNIT3_BACKROW_TOPFLOOR,0.00,Schedule,INTERIORLIGHTINGHE,58.88,0.00,,0.00
,Exterior Lighting Total,1257.69,,,,,,1358.31


----------------------------------------------------------------------------------------------------
REPORT:,Equipment Summary
FOR:,Entire Facility
Central Plant

,,Type,Reference Capacity [Btu/h],Reference Efficiency [Btuh/Btuh],Rated Capacity [Btu/h],Rated Efficiency [Btuh/Btuh],IPLV in SI Units [W/W],IPLV in IP Units [Btu/W-h]
,None,,,,,,,


Cooling Coils

,,Type,Design Coil Load [Btu/h],Nominal Total Capacity [Btu/h],Nominal Sensible Capacity [Btu/h],Nominal Latent Capacity [Btu/h],Nominal Sensible Heat Ratio,Nominal Efficiency [Btuh/Btuh],Nominal Coil UA Value [Btu/h-F],Nominal Coil Surface Area [ft2]
,DX COOLING COIL_UNIT1_FRONTROW_BOTTOMFLOOR,Coil:Cooling:DX:SingleSpeed,,4486.64,3592.26,894.39,0.80,3.97,,
,DX COOLING COIL_UNIT2_FRONTROW_BOTTOMFLOOR,Coil:Cooling:DX:SingleSpeed,,3212.08,2571.77,640.31,0.80,3.97,,
,DX COOLING COIL_UNIT3_FRONTROW_BOTTOMFLOOR,Coil:Cooling:DX:SingleSpeed,,4481.56,3588.18,893.37,0.80,3.97,,
,DX COOLING COIL_UNIT1_BACKROW_BOTTOMFLOOR,Coil:Cooling:DX:SingleSpeed,,4486.16,3591.87,894.29,0.80,3.97,,
,DX COOLING COIL_UNIT2_BACKROW_BOTTOMFLOOR,Coil:Cooling:DX:SingleSpeed,,3210.36,2570.39,639.97,0.80,3.97,,
,DX COOLING COIL_UNIT3_BACKROW_BOTTOMFLOOR,Coil:Cooling:DX:SingleSpeed,,4478.56,3585.78,892.78,0.80,3.97,,
,DX COOLING COIL_UNIT1_FRONTROW_MIDDLEFLOOR,Coil:Cooling:DX:SingleSpeed,,3155.46,2526.43,629.02,0.80,3.97,,
,DX COOLING COIL_UNIT2_FRONTROW_MIDDLEFLOOR,Coil:Cooling:DX:SingleSpeed,,1889.86,1513.13,376.73,0.80,3.97,,
,DX COOLING COIL_UNIT3_FRONTROW_MIDDLEFLOOR,Coil:Cooling:DX:SingleSpeed,,3147.42,2520.00,627.42,0.80,3.97,,
,DX COOLING COIL_UNIT1_BACKROW_MIDDLEFLOOR,Coil:Cooling:DX:SingleSpeed,,3154.11,2525.36,628.76,0.80,3.97,,
,DX COOLING COIL_UNIT2_BACKROW_MIDDLEFLOOR,Coil:Cooling:DX:SingleSpeed,,1887.44,1511.19,376.25,0.80,3.97,,
,DX COOLING COIL_UNIT3_BACKROW_MIDDLEFLOOR,Coil:Cooling:DX:SingleSpeed,,3143.82,2517.12,626.70,0.80,3.97,,
,DX COOLING COIL_UNIT1_FRONTROW_TOPFLOOR,Coil:Cooling:DX:SingleSpeed,,4572.42,3660.93,911.49,0.80,3.97,,
,DX COOLING COIL_UNIT2_FRONTROW_TOPFLOOR,Coil:Cooling:DX:SingleSpeed,,3301.53,2643.39,658.14,0.80,3.97,,
,DX COOLING COIL_UNIT3_FRONTROW_TOPFLOOR,Coil:Cooling:DX:SingleSpeed,,4562.59,3653.06,909.53,0.80,3.97,,
,DX COOLING COIL_UNIT1_BACKROW_TOPFLOOR,Coil:Cooling:DX:SingleSpeed,,4569.04,3658.23,910.81,0.80,3.97,,
,DX COOLING COIL_UNIT2_BACKROW_TOPFLOOR,Coil:Cooling:DX:SingleSpeed,,3297.39,2640.07,657.32,0.80,3.97,,
,DX COOLING COIL_UNIT3_BACKROW_TOPFLOOR,Coil:Cooling:DX:SingleSpeed,,4557.62,3649.08,908.54,0.80,3.97,,
Nominal values are gross at rated conditions, i.e., the supply air fan heat and electric power NOT accounted for.


DX Cooling Coils

,,DX Cooling Coil Type,Standard Rated Net Cooling Capacity [ton],Standard Rated Net COP [Btuh/Btuh],EER [Btu/W-h],SEER User [Btu/W-h],SEER Standard [Btu/W-h],IEER [Btu/W-h]
,DX COOLING COIL_UNIT1_FRONTROW_BOTTOMFLOOR,,0.4,3.19,10.89,11.54,11.09,11.07
,DX COOLING COIL_UNIT2_FRONTROW_BOTTOMFLOOR,,0.3,3.19,10.89,11.54,11.09,11.07
,DX COOLING COIL_UNIT3_FRONTROW_BOTTOMFLOOR,,0.4,3.19,10.89,11.54,11.09,11.07
,DX COOLING COIL_UNIT1_BACKROW_BOTTOMFLOOR,,0.4,3.19,10.89,11.54,11.09,11.07
,DX COOLING COIL_UNIT2_BACKROW_BOTTOMFLOOR,,0.3,3.19,10.89,11.54,11.09,11.07
,DX COOLING COIL_UNIT3_BACKROW_BOTTOMFLOOR,,0.4,3.19,10.89,11.54,11.09,11.07
,DX COOLING COIL_UNIT1_FRONTROW_MIDDLEFLOOR,,0.3,3.19,10.89,11.54,11.09,11.07
,DX COOLING COIL_UNIT2_FRONTROW_MIDDLEFLOOR,,0.2,3.19,10.89,11.54,11.09,11.07
,DX COOLING COIL_UNIT3_FRONTROW_MIDDLEFLOOR,,0.2,3.19,10.89,11.54,11.09,11.07
,DX COOLING COIL_UNIT1_BACKROW_MIDDLEFLOOR,,0.3,3.19,10.89,11.54,11.09,11.07
,DX COOLING COIL_UNIT2_BACKROW_MIDDLEFLOOR,,0.1,3.19,10.89,11.54,11.09,11.07
,DX COOLING COIL_UNIT3_BACKROW_MIDDLEFLOOR,,0.2,3.19,10.89,11.54,11.09,11.07
,DX COOLING COIL_UNIT1_FRONTROW_TOPFLOOR,,0.4,3.19,10.89,11.54,11.09,11.07
,DX COOLING COIL_UNIT2_FRONTROW_TOPFLOOR,,0.3,3.19,10.89,11.54,11.09,11.07
,DX COOLING COIL_UNIT3_FRONTROW_TOPFLOOR,,0.4,3.19,10.89,11.54,11.09,11.07
,DX COOLING COIL_UNIT1_BACKROW_TOPFLOOR,,0.4,3.19,10.89,11.54,11.09,11.07
,DX COOLING COIL_UNIT2_BACKROW_TOPFLOOR,,0.3,3.19,10.89,11.54,11.09,11.07
,DX COOLING COIL_UNIT3_BACKROW_TOPFLOOR,,0.4,3.19,10.89,11.54,11.09,11.07
ANSI/AHRI ratings account for supply air fan heat and electric power. SEER User is calculated using user-input PLF curve and cooling coefficient of degradation whereas SEER Standard is calculated using AHRI Std 210/240-2008 default PLF curve and cooling coefficient of degradation.


DX Cooling Coil ASHRAE 127 Standard Ratings Report

,,DX Cooling Coil Type,Rated Net Cooling Capacity Test A [ton],Rated Electric Power Test A [W],Rated Net Cooling Capacity Test B [ton],Rated Electric Power Test B [W],Rated Net Cooling Capacity Test C [ton],Rated Electric Power Test C [W],Rated Net Cooling Capacity Test D [ton],Rated Electric Power Test D [W]
,DX COOLING COIL_UNIT1_FRONTROW_BOTTOMFLOOR,Coil:Cooling:DX:SingleSpeed,,,,,,,,
,DX COOLING COIL_UNIT2_FRONTROW_BOTTOMFLOOR,Coil:Cooling:DX:SingleSpeed,,,,,,,,
,DX COOLING COIL_UNIT3_FRONTROW_BOTTOMFLOOR,Coil:Cooling:DX:SingleSpeed,,,,,,,,
,DX COOLING COIL_UNIT1_BACKROW_BOTTOMFLOOR,Coil:Cooling:DX:SingleSpeed,,,,,,,,
,DX COOLING COIL_UNIT2_BACKROW_BOTTOMFLOOR,Coil:Cooling:DX:SingleSpeed,,,,,,,,
,DX COOLING COIL_UNIT3_BACKROW_BOTTOMFLOOR,Coil:Cooling:DX:SingleSpeed,,,,,,,,
,DX COOLING COIL_UNIT1_FRONTROW_MIDDLEFLOOR,Coil:Cooling:DX:SingleSpeed,,,,,,,,
,DX COOLING COIL_UNIT2_FRONTROW_MIDDLEFLOOR,Coil:Cooling:DX:SingleSpeed,,,,,,,,
,DX COOLING COIL_UNIT3_FRONTROW_MIDDLEFLOOR,Coil:Cooling:DX:SingleSpeed,,,,,,,,
,DX COOLING COIL_UNIT1_BACKROW_MIDDLEFLOOR,Coil:Cooling:DX:SingleSpeed,,,,,,,,
,DX COOLING COIL_UNIT2_BACKROW_MIDDLEFLOOR,Coil:Cooling:DX:SingleSpeed,,,,,,,,
,DX COOLING COIL_UNIT3_BACKROW_MIDDLEFLOOR,Coil:Cooling:DX:SingleSpeed,,,,,,,,
,DX COOLING COIL_UNIT1_FRONTROW_TOPFLOOR,Coil:Cooling:DX:SingleSpeed,,,,,,,,
,DX COOLING COIL_UNIT2_FRONTROW_TOPFLOOR,Coil:Cooling:DX:SingleSpeed,,,,,,,,
,DX COOLING COIL_UNIT3_FRONTROW_TOPFLOOR,Coil:Cooling:DX:SingleSpeed,,,,,,,,
,DX COOLING COIL_UNIT1_BACKROW_TOPFLOOR,Coil:Cooling:DX:SingleSpeed,,,,,,,,
,DX COOLING COIL_UNIT2_BACKROW_TOPFLOOR,Coil:Cooling:DX:SingleSpeed,,,,,,,,
,DX COOLING COIL_UNIT3_BACKROW_TOPFLOOR,Coil:Cooling:DX:SingleSpeed,,,,,,,,


DX Heating Coils

,,DX Heating Coil Type,High Temperature Heating (net) Rating Capacity [Btu/h],Low Temperature Heating (net) Rating Capacity [Btu/h],HSPF [Btu/W-h],Region Number
,None,,,,,


Heating Coils

,,Type,Design Coil Load [Btu/h],Nominal Total Capacity [Btu/h],Nominal Efficiency [Btuh/Btuh]
,MAIN ELECTRIC HEATING COIL_UNIT1_FRONTROW_BOTTOMFLOOR,Coil:Heating:Electric,,12943.41,1.00
,MAIN ELECTRIC HEATING COIL_UNIT2_FRONTROW_BOTTOMFLOOR,Coil:Heating:Electric,,13648.00,1.00
,MAIN ELECTRIC HEATING COIL_UNIT3_FRONTROW_BOTTOMFLOOR,Coil:Heating:Electric,,12933.12,1.00
,MAIN ELECTRIC HEATING COIL_UNIT1_BACKROW_BOTTOMFLOOR,Coil:Heating:Electric,,12942.43,1.00
,MAIN ELECTRIC HEATING COIL_UNIT2_BACKROW_BOTTOMFLOOR,Coil:Heating:Electric,,10362.21,1.00
,MAIN ELECTRIC HEATING COIL_UNIT3_BACKROW_BOTTOMFLOOR,Coil:Heating:Electric,,12927.06,1.00
,MAIN ELECTRIC HEATING COIL_UNIT1_FRONTROW_MIDDLEFLOOR,Coil:Heating:Electric,,10250.88,1.00
,MAIN ELECTRIC HEATING COIL_UNIT2_FRONTROW_MIDDLEFLOOR,Coil:Heating:Electric,,7691.58,1.00
,MAIN ELECTRIC HEATING COIL_UNIT3_FRONTROW_MIDDLEFLOOR,Coil:Heating:Electric,,10234.63,1.00
,MAIN ELECTRIC HEATING COIL_UNIT1_BACKROW_MIDDLEFLOOR,Coil:Heating:Electric,,10248.15,1.00
,MAIN ELECTRIC HEATING COIL_UNIT2_BACKROW_MIDDLEFLOOR,Coil:Heating:Electric,,7686.69,1.00
,MAIN ELECTRIC HEATING COIL_UNIT3_BACKROW_MIDDLEFLOOR,Coil:Heating:Electric,,10227.35,1.00
,MAIN ELECTRIC HEATING COIL_UNIT1_FRONTROW_TOPFLOOR,Coil:Heating:Electric,,13116.88,1.00
,MAIN ELECTRIC HEATING COIL_UNIT2_FRONTROW_TOPFLOOR,Coil:Heating:Electric,,10546.59,1.00
,MAIN ELECTRIC HEATING COIL_UNIT3_FRONTROW_TOPFLOOR,Coil:Heating:Electric,,13097.01,1.00
,MAIN ELECTRIC HEATING COIL_UNIT1_BACKROW_TOPFLOOR,Coil:Heating:Electric,,13110.05,1.00
,MAIN ELECTRIC HEATING COIL_UNIT2_BACKROW_TOPFLOOR,Coil:Heating:Electric,,10538.21,1.00
,MAIN ELECTRIC HEATING COIL_UNIT3_BACKROW_TOPFLOOR,Coil:Heating:Electric,,13086.94,1.00
,HEAT PUMP WATER HEATER EVAPORATOR_UNIT1_FRONTROW_BOTTOMFLOOR,Coil:WaterHeating:AirToWaterHeatPump:Wrapped,,3319.56,3.00
,HEAT PUMP WATER HEATER EVAPORATOR_UNIT2_FRONTROW_BOTTOMFLOOR,Coil:WaterHeating:AirToWaterHeatPump:Wrapped,,3319.56,3.00
,HEAT PUMP WATER HEATER EVAPORATOR_UNIT3_FRONTROW_BOTTOMFLOOR,Coil:WaterHeating:AirToWaterHeatPump:Wrapped,,3319.56,3.00
,HEAT PUMP WATER HEATER EVAPORATOR_UNIT1_BACKROW_BOTTOMFLOOR,Coil:WaterHeating:AirToWaterHeatPump:Wrapped,,3319.56,3.00
,HEAT PUMP WATER HEATER EVAPORATOR_UNIT2_BACKROW_BOTTOMFLOOR,Coil:WaterHeating:AirToWaterHeatPump:Wrapped,,3319.56,3.00
,HEAT PUMP WATER HEATER EVAPORATOR_UNIT3_BACKROW_BOTTOMFLOOR,Coil:WaterHeating:AirToWaterHeatPump:Wrapped,,3319.56,3.00
,HEAT PUMP WATER HEATER EVAPORATOR_UNIT1_FRONTROW_MIDDLEFLOOR,Coil:WaterHeating:AirToWaterHeatPump:Wrapped,,3319.56,3.00
,HEAT PUMP WATER HEATER EVAPORATOR_UNIT2_FRONTROW_MIDDLEFLOOR,Coil:WaterHeating:AirToWaterHeatPump:Wrapped,,3319.56,3.00
,HEAT PUMP WATER HEATER EVAPORATOR_UNIT3_FRONTROW_MIDDLEFLOOR,Coil:WaterHeating:AirToWaterHeatPump:Wrapped,,3319.56,3.00
,HEAT PUMP WATER HEATER EVAPORATOR_UNIT1_BACKROW_MIDDLEFLOOR,Coil:WaterHeating:AirToWaterHeatPump:Wrapped,,3319.56,3.00
,HEAT PUMP WATER HEATER EVAPORATOR_UNIT2_BACKROW_MIDDLEFLOOR,Coil:WaterHeating:AirToWaterHeatPump:Wrapped,,3319.56,3.00
,HEAT PUMP WATER HEATER EVAPORATOR_UNIT3_BACKROW_MIDDLEFLOOR,Coil:WaterHeating:AirToWaterHeatPump:Wrapped,,3319.56,3.00
,HEAT PUMP WATER HEATER EVAPORATOR_UNIT1_FRONTROW_TOPFLOOR,Coil:WaterHeating:AirToWaterHeatPump:Wrapped,,3319.56,3.00
,HEAT PUMP WATER HEATER EVAPORATOR_UNIT2_FRONTROW_TOPFLOOR,Coil:WaterHeating:AirToWaterHeatPump:Wrapped,,3319.56,3.00
,HEAT PUMP WATER HEATER EVAPORATOR_UNIT3_FRONTROW_TOPFLOOR,Coil:WaterHeating:AirToWaterHeatPump:Wrapped,,3319.56,3.00
,HEAT PUMP WATER HEATER EVAPORATOR_UNIT1_BACKROW_TOPFLOOR,Coil:WaterHeating:AirToWaterHeatPump:Wrapped,,3319.56,3.00
,HEAT PUMP WATER HEATER EVAPORATOR_UNIT2_BACKROW_TOPFLOOR,Coil:WaterHeating:AirToWaterHeatPump:Wrapped,,3319.56,3.00
,HEAT PUMP WATER HEATER EVAPORATOR_UNIT3_BACKROW_TOPFLOOR,Coil:WaterHeating:AirToWaterHeatPump:Wrapped,,3319.56,3.00
Nominal values are gross at rated conditions, i.e., the supply air fan heat and electric power NOT accounted for.


Fans

,,Type,Total Efficiency [Btuh/Btuh],Delta Pressure [psi],Max Air Flow Rate [ft3/min],Rated Electricity Rate [W],Rated Power Per Max Air Flow Rate [W-min/ft3],Motor Heat In Air Fraction,Fan Energy Index,End Use Subcategory,Design Day Name for Fan Sizing Peak,Date/Time for Fan Sizing Peak
,OASUPPLYFAN_UNIT1_FRONTROW_BOTTOMFLOOR,Fan:OnOff,0.60,0.08,44.99,18.75,0.42,0.00,12.21,Ventilation,,
,OAEXHAUSTFAN_UNIT1_FRONTROW_BOTTOMFLOOR,Fan:OnOff,0.60,0.08,44.99,18.75,0.42,0.00,12.21,Ventilation,,
,OASUPPLYFAN_UNIT2_FRONTROW_BOTTOMFLOOR,Fan:OnOff,0.60,0.08,44.99,18.75,0.42,0.00,12.21,Ventilation,,
,OAEXHAUSTFAN_UNIT2_FRONTROW_BOTTOMFLOOR,Fan:OnOff,0.60,0.08,44.99,18.75,0.42,0.00,12.21,Ventilation,,
,OASUPPLYFAN_UNIT3_FRONTROW_BOTTOMFLOOR,Fan:OnOff,0.60,0.08,44.99,18.75,0.42,0.00,12.21,Ventilation,,
,OAEXHAUSTFAN_UNIT3_FRONTROW_BOTTOMFLOOR,Fan:OnOff,0.60,0.08,44.99,18.75,0.42,0.00,12.21,Ventilation,,
,OASUPPLYFAN_UNIT1_BACKROW_BOTTOMFLOOR,Fan:OnOff,0.60,0.08,44.99,18.75,0.42,0.00,12.21,Ventilation,,
,OAEXHAUSTFAN_UNIT1_BACKROW_BOTTOMFLOOR,Fan:OnOff,0.60,0.08,44.99,18.75,0.42,0.00,12.21,Ventilation,,
,OASUPPLYFAN_UNIT2_BACKROW_BOTTOMFLOOR,Fan:OnOff,0.60,0.08,44.99,18.75,0.42,0.00,12.21,Ventilation,,
,OAEXHAUSTFAN_UNIT2_BACKROW_BOTTOMFLOOR,Fan:OnOff,0.60,0.08,44.99,18.75,0.42,0.00,12.21,Ventilation,,
,OASUPPLYFAN_UNIT3_BACKROW_BOTTOMFLOOR,Fan:OnOff,0.60,0.08,44.99,18.75,0.42,0.00,12.21,Ventilation,,
,OAEXHAUSTFAN_UNIT3_BACKROW_BOTTOMFLOOR,Fan:OnOff,0.60,0.08,44.99,18.75,0.42,0.00,12.21,Ventilation,,
,OASUPPLYFAN_UNIT1_FRONTROW_MIDDLEFLOOR,Fan:OnOff,0.60,0.08,44.99,18.75,0.42,0.00,12.21,Ventilation,,
,OAEXHAUSTFAN_UNIT1_FRONTROW_MIDDLEFLOOR,Fan:OnOff,0.60,0.08,44.99,18.75,0.42,0.00,12.21,Ventilation,,
,OASUPPLYFAN_UNIT2_FRONTROW_MIDDLEFLOOR,Fan:OnOff,0.60,0.08,44.99,18.75,0.42,0.00,12.21,Ventilation,,
,OAEXHAUSTFAN_UNIT2_FRONTROW_MIDDLEFLOOR,Fan:OnOff,0.60,0.08,44.99,18.75,0.42,0.00,12.21,Ventilation,,
,OASUPPLYFAN_UNIT3_FRONTROW_MIDDLEFLOOR,Fan:OnOff,0.60,0.08,44.99,18.75,0.42,0.00,12.21,Ventilation,,
,OAEXHAUSTFAN_UNIT3_FRONTROW_MIDDLEFLOOR,Fan:OnOff,0.60,0.08,44.99,18.75,0.42,0.00,12.21,Ventilation,,
,OASUPPLYFAN_UNIT1_BACKROW_MIDDLEFLOOR,Fan:OnOff,0.60,0.08,44.99,18.75,0.42,0.00,12.21,Ventilation,,
,OAEXHAUSTFAN_UNIT1_BACKROW_MIDDLEFLOOR,Fan:OnOff,0.60,0.08,44.99,18.75,0.42,0.00,12.21,Ventilation,,
,OASUPPLYFAN_UNIT2_BACKROW_MIDDLEFLOOR,Fan:OnOff,0.60,0.08,44.99,18.75,0.42,0.00,12.21,Ventilation,,
,OAEXHAUSTFAN_UNIT2_BACKROW_MIDDLEFLOOR,Fan:OnOff,0.60,0.08,44.99,18.75,0.42,0.00,12.21,Ventilation,,
,OASUPPLYFAN_UNIT3_BACKROW_MIDDLEFLOOR,Fan:OnOff,0.60,0.08,44.99,18.75,0.42,0.00,12.21,Ventilation,,
,OAEXHAUSTFAN_UNIT3_BACKROW_MIDDLEFLOOR,Fan:OnOff,0.60,0.08,44.99,18.75,0.42,0.00,12.21,Ventilation,,
,OASUPPLYFAN_UNIT3_BACKROW_TOPFLOOR,Fan:OnOff,0.60,0.08,44.99,18.75,0.42,0.00,12.21,Ventilation,,
,OAEXHAUSTFAN_UNIT3_BACKROW_TOPFLOOR,Fan:OnOff,0.60,0.08,44.99,18.75,0.42,0.00,12.21,Ventilation,,
,OASUPPLYFAN_UNIT3_FRONTROW_TOPFLOOR,Fan:OnOff,0.60,0.08,44.99,18.75,0.42,0.00,12.21,Ventilation,,
,OAEXHAUSTFAN_UNIT3_FRONTROW_TOPFLOOR,Fan:OnOff,0.60,0.08,44.99,18.75,0.42,0.00,12.21,Ventilation,,
,OASUPPLYFAN_UNIT1_FRONTROW_TOPFLOOR,Fan:OnOff,0.60,0.08,44.99,18.75,0.42,0.00,12.21,Ventilation,,
,OAEXHAUSTFAN_UNIT1_FRONTROW_TOPFLOOR,Fan:OnOff,0.60,0.08,44.99,18.75,0.42,0.00,12.21,Ventilation,,
,OASUPPLYFAN_UNIT2_BACKROW_TOPFLOOR,Fan:OnOff,0.60,0.08,44.99,18.75,0.42,0.00,12.21,Ventilation,,
,OAEXHAUSTFAN_UNIT2_BACKROW_TOPFLOOR,Fan:OnOff,0.60,0.08,44.99,18.75,0.42,0.00,12.21,Ventilation,,
,OASUPPLYFAN_UNIT2_FRONTROW_TOPFLOOR,Fan:OnOff,0.60,0.08,44.99,18.75,0.42,0.00,12.21,Ventilation,,
,OAEXHAUSTFAN_UNIT2_FRONTROW_TOPFLOOR,Fan:OnOff,0.60,0.08,44.99,18.75,0.42,0.00,12.21,Ventilation,,
,OASUPPLYFAN_UNIT1_BACKROW_TOPFLOOR,Fan:OnOff,0.60,0.08,44.99,18.75,0.42,0.00,12.21,Ventilation,,
,OAEXHAUSTFAN_UNIT1_BACKROW_TOPFLOOR,Fan:OnOff,0.60,0.08,44.99,18.75,0.42,0.00,12.21,Ventilation,,
,SUPPLY FAN_UNIT1_FRONTROW_BOTTOMFLOOR,Fan:OnOff,0.38,0.06,168.30,84.28,0.50,1.00,2.98,General,MONTREAL-TRUDEAU.INTL.AP ANN HUM_N 99.6% CONDNS DP=>MCDB,1/21 15:00:00
,SUPPLY FAN_UNIT2_FRONTROW_BOTTOMFLOOR,Fan:OnOff,0.38,0.06,120.49,60.34,0.50,1.00,3.79,General,MONTREAL-TRUDEAU.INTL.AP ANN HUM_N 99.6% CONDNS DP=>MCDB,1/21 15:00:00
,SUPPLY FAN_UNIT3_FRONTROW_BOTTOMFLOOR,Fan:OnOff,0.38,0.06,168.11,84.19,0.50,1.00,2.98,General,MONTREAL-TRUDEAU.INTL.AP ANN HUM_N 99.6% CONDNS DP=>MCDB,1/21 15:00:00
,SUPPLY FAN_UNIT1_BACKROW_BOTTOMFLOOR,Fan:OnOff,0.38,0.06,168.28,84.27,0.50,1.00,2.98,General,MONTREAL-TRUDEAU.INTL.AP ANN HUM_N 99.6% CONDNS DP=>MCDB,1/21 15:00:00
,SUPPLY FAN_UNIT2_BACKROW_BOTTOMFLOOR,Fan:OnOff,0.38,0.06,120.42,60.31,0.50,1.00,3.79,General,MONTREAL-TRUDEAU.INTL.AP ANN HUM_N 99.6% CONDNS DP=>MCDB,1/21 15:00:00
,SUPPLY FAN_UNIT3_BACKROW_BOTTOMFLOOR,Fan:OnOff,0.38,0.06,167.99,84.13,0.50,1.00,2.98,General,MONTREAL-TRUDEAU.INTL.AP ANN HUM_N 99.6% CONDNS DP=>MCDB,1/21 15:00:00
,SUPPLY FAN_UNIT1_FRONTROW_MIDDLEFLOOR,Fan:OnOff,0.38,0.06,118.36,59.28,0.50,1.00,3.84,General,MONTREAL-TRUDEAU.INTL.AP ANN HUM_N 99.6% CONDNS DP=>MCDB,1/21 15:00:00
,SUPPLY FAN_UNIT2_FRONTROW_MIDDLEFLOOR,Fan:OnOff,0.38,0.06,70.89,35.50,0.50,1.00,5.77,General,MONTREAL-TRUDEAU.INTL.AP ANN HUM_N 99.6% CONDNS DP=>MCDB,1/21 15:00:00
,SUPPLY FAN_UNIT3_FRONTROW_MIDDLEFLOOR,Fan:OnOff,0.38,0.06,118.06,59.13,0.50,1.00,3.85,General,MONTREAL-TRUDEAU.INTL.AP ANN HUM_N 99.6% CONDNS DP=>MCDB,1/21 15:00:00
,SUPPLY FAN_UNIT1_BACKROW_MIDDLEFLOOR,Fan:OnOff,0.38,0.06,118.31,59.25,0.50,1.00,3.84,General,MONTREAL-TRUDEAU.INTL.AP ANN HUM_N 99.6% CONDNS DP=>MCDB,1/21 15:00:00
,SUPPLY FAN_UNIT2_BACKROW_MIDDLEFLOOR,Fan:OnOff,0.38,0.06,70.80,35.46,0.50,1.00,5.77,General,MONTREAL-TRUDEAU.INTL.AP ANN HUM_N 99.6% CONDNS DP=>MCDB,1/21 15:00:00
,SUPPLY FAN_UNIT3_BACKROW_MIDDLEFLOOR,Fan:OnOff,0.38,0.06,117.93,59.06,0.50,1.00,3.85,General,MONTREAL-TRUDEAU.INTL.AP ANN HUM_N 99.6% CONDNS DP=>MCDB,1/21 15:00:00
,SUPPLY FAN_UNIT1_FRONTROW_TOPFLOOR,Fan:OnOff,0.38,0.06,171.52,85.89,0.50,1.00,2.94,General,MONTREAL-TRUDEAU.INTL.AP ANN HUM_N 99.6% CONDNS DP=>MCDB,1/21 15:00:00
,SUPPLY FAN_UNIT2_FRONTROW_TOPFLOOR,Fan:OnOff,0.38,0.06,123.84,62.02,0.50,1.00,3.71,General,MONTREAL-TRUDEAU.INTL.AP ANN HUM_N 99.6% CONDNS DP=>MCDB,1/21 15:00:00
,SUPPLY FAN_UNIT3_FRONTROW_TOPFLOOR,Fan:OnOff,0.38,0.06,171.15,85.71,0.50,1.00,2.95,General,MONTREAL-TRUDEAU.INTL.AP ANN HUM_N 99.6% CONDNS DP=>MCDB,1/21 15:00:00
,SUPPLY FAN_UNIT1_BACKROW_TOPFLOOR,Fan:OnOff,0.38,0.06,171.39,85.83,0.50,1.00,2.94,General,MONTREAL-TRUDEAU.INTL.AP ANN HUM_N 99.6% CONDNS DP=>MCDB,1/21 15:00:00
,SUPPLY FAN_UNIT2_BACKROW_TOPFLOOR,Fan:OnOff,0.38,0.06,123.69,61.94,0.50,1.00,3.71,General,MONTREAL-TRUDEAU.INTL.AP ANN HUM_N 99.6% CONDNS DP=>MCDB,1/21 15:00:00
,SUPPLY FAN_UNIT3_BACKROW_TOPFLOOR,Fan:OnOff,0.38,0.06,170.96,85.62,0.50,1.00,2.95,General,MONTREAL-TRUDEAU.INTL.AP ANN HUM_N 99.6% CONDNS DP=>MCDB,1/21 15:00:00
,HEAT PUMP WATER HEATER FAN_UNIT1_FRONTROW_BOTTOMFLOOR,Fan:OnOff,0.70,0.01,160.01,10.79,0.07,1.00,11.80,General,,
,HEAT PUMP WATER HEATER FAN_UNIT2_FRONTROW_BOTTOMFLOOR,Fan:OnOff,0.70,0.01,160.01,10.79,0.07,1.00,11.80,General,,
,HEAT PUMP WATER HEATER FAN_UNIT3_FRONTROW_BOTTOMFLOOR,Fan:OnOff,0.70,0.01,160.01,10.79,0.07,1.00,11.80,General,,
,HEAT PUMP WATER HEATER FAN_UNIT1_BACKROW_BOTTOMFLOOR,Fan:OnOff,0.70,0.01,160.01,10.79,0.07,1.00,11.80,General,,
,HEAT PUMP WATER HEATER FAN_UNIT2_BACKROW_BOTTOMFLOOR,Fan:OnOff,0.70,0.01,160.01,10.79,0.07,1.00,11.80,General,,
,HEAT PUMP WATER HEATER FAN_UNIT3_BACKROW_BOTTOMFLOOR,Fan:OnOff,0.70,0.01,160.01,10.79,0.07,1.00,11.80,General,,
,HEAT PUMP WATER HEATER FAN_UNIT1_FRONTROW_MIDDLEFLOOR,Fan:OnOff,0.70,0.01,160.01,10.79,0.07,1.00,11.80,General,,
,HEAT PUMP WATER HEATER FAN_UNIT2_FRONTROW_MIDDLEFLOOR,Fan:OnOff,0.70,0.01,160.01,10.79,0.07,1.00,11.80,General,,
,HEAT PUMP WATER HEATER FAN_UNIT3_FRONTROW_MIDDLEFLOOR,Fan:OnOff,0.70,0.01,160.01,10.79,0.07,1.00,11.80,General,,
,HEAT PUMP WATER HEATER FAN_UNIT1_BACKROW_MIDDLEFLOOR,Fan:OnOff,0.70,0.01,160.01,10.79,0.07,1.00,11.80,General,,
,HEAT PUMP WATER HEATER FAN_UNIT2_BACKROW_MIDDLEFLOOR,Fan:OnOff,0.70,0.01,160.01,10.79,0.07,1.00,11.80,General,,
,HEAT PUMP WATER HEATER FAN_UNIT3_BACKROW_MIDDLEFLOOR,Fan:OnOff,0.70,0.01,160.01,10.79,0.07,1.00,11.80,General,,
,HEAT PUMP WATER HEATER FAN_UNIT1_FRONTROW_TOPFLOOR,Fan:OnOff,0.70,0.01,160.01,10.79,0.07,1.00,11.80,General,,
,HEAT PUMP WATER HEATER FAN_UNIT2_FRONTROW_TOPFLOOR,Fan:OnOff,0.70,0.01,160.01,10.79,0.07,1.00,11.80,General,,
,HEAT PUMP WATER HEATER FAN_UNIT3_FRONTROW_TOPFLOOR,Fan:OnOff,0.70,0.01,160.01,10.79,0.07,1.00,11.80,General,,
,HEAT PUMP WATER HEATER FAN_UNIT1_BACKROW_TOPFLOOR,Fan:OnOff,0.70,0.01,160.01,10.79,0.07,1.00,11.80,General,,
,HEAT PUMP WATER HEATER FAN_UNIT2_BACKROW_TOPFLOOR,Fan:OnOff,0.70,0.01,160.01,10.79,0.07,1.00,11.80,General,,
,HEAT PUMP WATER HEATER FAN_UNIT3_BACKROW_TOPFLOOR,Fan:OnOff,0.70,0.01,160.01,10.79,0.07,1.00,11.80,General,,


Pumps

,,Type,Control,Head [psi],Water Flow [gal/min],Electricity Rate [W],Power Per Water Flow Rate [W-min/gal],Motor Efficiency [Btuh/Btuh],End Use Subcategory
,MAINS PRESSURE_UNIT1_FRONTROW_BOTTOMFLOOR,Pump:VariableSpeed,Intermittent,0.00,7.815904,0.00,0.00,1.00,General
,MAINS PRESSURE_UNIT2_FRONTROW_BOTTOMFLOOR,Pump:VariableSpeed,Intermittent,0.00,7.815904,0.00,0.00,1.00,General
,MAINS PRESSURE_UNIT3_FRONTROW_BOTTOMFLOOR,Pump:VariableSpeed,Intermittent,0.00,7.815904,0.00,0.00,1.00,General
,MAINS PRESSURE_UNIT1_BACKROW_BOTTOMFLOOR,Pump:VariableSpeed,Intermittent,0.00,7.815904,0.00,0.00,1.00,General
,MAINS PRESSURE_UNIT2_BACKROW_BOTTOMFLOOR,Pump:VariableSpeed,Intermittent,0.00,7.815904,0.00,0.00,1.00,General
,MAINS PRESSURE_UNIT3_BACKROW_BOTTOMFLOOR,Pump:VariableSpeed,Intermittent,0.00,7.815904,0.00,0.00,1.00,General
,MAINS PRESSURE_UNIT1_FRONTROW_MIDDLEFLOOR,Pump:VariableSpeed,Intermittent,0.00,7.815904,0.00,0.00,1.00,General
,MAINS PRESSURE_UNIT2_FRONTROW_MIDDLEFLOOR,Pump:VariableSpeed,Intermittent,0.00,7.815904,0.00,0.00,1.00,General
,MAINS PRESSURE_UNIT3_FRONTROW_MIDDLEFLOOR,Pump:VariableSpeed,Intermittent,0.00,7.815904,0.00,0.00,1.00,General
,MAINS PRESSURE_UNIT1_BACKROW_MIDDLEFLOOR,Pump:VariableSpeed,Intermittent,0.00,7.815904,0.00,0.00,1.00,General
,MAINS PRESSURE_UNIT2_BACKROW_MIDDLEFLOOR,Pump:VariableSpeed,Intermittent,0.00,7.815904,0.00,0.00,1.00,General
,MAINS PRESSURE_UNIT3_BACKROW_MIDDLEFLOOR,Pump:VariableSpeed,Intermittent,0.00,7.815904,0.00,0.00,1.00,General
,MAINS PRESSURE_UNIT1_FRONTROW_TOPFLOOR,Pump:VariableSpeed,Intermittent,0.00,7.815904,0.00,0.00,1.00,General
,MAINS PRESSURE_UNIT2_FRONTROW_TOPFLOOR,Pump:VariableSpeed,Intermittent,0.00,7.815904,0.00,0.00,1.00,General
,MAINS PRESSURE_UNIT3_FRONTROW_TOPFLOOR,Pump:VariableSpeed,Intermittent,0.00,7.815904,0.00,0.00,1.00,General
,MAINS PRESSURE_UNIT1_BACKROW_TOPFLOOR,Pump:VariableSpeed,Intermittent,0.00,7.815904,0.00,0.00,1.00,General
,MAINS PRESSURE_UNIT2_BACKROW_TOPFLOOR,Pump:VariableSpeed,Intermittent,0.00,7.815904,0.00,0.00,1.00,General
,MAINS PRESSURE_UNIT3_BACKROW_TOPFLOOR,Pump:VariableSpeed,Intermittent,0.00,7.815904,0.00,0.00,1.00,General


Service Water Heating

,,Type,Storage Volume [ft3],Input [Btu/h],Thermal Efficiency [Btuh/Btuh],Recovery Efficiency [Btuh/Btuh],Energy Factor
,WATER HEATER_UNIT1_FRONTROW_BOTTOMFLOOR,WaterHeater:HeatPump:WrappedCondenser,6.95,4503.21,1.00,0.00,0.00
,WATER HEATER_UNIT2_FRONTROW_BOTTOMFLOOR,WaterHeater:HeatPump:WrappedCondenser,6.95,4503.21,1.00,0.00,0.00
,WATER HEATER_UNIT3_FRONTROW_BOTTOMFLOOR,WaterHeater:HeatPump:WrappedCondenser,6.95,4503.21,1.00,0.00,0.00
,WATER HEATER_UNIT1_BACKROW_BOTTOMFLOOR,WaterHeater:HeatPump:WrappedCondenser,6.95,4503.21,1.00,0.00,0.00
,WATER HEATER_UNIT2_BACKROW_BOTTOMFLOOR,WaterHeater:HeatPump:WrappedCondenser,6.95,4503.21,1.00,0.00,0.00
,WATER HEATER_UNIT3_BACKROW_BOTTOMFLOOR,WaterHeater:HeatPump:WrappedCondenser,6.95,4503.21,1.00,0.00,0.00
,WATER HEATER_UNIT1_FRONTROW_MIDDLEFLOOR,WaterHeater:HeatPump:WrappedCondenser,6.95,4503.21,1.00,0.00,0.00
,WATER HEATER_UNIT2_FRONTROW_MIDDLEFLOOR,WaterHeater:HeatPump:WrappedCondenser,6.95,4503.21,1.00,0.00,0.00
,WATER HEATER_UNIT3_FRONTROW_MIDDLEFLOOR,WaterHeater:HeatPump:WrappedCondenser,6.95,4503.21,1.00,0.00,0.00
,WATER HEATER_UNIT1_BACKROW_MIDDLEFLOOR,WaterHeater:HeatPump:WrappedCondenser,6.95,4503.21,1.00,0.00,0.00
,WATER HEATER_UNIT2_BACKROW_MIDDLEFLOOR,WaterHeater:HeatPump:WrappedCondenser,6.95,4503.21,1.00,0.00,0.00
,WATER HEATER_UNIT3_BACKROW_MIDDLEFLOOR,WaterHeater:HeatPump:WrappedCondenser,6.95,4503.21,1.00,0.00,0.00
,WATER HEATER_UNIT1_FRONTROW_TOPFLOOR,WaterHeater:HeatPump:WrappedCondenser,6.95,4503.21,1.00,0.00,0.00
,WATER HEATER_UNIT2_FRONTROW_TOPFLOOR,WaterHeater:HeatPump:WrappedCondenser,6.95,4503.21,1.00,0.00,0.00
,WATER HEATER_UNIT3_FRONTROW_TOPFLOOR,WaterHeater:HeatPump:WrappedCondenser,6.95,4503.21,1.00,0.00,0.00
,WATER HEATER_UNIT1_BACKROW_TOPFLOOR,WaterHeater:HeatPump:WrappedCondenser,6.95,4503.21,1.00,0.00,0.00
,WATER HEATER_UNIT2_BACKROW_TOPFLOOR,WaterHeater:HeatPump:WrappedCondenser,6.95,4503.21,1.00,0.00,0.00
,WATER HEATER_UNIT3_BACKROW_TOPFLOOR,WaterHeater:HeatPump:WrappedCondenser,6.95,4503.21,1.00,0.00,0.00


----------------------------------------------------------------------------------------------------
REPORT:,HVAC Sizing Summary
FOR:,Entire Facility
Zone Sensible Cooling

,,Calculated Design Load [Btu/h],User Design Load [Btu/h],User Design Load per Area [Btu/h-ft2],Calculated Design Air Flow [ft3/min],User Design Air Flow [ft3/min],Design Day Name,Date/Time Of Peak {TIMESTAMP},Thermostat Setpoint Temperature at Peak Load [F],Indoor Temperature at Peak Load [F],Indoor Humidity Ratio at Peak Load [lbWater/lbDryAir],Outdoor Temperature at Peak Load [F],Outdoor Humidity Ratio at Peak Load [lbWater/lbDryAir],Minimum Outdoor Air Flow Rate [ft3/min],Heat Gain Rate from DOAS [Btu/h]
,LIVING_UNIT1_FRONTROW_BOTTOMFLOOR,0.00,0.00,0.00,0.000,44.995,,,78.80,71.99,0.00698,-7.8,0.00022,44.995,0.00
,LIVING_UNIT2_FRONTROW_BOTTOMFLOOR,0.00,0.00,0.00,0.000,44.995,,,78.80,71.99,0.00682,-7.8,0.00022,44.995,0.00
,LIVING_UNIT3_FRONTROW_BOTTOMFLOOR,0.00,0.00,0.00,0.000,44.995,,,78.80,71.99,0.00698,-7.8,0.00022,44.995,0.00
,LIVING_UNIT1_BACKROW_BOTTOMFLOOR,0.00,0.00,0.00,0.000,44.995,,,78.80,71.99,0.00698,-7.8,0.00022,44.995,0.00
,LIVING_UNIT2_BACKROW_BOTTOMFLOOR,0.00,0.00,0.00,0.000,44.995,,,78.80,71.99,0.00682,-7.8,0.00022,44.995,0.00
,LIVING_UNIT3_BACKROW_BOTTOMFLOOR,0.00,0.00,0.00,0.000,44.995,,,78.80,71.99,0.00698,-7.8,0.00022,44.995,0.00
,LIVING_UNIT1_FRONTROW_MIDDLEFLOOR,0.00,0.00,0.00,0.000,44.995,,,78.80,72.00,0.00768,-7.8,0.00022,44.995,0.00
,LIVING_UNIT2_FRONTROW_MIDDLEFLOOR,0.00,0.00,0.00,0.000,44.995,,,78.80,72.00,0.00796,-7.8,0.00022,44.995,0.00
,LIVING_UNIT3_FRONTROW_MIDDLEFLOOR,0.00,0.00,0.00,0.000,44.995,,,78.80,72.00,0.00768,-7.8,0.00022,44.995,0.00
,LIVING_UNIT1_BACKROW_MIDDLEFLOOR,0.00,0.00,0.00,0.000,44.995,,,78.80,72.00,0.00768,-7.8,0.00022,44.995,0.00
,LIVING_UNIT2_BACKROW_MIDDLEFLOOR,0.00,0.00,0.00,0.000,44.995,,,78.80,72.00,0.00796,-7.8,0.00022,44.995,0.00
,LIVING_UNIT3_BACKROW_MIDDLEFLOOR,0.00,0.00,0.00,0.000,44.995,,,78.80,72.00,0.00768,-7.8,0.00022,44.995,0.00
,LIVING_UNIT3_BACKROW_TOPFLOOR,0.00,0.00,0.00,0.000,44.995,,,78.80,71.99,0.00699,-7.8,0.00022,44.995,0.00
,LIVING_UNIT3_FRONTROW_TOPFLOOR,0.00,0.00,0.00,0.000,44.995,,,78.80,71.99,0.00699,-7.8,0.00022,44.995,0.00
,LIVING_UNIT1_FRONTROW_TOPFLOOR,0.00,0.00,0.00,0.000,44.995,,,78.80,71.99,0.00699,-7.8,0.00022,44.995,0.00
,LIVING_UNIT2_BACKROW_TOPFLOOR,0.00,0.00,0.00,0.000,44.995,,,78.80,71.99,0.00685,-7.8,0.00022,44.995,0.00
,LIVING_UNIT2_FRONTROW_TOPFLOOR,0.00,0.00,0.00,0.000,44.995,,,78.80,71.99,0.00685,-7.8,0.00022,44.995,0.00
,LIVING_UNIT1_BACKROW_TOPFLOOR,0.00,0.00,0.00,0.000,44.995,,,78.80,71.99,0.00699,-7.8,0.00022,44.995,0.00
The Design Load is the zone sensible load only. It does not include any system effects or ventilation loads.


Zone Sensible Heating

,,Calculated Design Load [Btu/h],User Design Load [Btu/h],User Design Load per Area [Btu/h-ft2],Calculated Design Air Flow [ft3/min],User Design Air Flow [ft3/min],Design Day Name,Date/Time Of Peak {TIMESTAMP},Thermostat Setpoint Temperature at Peak Load [F],Indoor Temperature at Peak Load [F],Indoor Humidity Ratio at Peak Load [lbWater/lbDryAir],Outdoor Temperature at Peak Load [F],Outdoor Humidity Ratio at Peak Load [lbWater/lbDryAir],Minimum Outdoor Air Flow Rate [ft3/min],Heat Gain Rate from DOAS [Btu/h]
,LIVING_UNIT1_FRONTROW_BOTTOMFLOOR,9207.78,9207.78,7.67,168.298,168.298,MONTREAL-TRUDEAU.INTL.AP ANN HUM_N 99.6% CONDNS DP=>MCDB,1/21 15:00:00,72.00,71.99,0.00689,-7.8,0.00022,44.995,0.00
,LIVING_UNIT2_FRONTROW_BOTTOMFLOOR,6591.89,6591.89,5.49,120.488,120.488,MONTREAL-TRUDEAU.INTL.AP ANN HUM_N 99.6% CONDNS DP=>MCDB,1/21 15:00:00,72.00,71.99,0.00672,-7.8,0.00022,44.995,0.00
,LIVING_UNIT3_FRONTROW_BOTTOMFLOOR,9197.33,9197.33,7.66,168.107,168.107,MONTREAL-TRUDEAU.INTL.AP ANN HUM_N 99.6% CONDNS DP=>MCDB,1/21 15:00:00,72.00,71.99,0.00689,-7.8,0.00022,44.995,0.00
,LIVING_UNIT1_BACKROW_BOTTOMFLOOR,9206.78,9206.78,7.67,168.280,168.280,MONTREAL-TRUDEAU.INTL.AP ANN HUM_N 99.6% CONDNS DP=>MCDB,1/21 15:00:00,72.00,71.99,0.00689,-7.8,0.00022,44.995,0.00
,LIVING_UNIT2_BACKROW_BOTTOMFLOOR,6588.37,6588.37,5.49,120.424,120.424,MONTREAL-TRUDEAU.INTL.AP ANN HUM_N 99.6% CONDNS DP=>MCDB,1/21 15:00:00,72.00,71.99,0.00672,-7.8,0.00022,44.995,0.00
,LIVING_UNIT3_BACKROW_BOTTOMFLOOR,9191.18,9191.18,7.66,167.995,167.995,MONTREAL-TRUDEAU.INTL.AP ANN HUM_N 99.6% CONDNS DP=>MCDB,1/21 15:00:00,72.00,71.99,0.00689,-7.8,0.00022,44.995,0.00
,LIVING_UNIT1_FRONTROW_MIDDLEFLOOR,6475.20,6475.20,5.39,118.364,118.364,MONTREAL-TRUDEAU.INTL.AP ANN HUM_N 99.6% CONDNS DP=>MCDB,1/21 15:00:00,72.00,72.00,0.00745,-7.8,0.00022,44.995,0.00
,LIVING_UNIT2_FRONTROW_MIDDLEFLOOR,3878.01,3878.01,3.23,70.890,70.890,MONTREAL-TRUDEAU.INTL.AP ANN HUM_N 99.6% CONDNS DP=>MCDB,1/21 15:00:00,72.00,72.00,0.00752,-7.8,0.00022,44.995,0.00
,LIVING_UNIT3_FRONTROW_MIDDLEFLOOR,6458.71,6458.71,5.38,118.063,118.063,MONTREAL-TRUDEAU.INTL.AP ANN HUM_N 99.6% CONDNS DP=>MCDB,1/21 15:00:00,72.00,72.00,0.00745,-7.8,0.00022,44.995,0.00
,LIVING_UNIT1_BACKROW_MIDDLEFLOOR,6472.43,6472.43,5.39,118.314,118.314,MONTREAL-TRUDEAU.INTL.AP ANN HUM_N 99.6% CONDNS DP=>MCDB,1/21 15:00:00,72.00,72.00,0.00745,-7.8,0.00022,44.995,0.00
,LIVING_UNIT2_BACKROW_MIDDLEFLOOR,3873.06,3873.06,3.23,70.800,70.800,MONTREAL-TRUDEAU.INTL.AP ANN HUM_N 99.6% CONDNS DP=>MCDB,1/21 15:00:00,72.00,72.00,0.00752,-7.8,0.00022,44.995,0.00
,LIVING_UNIT3_BACKROW_MIDDLEFLOOR,6451.32,6451.32,5.37,117.928,117.928,MONTREAL-TRUDEAU.INTL.AP ANN HUM_N 99.6% CONDNS DP=>MCDB,1/21 15:00:00,72.00,72.00,0.00745,-7.8,0.00022,44.995,0.00
,LIVING_UNIT3_BACKROW_TOPFLOOR,9353.43,9353.43,7.79,170.960,170.960,MONTREAL-TRUDEAU.INTL.AP ANN HUM_N 99.6% CONDNS DP=>MCDB,1/21 15:00:00,72.00,71.99,0.00690,-7.8,0.00022,44.995,0.00
,LIVING_UNIT3_FRONTROW_TOPFLOOR,9363.64,9363.64,7.80,171.147,171.147,MONTREAL-TRUDEAU.INTL.AP ANN HUM_N 99.6% CONDNS DP=>MCDB,1/21 15:00:00,72.00,71.99,0.00690,-7.8,0.00022,44.995,0.00
,LIVING_UNIT1_FRONTROW_TOPFLOOR,9383.81,9383.81,7.82,171.516,171.516,MONTREAL-TRUDEAU.INTL.AP ANN HUM_N 99.6% CONDNS DP=>MCDB,1/21 15:00:00,72.00,71.99,0.00690,-7.8,0.00022,44.995,0.00
,LIVING_UNIT2_BACKROW_TOPFLOOR,6766.97,6766.97,5.64,123.688,123.688,MONTREAL-TRUDEAU.INTL.AP ANN HUM_N 99.6% CONDNS DP=>MCDB,1/21 15:00:00,72.00,71.99,0.00675,-7.8,0.00022,44.995,0.00
,LIVING_UNIT2_FRONTROW_TOPFLOOR,6775.48,6775.48,5.64,123.844,123.844,MONTREAL-TRUDEAU.INTL.AP ANN HUM_N 99.6% CONDNS DP=>MCDB,1/21 15:00:00,72.00,71.99,0.00675,-7.8,0.00022,44.995,0.00
,LIVING_UNIT1_BACKROW_TOPFLOOR,9376.87,9376.87,7.81,171.389,171.389,MONTREAL-TRUDEAU.INTL.AP ANN HUM_N 99.6% CONDNS DP=>MCDB,1/21 15:00:00,72.00,71.99,0.00690,-7.8,0.00022,44.995,0.00
The Design Load is the zone sensible load only. It does not include any system effects or ventilation loads.


System Design Air Flow Rates

,,Calculated cooling [ft3/min],User cooling [ft3/min],Calculated heating [ft3/min],User heating [ft3/min],Adjusted cooling [ft3/min],Adjusted heating [ft3/min],Adjusted main [ft3/min],Calculated Heating Air Flow Ratio [],User Heating Air Flow Ratio []
,CENTRAL SYSTEM_UNIT1_FRONTROW_BOTTOMFLOOR,44.99,44.99,168.30,168.30,168.2982,168.2982,168.2982,1.0000,1.0000
,CENTRAL SYSTEM_UNIT2_FRONTROW_BOTTOMFLOOR,44.99,44.99,120.49,120.49,120.4879,120.4879,120.4879,1.0000,1.0000
,CENTRAL SYSTEM_UNIT3_FRONTROW_BOTTOMFLOOR,44.99,44.99,168.11,168.11,168.1073,168.1073,168.1073,1.0000,1.0000
,CENTRAL SYSTEM_UNIT1_BACKROW_BOTTOMFLOOR,44.99,44.99,168.28,168.28,168.2799,168.2799,168.2799,1.0000,1.0000
,CENTRAL SYSTEM_UNIT2_BACKROW_BOTTOMFLOOR,44.99,44.99,120.42,120.42,120.4237,120.4237,120.4237,1.0000,1.0000
,CENTRAL SYSTEM_UNIT3_BACKROW_BOTTOMFLOOR,44.99,44.99,167.99,167.99,167.9949,167.9949,167.9949,1.0000,1.0000
,CENTRAL SYSTEM_UNIT1_FRONTROW_MIDDLEFLOOR,44.99,44.99,118.36,118.36,118.3642,118.3642,118.3642,1.0000,1.0000
,CENTRAL SYSTEM_UNIT2_FRONTROW_MIDDLEFLOOR,44.99,44.99,70.89,70.89,70.8904,70.8904,70.8904,1.0000,1.0000
,CENTRAL SYSTEM_UNIT3_FRONTROW_MIDDLEFLOOR,44.99,44.99,118.06,118.06,118.0627,118.0627,118.0627,1.0000,1.0000
,CENTRAL SYSTEM_UNIT1_BACKROW_MIDDLEFLOOR,44.99,44.99,118.31,118.31,118.3136,118.3136,118.3136,1.0000,1.0000
,CENTRAL SYSTEM_UNIT2_BACKROW_MIDDLEFLOOR,44.99,44.99,70.80,70.80,70.7997,70.7997,70.7997,1.0000,1.0000
,CENTRAL SYSTEM_UNIT3_BACKROW_MIDDLEFLOOR,44.99,44.99,117.93,117.93,117.9277,117.9277,117.9277,1.0000,1.0000
,CENTRAL SYSTEM_UNIT1_FRONTROW_TOPFLOOR,44.99,44.99,171.52,171.52,171.5157,171.5157,171.5157,1.0000,1.0000
,CENTRAL SYSTEM_UNIT2_FRONTROW_TOPFLOOR,44.99,44.99,123.84,123.84,123.8436,123.8436,123.8436,1.0000,1.0000
,CENTRAL SYSTEM_UNIT3_FRONTROW_TOPFLOOR,44.99,44.99,171.15,171.15,171.1471,171.1471,171.1471,1.0000,1.0000
,CENTRAL SYSTEM_UNIT1_BACKROW_TOPFLOOR,44.99,44.99,171.39,171.39,171.3889,171.3889,171.3889,1.0000,1.0000
,CENTRAL SYSTEM_UNIT2_BACKROW_TOPFLOOR,44.99,44.99,123.69,123.69,123.6882,123.6882,123.6882,1.0000,1.0000
,CENTRAL SYSTEM_UNIT3_BACKROW_TOPFLOOR,44.99,44.99,170.96,170.96,170.9604,170.9604,170.9604,1.0000,1.0000


Plant Loop Coincident Design Fluid Flow Rate Adjustments

,,Previous Design Volume Flow Rate [ft3/min],Algorithm Volume Flow Rate [ft3/min],Coincident Design Volume Flow Rate [ft3/min],Coincident Size Adjusted,Peak Sizing Period Name,Peak Day into Period {TIMESTAMP}[day],Peak Hour Of Day {TIMESTAMP}[hr],Peak Step Start Minute {TIMESTAMP}[min]
,None,,,,,,,,


Coil Sizing Summary

,,Coil Type,HVAC Type,HVAC Name,Coil Final Gross Total Capacity [Btu/h],Coil Final Gross Sensible Capacity [Btu/h],Coil Final Reference Air Volume Flow Rate [ft3/min],Coil Final Reference Plant Fluid Volume Flow Rate [ft3/min],Coil U-value Times Area Value [Btu/h-F],Design Day Name at Sensible Ideal Loads Peak,Date/Time at Sensible Ideal Loads Peak,Design Day Name at Air Flow Ideal Loads Peak,Date/Time at Air Flow Ideal Loads Peak,Coil Total Capacity at Ideal Loads Peak [Btu/h],Coil Sensible Capacity at Ideal Loads Peak [Btu/h],Coil Air Volume Flow Rate at Ideal Loads Peak [ft3/min],Coil Entering Air Drybulb at Ideal Loads Peak [F],Coil Entering Air Wetbulb at Ideal Loads Peak [F],Coil Entering Air Humidity Ratio at Ideal Loads Peak [lbWater/lbDryAir],Coil Leaving Air Drybulb at Ideal Loads Peak [F],Coil Leaving Air Wetbulb at Ideal Loads Peak [F],Coil Leaving Air Humidity Ratio at Ideal Loads Peak [lbWater/lbDryAir],Outdoor Air Drybulb at Ideal Loads Peak [F],Outdoor Air Humidity Ratio at Ideal Loads Peak [lbWater/lbDryAir],Outdoor Air Wetbulb at Ideal Loads Peak [F],Outdoor Air Flow Percentage at Ideal Loads Peak [%],Zone Air Drybulb at Ideal Loads Peak [F],Zone Air Humidity Ratio at Ideal Loads Peak [lbWater/lbDryAir],Zone Air Relative Humidity at Ideal Loads Peak [%],Zone Sensible Heat Gain at Ideal Loads Peak [Btu/h],Zone Latent Heat Gain at Ideal Loads Peak [Btu/h],Coil Total Capacity at Rating Conditions [Btu/h],Coil Sensible Capacity at Rating Conditions [Btu/h]
,DX COOLING COIL_UNIT1_FRONTROW_BOTTOMFLOOR,Coil:Cooling:DX:SingleSpeed,AirLoopHVAC,CENTRAL SYSTEM_UNIT1_FRONTROW_BOTTOMFLOOR,4486.644,3592.255,168.298169,-999.,-999.00,unknown,unknown,MONTREAL-TRUDEAU.INTL.AP ANN HUM_N 99.6% CONDNS DP=>MCDB,1/21 00:15:00,12865.21,12865.21,168.298169,-6.2,-7.7,0.00022226,-7.8,-9.1,0.00022226,-7.8,0.00022226,-9.1,26.7353,-999.0,-999.,-999.000,0.00,0.00,4488.52,3581.68
,MAIN ELECTRIC HEATING COIL_UNIT1_FRONTROW_BOTTOMFLOOR,Coil:Heating:Electric,AirLoopHVAC,CENTRAL SYSTEM_UNIT1_FRONTROW_BOTTOMFLOOR,12943.413,12943.413,-999.,-999.,-999.00,MONTREAL-TRUDEAU.INTL.AP ANN HUM_N 99.6% CONDNS DP=>MCDB,1/21 15:00:00,MONTREAL-TRUDEAU.INTL.AP ANN HUM_N 99.6% CONDNS DP=>MCDB,1/21 15:00:00,12943.41,12943.41,168.298169,50.67,45.12,0.00510560,122.00,75.08,0.00800000,-7.8,0.00022226,-9.1,26.7353,71.99,0.00688759,41.2302,9207.78,0.00,-999.0,-999.0
,DX COOLING COIL_UNIT2_FRONTROW_BOTTOMFLOOR,Coil:Cooling:DX:SingleSpeed,AirLoopHVAC,CENTRAL SYSTEM_UNIT2_FRONTROW_BOTTOMFLOOR,3212.076,2571.765,120.487935,-999.,-999.00,unknown,unknown,MONTREAL-TRUDEAU.INTL.AP ANN HUM_N 99.6% CONDNS DP=>MCDB,1/21 00:15:00,9210.46,9210.46,120.487935,-6.2,-7.7,0.00022226,-7.8,-9.1,0.00022226,-7.8,0.00022226,-9.1,37.3440,-999.0,-999.,-999.000,0.00,0.00,3213.42,2564.20
,MAIN ELECTRIC HEATING COIL_UNIT2_FRONTROW_BOTTOMFLOOR,Coil:Heating:Electric,AirLoopHVAC,CENTRAL SYSTEM_UNIT2_FRONTROW_BOTTOMFLOOR,13648.000,13648.000,-999.,-999.,-999.00,MONTREAL-TRUDEAU.INTL.AP ANN HUM_N 99.6% CONDNS DP=>MCDB,1/21 15:00:00,MONTREAL-TRUDEAU.INTL.AP ANN HUM_N 99.6% CONDNS DP=>MCDB,1/21 15:00:00,13648.00,10518.90,120.487935,42.20,39.00,0.00429382,122.00,75.08,0.00800000,-7.8,0.00022226,-9.1,37.3440,71.99,0.00672053,40.2394,6591.89,0.00,-999.0,-999.0
,DX COOLING COIL_UNIT3_FRONTROW_BOTTOMFLOOR,Coil:Cooling:DX:SingleSpeed,AirLoopHVAC,CENTRAL SYSTEM_UNIT3_FRONTROW_BOTTOMFLOOR,4481.556,3588.181,168.107304,-999.,-999.00,unknown,unknown,MONTREAL-TRUDEAU.INTL.AP ANN HUM_N 99.6% CONDNS DP=>MCDB,1/21 00:15:00,12850.62,12850.62,168.107304,-6.2,-7.7,0.00022226,-7.8,-9.1,0.00022226,-7.8,0.00022226,-9.1,26.7656,-999.0,-999.,-999.000,0.00,0.00,4483.43,3577.62
,MAIN ELECTRIC HEATING COIL_UNIT3_FRONTROW_BOTTOMFLOOR,Coil:Heating:Electric,AirLoopHVAC,CENTRAL SYSTEM_UNIT3_FRONTROW_BOTTOMFLOOR,12933.123,12933.123,-999.,-999.,-999.00,MONTREAL-TRUDEAU.INTL.AP ANN HUM_N 99.6% CONDNS DP=>MCDB,1/21 15:00:00,MONTREAL-TRUDEAU.INTL.AP ANN HUM_N 99.6% CONDNS DP=>MCDB,1/21 15:00:00,12933.12,12933.12,168.107304,50.64,45.10,0.00510281,122.00,75.08,0.00800000,-7.8,0.00022226,-9.1,26.7656,71.99,0.00688655,41.2240,9197.33,0.00,-999.0,-999.0
,DX COOLING COIL_UNIT1_BACKROW_BOTTOMFLOOR,Coil:Cooling:DX:SingleSpeed,AirLoopHVAC,CENTRAL SYSTEM_UNIT1_BACKROW_BOTTOMFLOOR,4486.157,3591.865,168.279891,-999.,-999.00,unknown,unknown,MONTREAL-TRUDEAU.INTL.AP ANN HUM_N 99.6% CONDNS DP=>MCDB,1/21 00:15:00,12863.82,12863.82,168.279891,-6.2,-7.7,0.00022226,-7.8,-9.1,0.00022226,-7.8,0.00022226,-9.1,26.7382,-999.0,-999.,-999.000,0.00,0.00,4488.03,3581.29
,MAIN ELECTRIC HEATING COIL_UNIT1_BACKROW_BOTTOMFLOOR,Coil:Heating:Electric,AirLoopHVAC,CENTRAL SYSTEM_UNIT1_BACKROW_BOTTOMFLOOR,12942.428,12942.428,-999.,-999.,-999.00,MONTREAL-TRUDEAU.INTL.AP ANN HUM_N 99.6% CONDNS DP=>MCDB,1/21 15:00:00,MONTREAL-TRUDEAU.INTL.AP ANN HUM_N 99.6% CONDNS DP=>MCDB,1/21 15:00:00,12942.43,12942.43,168.279891,50.66,45.12,0.00510533,122.00,75.08,0.00800000,-7.8,0.00022226,-9.1,26.7382,71.99,0.00688749,41.2296,9206.78,0.00,-999.0,-999.0
,DX COOLING COIL_UNIT2_BACKROW_BOTTOMFLOOR,Coil:Cooling:DX:SingleSpeed,AirLoopHVAC,CENTRAL SYSTEM_UNIT2_BACKROW_BOTTOMFLOOR,3210.362,2570.393,120.423657,-999.,-999.00,unknown,unknown,MONTREAL-TRUDEAU.INTL.AP ANN HUM_N 99.6% CONDNS DP=>MCDB,1/21 00:15:00,9205.54,9205.54,120.423657,-6.2,-7.7,0.00022226,-7.8,-9.1,0.00022226,-7.8,0.00022226,-9.1,37.3639,-999.0,-999.,-999.000,0.00,0.00,3211.70,2562.83
,MAIN ELECTRIC HEATING COIL_UNIT2_BACKROW_BOTTOMFLOOR,Coil:Heating:Electric,AirLoopHVAC,CENTRAL SYSTEM_UNIT2_BACKROW_BOTTOMFLOOR,10362.213,10362.213,-999.,-999.,-999.00,MONTREAL-TRUDEAU.INTL.AP ANN HUM_N 99.6% CONDNS DP=>MCDB,1/21 15:00:00,MONTREAL-TRUDEAU.INTL.AP ANN HUM_N 99.6% CONDNS DP=>MCDB,1/21 15:00:00,10362.21,10362.21,120.423657,42.19,38.99,0.00429218,122.00,75.08,0.00800000,-7.8,0.00022226,-9.1,37.3639,71.99,0.00671999,40.2362,6588.37,0.00,-999.0,-999.0
,DX COOLING COIL_UNIT3_BACKROW_BOTTOMFLOOR,Coil:Cooling:DX:SingleSpeed,AirLoopHVAC,CENTRAL SYSTEM_UNIT3_BACKROW_BOTTOMFLOOR,4478.558,3585.781,167.994862,-999.,-999.00,unknown,unknown,MONTREAL-TRUDEAU.INTL.AP ANN HUM_N 99.6% CONDNS DP=>MCDB,1/21 00:15:00,12842.03,12842.03,167.994862,-6.2,-7.7,0.00022226,-7.8,-9.1,0.00022226,-7.8,0.00022226,-9.1,26.7835,-999.0,-999.,-999.000,0.00,0.00,4480.43,3575.23
,MAIN ELECTRIC HEATING COIL_UNIT3_BACKROW_BOTTOMFLOOR,Coil:Heating:Electric,AirLoopHVAC,CENTRAL SYSTEM_UNIT3_BACKROW_BOTTOMFLOOR,12927.060,12927.060,-999.,-999.,-999.00,MONTREAL-TRUDEAU.INTL.AP ANN HUM_N 99.6% CONDNS DP=>MCDB,1/21 15:00:00,MONTREAL-TRUDEAU.INTL.AP ANN HUM_N 99.6% CONDNS DP=>MCDB,1/21 15:00:00,12927.06,12927.06,167.994862,50.63,45.09,0.00510116,122.00,75.08,0.00800000,-7.8,0.00022226,-9.1,26.7835,71.99,0.00688593,41.2204,9191.18,0.00,-999.0,-999.0
,DX COOLING COIL_UNIT1_FRONTROW_MIDDLEFLOOR,Coil:Cooling:DX:SingleSpeed,AirLoopHVAC,CENTRAL SYSTEM_UNIT1_FRONTROW_MIDDLEFLOOR,3155.459,2526.435,118.364188,-999.,-999.00,unknown,unknown,MONTREAL-TRUDEAU.INTL.AP ANN HUM_N 99.6% CONDNS DP=>MCDB,1/21 00:15:00,9048.11,9048.11,118.364188,-6.2,-7.7,0.00022226,-7.8,-9.1,0.00022226,-7.8,0.00022226,-9.1,38.0140,-999.0,-999.,-999.000,0.00,0.00,3156.78,2519.00
,MAIN ELECTRIC HEATING COIL_UNIT1_FRONTROW_MIDDLEFLOOR,Coil:Heating:Electric,AirLoopHVAC,CENTRAL SYSTEM_UNIT1_FRONTROW_MIDDLEFLOOR,10250.877,10250.877,-999.,-999.,-999.00,MONTREAL-TRUDEAU.INTL.AP ANN HUM_N 99.6% CONDNS DP=>MCDB,1/21 15:00:00,MONTREAL-TRUDEAU.INTL.AP ANN HUM_N 99.6% CONDNS DP=>MCDB,1/21 15:00:00,10250.88,10250.88,118.364188,41.67,39.68,0.00470254,122.00,75.08,0.00800000,-7.8,0.00022226,-9.1,38.0140,72.00,0.00745015,44.5505,6475.20,0.00,-999.0,-999.0
,DX COOLING COIL_UNIT2_FRONTROW_MIDDLEFLOOR,Coil:Cooling:DX:SingleSpeed,AirLoopHVAC,CENTRAL SYSTEM_UNIT2_FRONTROW_MIDDLEFLOOR,1889.859,1513.126,70.890362,-999.,-999.00,unknown,unknown,MONTREAL-TRUDEAU.INTL.AP ANN HUM_N 99.6% CONDNS DP=>MCDB,1/21 00:15:00,5419.07,5419.07,70.890362,-6.2,-7.7,0.00022226,-7.8,-9.1,0.00022226,-7.8,0.00022226,-9.1,63.4712,-999.0,-999.,-999.000,0.00,0.00,1890.65,1508.67
,MAIN ELECTRIC HEATING COIL_UNIT2_FRONTROW_MIDDLEFLOOR,Coil:Heating:Electric,AirLoopHVAC,CENTRAL SYSTEM_UNIT2_FRONTROW_MIDDLEFLOOR,7691.582,7691.582,-999.,-999.,-999.00,MONTREAL-TRUDEAU.INTL.AP ANN HUM_N 99.6% CONDNS DP=>MCDB,1/21 15:00:00,MONTREAL-TRUDEAU.INTL.AP ANN HUM_N 99.6% CONDNS DP=>MCDB,1/21 15:00:00,7691.58,7691.58,70.890362,21.36,21.36,0.00288644,122.00,75.08,0.00800000,-7.8,0.00022226,-9.1,63.4712,72.00,0.00751563,44.9356,3878.01,0.00,-999.0,-999.0
,DX COOLING COIL_UNIT3_FRONTROW_MIDDLEFLOOR,Coil:Cooling:DX:SingleSpeed,AirLoopHVAC,CENTRAL SYSTEM_UNIT3_FRONTROW_MIDDLEFLOOR,3147.423,2520.001,118.062748,-999.,-999.00,unknown,unknown,MONTREAL-TRUDEAU.INTL.AP ANN HUM_N 99.6% CONDNS DP=>MCDB,1/21 00:15:00,9025.07,9025.07,118.062748,-6.2,-7.7,0.00022226,-7.8,-9.1,0.00022226,-7.8,0.00022226,-9.1,38.1111,-999.0,-999.,-999.000,0.00,0.00,3148.74,2512.58
,MAIN ELECTRIC HEATING COIL_UNIT3_FRONTROW_MIDDLEFLOOR,Coil:Heating:Electric,AirLoopHVAC,CENTRAL SYSTEM_UNIT3_FRONTROW_MIDDLEFLOOR,10234.627,10234.627,-999.,-999.,-999.00,MONTREAL-TRUDEAU.INTL.AP ANN HUM_N 99.6% CONDNS DP=>MCDB,1/21 15:00:00,MONTREAL-TRUDEAU.INTL.AP ANN HUM_N 99.6% CONDNS DP=>MCDB,1/21 15:00:00,10234.63,10234.63,118.062748,41.59,39.62,0.00469477,122.00,75.08,0.00800000,-7.8,0.00022226,-9.1,38.1111,72.00,0.00744893,44.5433,6458.71,0.00,-999.0,-999.0
,DX COOLING COIL_UNIT1_BACKROW_MIDDLEFLOOR,Coil:Cooling:DX:SingleSpeed,AirLoopHVAC,CENTRAL SYSTEM_UNIT1_BACKROW_MIDDLEFLOOR,3154.111,2525.356,118.313619,-999.,-999.00,unknown,unknown,MONTREAL-TRUDEAU.INTL.AP ANN HUM_N 99.6% CONDNS DP=>MCDB,1/21 00:15:00,9044.25,9044.25,118.313619,-6.2,-7.7,0.00022226,-7.8,-9.1,0.00022226,-7.8,0.00022226,-9.1,38.0303,-999.0,-999.,-999.000,0.00,0.00,3155.43,2517.92
,MAIN ELECTRIC HEATING COIL_UNIT1_BACKROW_MIDDLEFLOOR,Coil:Heating:Electric,AirLoopHVAC,CENTRAL SYSTEM_UNIT1_BACKROW_MIDDLEFLOOR,10248.151,10248.151,-999.,-999.,-999.00,MONTREAL-TRUDEAU.INTL.AP ANN HUM_N 99.6% CONDNS DP=>MCDB,1/21 15:00:00,MONTREAL-TRUDEAU.INTL.AP ANN HUM_N 99.6% CONDNS DP=>MCDB,1/21 15:00:00,10248.15,10248.15,118.313619,41.66,39.67,0.00470124,122.00,75.08,0.00800000,-7.8,0.00022226,-9.1,38.0303,72.00,0.00744995,44.5493,6472.43,0.00,-999.0,-999.0
,DX COOLING COIL_UNIT2_BACKROW_MIDDLEFLOOR,Coil:Cooling:DX:SingleSpeed,AirLoopHVAC,CENTRAL SYSTEM_UNIT2_BACKROW_MIDDLEFLOOR,1887.442,1511.191,70.799710,-999.,-999.00,unknown,unknown,MONTREAL-TRUDEAU.INTL.AP ANN HUM_N 99.6% CONDNS DP=>MCDB,1/21 00:15:00,5412.14,5412.14,70.799710,-6.2,-7.7,0.00022226,-7.8,-9.1,0.00022226,-7.8,0.00022226,-9.1,63.5525,-999.0,-999.,-999.000,0.00,0.00,1888.23,1506.74
,MAIN ELECTRIC HEATING COIL_UNIT2_BACKROW_MIDDLEFLOOR,Coil:Heating:Electric,AirLoopHVAC,CENTRAL SYSTEM_UNIT2_BACKROW_MIDDLEFLOOR,7686.695,7686.695,-999.,-999.,-999.00,MONTREAL-TRUDEAU.INTL.AP ANN HUM_N 99.6% CONDNS DP=>MCDB,1/21 15:00:00,MONTREAL-TRUDEAU.INTL.AP ANN HUM_N 99.6% CONDNS DP=>MCDB,1/21 15:00:00,7686.69,7686.69,70.799710,21.30,21.30,0.00288034,122.00,75.08,0.00800000,-7.8,0.00022226,-9.1,63.5525,72.00,0.00751516,44.9328,3873.06,0.00,-999.0,-999.0
,DX COOLING COIL_UNIT3_BACKROW_MIDDLEFLOOR,Coil:Cooling:DX:SingleSpeed,AirLoopHVAC,CENTRAL SYSTEM_UNIT3_BACKROW_MIDDLEFLOOR,3143.824,2517.119,117.927744,-999.,-999.00,unknown,unknown,MONTREAL-TRUDEAU.INTL.AP ANN HUM_N 99.6% CONDNS DP=>MCDB,1/21 00:15:00,9014.75,9014.75,117.927744,-6.2,-7.7,0.00022226,-7.8,-9.1,0.00022226,-7.8,0.00022226,-9.1,38.1547,-999.0,-999.,-999.000,0.00,0.00,3145.14,2509.71
,MAIN ELECTRIC HEATING COIL_UNIT3_BACKROW_MIDDLEFLOOR,Coil:Heating:Electric,AirLoopHVAC,CENTRAL SYSTEM_UNIT3_BACKROW_MIDDLEFLOOR,10227.349,10227.349,-999.,-999.,-999.00,MONTREAL-TRUDEAU.INTL.AP ANN HUM_N 99.6% CONDNS DP=>MCDB,1/21 15:00:00,MONTREAL-TRUDEAU.INTL.AP ANN HUM_N 99.6% CONDNS DP=>MCDB,1/21 15:00:00,10227.35,10227.35,117.927744,41.56,39.60,0.00469128,122.00,75.08,0.00800000,-7.8,0.00022226,-9.1,38.1547,72.00,0.00744839,44.5401,6451.32,0.00,-999.0,-999.0
,DX COOLING COIL_UNIT1_FRONTROW_TOPFLOOR,Coil:Cooling:DX:SingleSpeed,AirLoopHVAC,CENTRAL SYSTEM_UNIT1_FRONTROW_TOPFLOOR,4572.420,3660.932,171.515708,-999.,-999.00,unknown,unknown,MONTREAL-TRUDEAU.INTL.AP ANN HUM_N 99.6% CONDNS DP=>MCDB,1/21 00:15:00,13111.17,13111.17,171.515708,-6.2,-7.7,0.00022226,-7.8,-9.1,0.00022226,-7.8,0.00022226,-9.1,26.2337,-999.0,-999.,-999.000,0.00,0.00,4574.33,3650.16
,MAIN ELECTRIC HEATING COIL_UNIT1_FRONTROW_TOPFLOOR,Coil:Heating:Electric,AirLoopHVAC,CENTRAL SYSTEM_UNIT1_FRONTROW_TOPFLOOR,13116.884,13116.884,-999.,-999.,-999.00,MONTREAL-TRUDEAU.INTL.AP ANN HUM_N 99.6% CONDNS DP=>MCDB,1/21 15:00:00,MONTREAL-TRUDEAU.INTL.AP ANN HUM_N 99.6% CONDNS DP=>MCDB,1/21 15:00:00,13116.88,13116.88,171.515708,51.07,45.41,0.00515141,122.00,75.08,0.00800000,-7.8,0.00022226,-9.1,26.2337,71.99,0.00690438,41.3296,9383.81,0.00,-999.0,-999.0
,DX COOLING COIL_UNIT2_FRONTROW_TOPFLOOR,Coil:Cooling:DX:SingleSpeed,AirLoopHVAC,CENTRAL SYSTEM_UNIT2_FRONTROW_TOPFLOOR,3301.535,2643.391,123.843614,-999.,-999.00,unknown,unknown,MONTREAL-TRUDEAU.INTL.AP ANN HUM_N 99.6% CONDNS DP=>MCDB,1/21 00:15:00,9466.98,9466.98,123.843614,-6.2,-7.7,0.00022226,-7.8,-9.1,0.00022226,-7.8,0.00022226,-9.1,36.3321,-999.0,-999.,-999.000,0.00,0.00,3302.91,2635.61
,MAIN ELECTRIC HEATING COIL_UNIT2_FRONTROW_TOPFLOOR,Coil:Heating:Electric,AirLoopHVAC,CENTRAL SYSTEM_UNIT2_FRONTROW_TOPFLOOR,10546.593,10546.593,-999.,-999.,-999.00,MONTREAL-TRUDEAU.INTL.AP ANN HUM_N 99.6% CONDNS DP=>MCDB,1/21 15:00:00,MONTREAL-TRUDEAU.INTL.AP ANN HUM_N 99.6% CONDNS DP=>MCDB,1/21 15:00:00,10546.59,10546.59,123.843614,43.01,39.63,0.00437681,122.00,75.08,0.00800000,-7.8,0.00022226,-9.1,36.3321,71.99,0.00674760,40.3997,6775.48,0.00,-999.0,-999.0
,DX COOLING COIL_UNIT3_FRONTROW_TOPFLOOR,Coil:Cooling:DX:SingleSpeed,AirLoopHVAC,CENTRAL SYSTEM_UNIT3_FRONTROW_TOPFLOOR,4562.592,3653.064,171.147053,-999.,-999.00,unknown,unknown,MONTREAL-TRUDEAU.INTL.AP ANN HUM_N 99.6% CONDNS DP=>MCDB,1/21 00:15:00,13082.99,13082.99,171.147053,-6.2,-7.7,0.00022226,-7.8,-9.1,0.00022226,-7.8,0.00022226,-9.1,26.2902,-999.0,-999.,-999.000,0.00,0.00,4564.50,3642.31
,MAIN ELECTRIC HEATING COIL_UNIT3_FRONTROW_TOPFLOOR,Coil:Heating:Electric,AirLoopHVAC,CENTRAL SYSTEM_UNIT3_FRONTROW_TOPFLOOR,13097.008,13097.008,-999.,-999.,-999.00,MONTREAL-TRUDEAU.INTL.AP ANN HUM_N 99.6% CONDNS DP=>MCDB,1/21 15:00:00,MONTREAL-TRUDEAU.INTL.AP ANN HUM_N 99.6% CONDNS DP=>MCDB,1/21 15:00:00,13097.01,13097.01,171.147053,51.02,45.38,0.00514620,122.00,75.08,0.00800000,-7.8,0.00022226,-9.1,26.2902,71.99,0.00690243,41.3180,9363.64,0.00,-999.0,-999.0
,DX COOLING COIL_UNIT1_BACKROW_TOPFLOOR,Coil:Cooling:DX:SingleSpeed,AirLoopHVAC,CENTRAL SYSTEM_UNIT1_BACKROW_TOPFLOOR,4569.040,3658.226,171.388929,-999.,-999.00,unknown,unknown,MONTREAL-TRUDEAU.INTL.AP ANN HUM_N 99.6% CONDNS DP=>MCDB,1/21 00:15:00,13101.48,13101.48,171.388929,-6.2,-7.7,0.00022226,-7.8,-9.1,0.00022226,-7.8,0.00022226,-9.1,26.2531,-999.0,-999.,-999.000,0.00,0.00,4570.95,3647.46
,MAIN ELECTRIC HEATING COIL_UNIT1_BACKROW_TOPFLOOR,Coil:Heating:Electric,AirLoopHVAC,CENTRAL SYSTEM_UNIT1_BACKROW_TOPFLOOR,13110.048,13110.048,-999.,-999.,-999.00,MONTREAL-TRUDEAU.INTL.AP ANN HUM_N 99.6% CONDNS DP=>MCDB,1/21 15:00:00,MONTREAL-TRUDEAU.INTL.AP ANN HUM_N 99.6% CONDNS DP=>MCDB,1/21 15:00:00,13110.05,13110.05,171.388929,51.05,45.40,0.00514962,122.00,75.08,0.00800000,-7.8,0.00022226,-9.1,26.2531,71.99,0.00690371,41.3256,9376.87,0.00,-999.0,-999.0
,DX COOLING COIL_UNIT2_BACKROW_TOPFLOOR,Coil:Cooling:DX:SingleSpeed,AirLoopHVAC,CENTRAL SYSTEM_UNIT2_BACKROW_TOPFLOOR,3297.392,2640.074,123.688209,-999.,-999.00,unknown,unknown,MONTREAL-TRUDEAU.INTL.AP ANN HUM_N 99.6% CONDNS DP=>MCDB,1/21 00:15:00,9455.10,9455.10,123.688209,-6.2,-7.7,0.00022226,-7.8,-9.1,0.00022226,-7.8,0.00022226,-9.1,36.3777,-999.0,-999.,-999.000,0.00,0.00,3298.77,2632.30
,MAIN ELECTRIC HEATING COIL_UNIT2_BACKROW_TOPFLOOR,Coil:Heating:Electric,AirLoopHVAC,CENTRAL SYSTEM_UNIT2_BACKROW_TOPFLOOR,10538.215,10538.215,-999.,-999.,-999.00,MONTREAL-TRUDEAU.INTL.AP ANN HUM_N 99.6% CONDNS DP=>MCDB,1/21 15:00:00,MONTREAL-TRUDEAU.INTL.AP ANN HUM_N 99.6% CONDNS DP=>MCDB,1/21 15:00:00,10538.21,10538.21,123.688209,42.97,39.60,0.00437303,122.00,75.08,0.00800000,-7.8,0.00022226,-9.1,36.3777,71.99,0.00674635,40.3923,6766.97,0.00,-999.0,-999.0
,DX COOLING COIL_UNIT3_BACKROW_TOPFLOOR,Coil:Cooling:DX:SingleSpeed,AirLoopHVAC,CENTRAL SYSTEM_UNIT3_BACKROW_TOPFLOOR,4557.616,3649.079,170.960393,-999.,-999.00,unknown,unknown,MONTREAL-TRUDEAU.INTL.AP ANN HUM_N 99.6% CONDNS DP=>MCDB,1/21 00:15:00,13068.72,13068.72,170.960393,-6.2,-7.7,0.00022226,-7.8,-9.1,0.00022226,-7.8,0.00022226,-9.1,26.3190,-999.0,-999.,-999.000,0.00,0.00,4559.52,3638.34
,MAIN ELECTRIC HEATING COIL_UNIT3_BACKROW_TOPFLOOR,Coil:Heating:Electric,AirLoopHVAC,CENTRAL SYSTEM_UNIT3_BACKROW_TOPFLOOR,13086.944,13086.944,-999.,-999.,-999.00,MONTREAL-TRUDEAU.INTL.AP ANN HUM_N 99.6% CONDNS DP=>MCDB,1/21 15:00:00,MONTREAL-TRUDEAU.INTL.AP ANN HUM_N 99.6% CONDNS DP=>MCDB,1/21 15:00:00,13086.94,13086.94,170.960393,51.00,45.36,0.00514355,122.00,75.08,0.00800000,-7.8,0.00022226,-9.1,26.3190,71.99,0.00690144,41.3121,9353.43,0.00,-999.0,-999.0
,HEAT PUMP WATER HEATER EVAPORATOR_UNIT1_FRONTROW_BOTTOMFLOOR,Coil:WaterHeating:AirToWaterHeatPump:Wrapped,unknown,unknown,2688.323,2637.245,400.423678,-999.,-999.00,unknown,unknown,unknown,unknown,3319.56,-999.0,-999.,-999.0,-999.0,-999.,-999.0,-999.0,-999.,-999.0,-999.,-999.0,-999.000,-999.0,-999.,-999.000,-999.0,0.00,-999.0,-999.0
,HEAT PUMP WATER HEATER EVAPORATOR_UNIT2_FRONTROW_BOTTOMFLOOR,Coil:WaterHeating:AirToWaterHeatPump:Wrapped,unknown,unknown,2688.323,2637.245,400.423678,-999.,-999.00,unknown,unknown,unknown,unknown,3319.56,-999.0,-999.,-999.0,-999.0,-999.,-999.0,-999.0,-999.,-999.0,-999.,-999.0,-999.000,-999.0,-999.,-999.000,-999.0,0.00,-999.0,-999.0
,HEAT PUMP WATER HEATER EVAPORATOR_UNIT3_FRONTROW_BOTTOMFLOOR,Coil:WaterHeating:AirToWaterHeatPump:Wrapped,unknown,unknown,2688.323,2637.245,400.423678,-999.,-999.00,unknown,unknown,unknown,unknown,3319.56,-999.0,-999.,-999.0,-999.0,-999.,-999.0,-999.0,-999.,-999.0,-999.,-999.0,-999.000,-999.0,-999.,-999.000,-999.0,0.00,-999.0,-999.0
,HEAT PUMP WATER HEATER EVAPORATOR_UNIT1_BACKROW_BOTTOMFLOOR,Coil:WaterHeating:AirToWaterHeatPump:Wrapped,unknown,unknown,2688.323,2637.245,400.423678,-999.,-999.00,unknown,unknown,unknown,unknown,3319.56,-999.0,-999.,-999.0,-999.0,-999.,-999.0,-999.0,-999.,-999.0,-999.,-999.0,-999.000,-999.0,-999.,-999.000,-999.0,0.00,-999.0,-999.0
,HEAT PUMP WATER HEATER EVAPORATOR_UNIT2_BACKROW_BOTTOMFLOOR,Coil:WaterHeating:AirToWaterHeatPump:Wrapped,unknown,unknown,2688.323,2637.245,400.423678,-999.,-999.00,unknown,unknown,unknown,unknown,3319.56,-999.0,-999.,-999.0,-999.0,-999.,-999.0,-999.0,-999.,-999.0,-999.,-999.0,-999.000,-999.0,-999.,-999.000,-999.0,0.00,-999.0,-999.0
,HEAT PUMP WATER HEATER EVAPORATOR_UNIT3_BACKROW_BOTTOMFLOOR,Coil:WaterHeating:AirToWaterHeatPump:Wrapped,unknown,unknown,2688.323,2637.245,400.423678,-999.,-999.00,unknown,unknown,unknown,unknown,3319.56,-999.0,-999.,-999.0,-999.0,-999.,-999.0,-999.0,-999.,-999.0,-999.,-999.0,-999.000,-999.0,-999.,-999.000,-999.0,0.00,-999.0,-999.0
,HEAT PUMP WATER HEATER EVAPORATOR_UNIT1_FRONTROW_MIDDLEFLOOR,Coil:WaterHeating:AirToWaterHeatPump:Wrapped,unknown,unknown,2688.323,2637.245,400.423678,-999.,-999.00,unknown,unknown,unknown,unknown,3319.56,-999.0,-999.,-999.0,-999.0,-999.,-999.0,-999.0,-999.,-999.0,-999.,-999.0,-999.000,-999.0,-999.,-999.000,-999.0,0.00,-999.0,-999.0
,HEAT PUMP WATER HEATER EVAPORATOR_UNIT2_FRONTROW_MIDDLEFLOOR,Coil:WaterHeating:AirToWaterHeatPump:Wrapped,unknown,unknown,2688.323,2637.245,400.423678,-999.,-999.00,unknown,unknown,unknown,unknown,3319.56,-999.0,-999.,-999.0,-999.0,-999.,-999.0,-999.0,-999.,-999.0,-999.,-999.0,-999.000,-999.0,-999.,-999.000,-999.0,0.00,-999.0,-999.0
,HEAT PUMP WATER HEATER EVAPORATOR_UNIT3_FRONTROW_MIDDLEFLOOR,Coil:WaterHeating:AirToWaterHeatPump:Wrapped,unknown,unknown,2688.323,2637.245,400.423678,-999.,-999.00,unknown,unknown,unknown,unknown,3319.56,-999.0,-999.,-999.0,-999.0,-999.,-999.0,-999.0,-999.,-999.0,-999.,-999.0,-999.000,-999.0,-999.,-999.000,-999.0,0.00,-999.0,-999.0
,HEAT PUMP WATER HEATER EVAPORATOR_UNIT1_BACKROW_MIDDLEFLOOR,Coil:WaterHeating:AirToWaterHeatPump:Wrapped,unknown,unknown,2688.323,2637.245,400.423678,-999.,-999.00,unknown,unknown,unknown,unknown,3319.56,-999.0,-999.,-999.0,-999.0,-999.,-999.0,-999.0,-999.,-999.0,-999.,-999.0,-999.000,-999.0,-999.,-999.000,-999.0,0.00,-999.0,-999.0
,HEAT PUMP WATER HEATER EVAPORATOR_UNIT2_BACKROW_MIDDLEFLOOR,Coil:WaterHeating:AirToWaterHeatPump:Wrapped,unknown,unknown,2688.323,2637.245,400.423678,-999.,-999.00,unknown,unknown,unknown,unknown,3319.56,-999.0,-999.,-999.0,-999.0,-999.,-999.0,-999.0,-999.,-999.0,-999.,-999.0,-999.000,-999.0,-999.,-999.000,-999.0,0.00,-999.0,-999.0
,HEAT PUMP WATER HEATER EVAPORATOR_UNIT3_BACKROW_MIDDLEFLOOR,Coil:WaterHeating:AirToWaterHeatPump:Wrapped,unknown,unknown,2688.323,2637.245,400.423678,-999.,-999.00,unknown,unknown,unknown,unknown,3319.56,-999.0,-999.,-999.0,-999.0,-999.,-999.0,-999.0,-999.,-999.0,-999.,-999.0,-999.000,-999.0,-999.,-999.000,-999.0,0.00,-999.0,-999.0
,HEAT PUMP WATER HEATER EVAPORATOR_UNIT1_FRONTROW_TOPFLOOR,Coil:WaterHeating:AirToWaterHeatPump:Wrapped,unknown,unknown,2688.323,2637.245,400.423678,-999.,-999.00,unknown,unknown,unknown,unknown,3319.56,-999.0,-999.,-999.0,-999.0,-999.,-999.0,-999.0,-999.,-999.0,-999.,-999.0,-999.000,-999.0,-999.,-999.000,-999.0,0.00,-999.0,-999.0
,HEAT PUMP WATER HEATER EVAPORATOR_UNIT2_FRONTROW_TOPFLOOR,Coil:WaterHeating:AirToWaterHeatPump:Wrapped,unknown,unknown,2688.323,2637.245,400.423678,-999.,-999.00,unknown,unknown,unknown,unknown,3319.56,-999.0,-999.,-999.0,-999.0,-999.,-999.0,-999.0,-999.,-999.0,-999.,-999.0,-999.000,-999.0,-999.,-999.000,-999.0,0.00,-999.0,-999.0
,HEAT PUMP WATER HEATER EVAPORATOR_UNIT3_FRONTROW_TOPFLOOR,Coil:WaterHeating:AirToWaterHeatPump:Wrapped,unknown,unknown,2688.323,2637.245,400.423678,-999.,-999.00,unknown,unknown,unknown,unknown,3319.56,-999.0,-999.,-999.0,-999.0,-999.,-999.0,-999.0,-999.,-999.0,-999.,-999.0,-999.000,-999.0,-999.,-999.000,-999.0,0.00,-999.0,-999.0
,HEAT PUMP WATER HEATER EVAPORATOR_UNIT1_BACKROW_TOPFLOOR,Coil:WaterHeating:AirToWaterHeatPump:Wrapped,unknown,unknown,2688.323,2637.245,400.423678,-999.,-999.00,unknown,unknown,unknown,unknown,3319.56,-999.0,-999.,-999.0,-999.0,-999.,-999.0,-999.0,-999.,-999.0,-999.,-999.0,-999.000,-999.0,-999.,-999.000,-999.0,0.00,-999.0,-999.0
,HEAT PUMP WATER HEATER EVAPORATOR_UNIT2_BACKROW_TOPFLOOR,Coil:WaterHeating:AirToWaterHeatPump:Wrapped,unknown,unknown,2688.323,2637.245,400.423678,-999.,-999.00,unknown,unknown,unknown,unknown,3319.56,-999.0,-999.,-999.0,-999.0,-999.,-999.0,-999.0,-999.,-999.0,-999.,-999.0,-999.000,-999.0,-999.,-999.000,-999.0,0.00,-999.0,-999.0
,HEAT PUMP WATER HEATER EVAPORATOR_UNIT3_BACKROW_TOPFLOOR,Coil:WaterHeating:AirToWaterHeatPump:Wrapped,unknown,unknown,2688.323,2637.245,400.423678,-999.,-999.00,unknown,unknown,unknown,unknown,3319.56,-999.0,-999.,-999.0,-999.0,-999.,-999.0,-999.0,-999.,-999.0,-999.,-999.0,-999.000,-999.0,-999.,-999.000,-999.0,0.00,-999.0,-999.0


----------------------------------------------------------------------------------------------------
REPORT:,Coil Sizing Details
FOR:,Entire Facility
Coils

,,Coil Type,Coil Location,HVAC Type,HVAC Name,Zone Name(s),System Sizing Method Concurrence,System Sizing Method Capacity,System Sizing Method Air Flow,Autosized Coil Capacity?,Autosized Coil Airflow?,Autosized Coil Water Flow?,OA Pretreated prior to coil inlet?,Coil Final Gross Total Capacity [Btu/h],Coil Final Gross Sensible Capacity [Btu/h],Coil Final Reference Air Volume Flow Rate [ft3/min],Coil Final Reference Plant Fluid Volume Flow Rate [ft3/min],Coil U-value Times Area Value [Btu/h-F],Terminal Unit Reheat Coil Multiplier,DX Coil Capacity Increase Ratio from Too Low Flow/Capacity Ratio,DX Coil Capacity Decrease Ratio from Too High Flow/Capacity Ratio,Moist Air Heat Capacity [Btu/lbm-R],Dry Air Heat Capacity [Btu/lbm-R],Standard Air Density Adjusted for Elevation [lb/ft3],Supply Fan Name for Coil,Supply Fan Type for Coil,Supply Fan Maximum Air Volume Flow Rate [ft3/min],Supply Fan Maximum Air Mass Flow Rate [lb/s],Plant Name for Coil,Plant Fluid Specific Heat Capacity [Btu/lbm-R],Plant Fluid Density [lb/ft3],Plant Maximum Fluid Mass Flow Rate [lb/s],Plant Design Fluid Return Temperature [F],Plant Design Fluid Supply Temperature [F],Plant Design Fluid Temperature Difference [deltaF],Plant Design Capacity [Btu/h],Coil Capacity Percentage of Plant Design Capacity [%],Coil Fluid Flow Rate Percentage of Plant Design Flow Rate [%],Design Day Name at Sensible Ideal Loads Peak,Date/Time at Sensible Ideal Loads Peak,Design Day Name at Total Ideal Loads Peak,Date/Time at Total Ideal Loads Peak,Design Day Name at Air Flow Ideal Loads Peak,Date/Time at Air Flow Ideal Loads Peak,Peak Load Type to Size On,Coil Total Capacity at Ideal Loads Peak [Btu/h],Coil Sensible Capacity at Ideal Loads Peak [Btu/h],Coil Off-Rating Capacity Modifier at Ideal Loads Peak [],Coil Air Mass Flow Rate at Ideal Loads Peak [lb/s],Coil Air Volume Flow Rate at Ideal Loads Peak [ft3/min],Coil Entering Air Drybulb at Ideal Loads Peak [F],Coil Entering Air Wetbulb at Ideal Loads Peak [F],Coil Entering Air Humidity Ratio at Ideal Loads Peak [lbWater/lbDryAir],Coil Entering Air Enthalpy at Ideal Loads Peak [Btu/lbm-R],Coil Leaving Air Drybulb at Ideal Loads Peak [F],Coil Leaving Air Wetbulb at Ideal Loads Peak [F],Coil Leaving Air Humidity Ratio at Ideal Loads Peak [lbWater/lbDryAir],Coil Leaving Air Enthalpy at Ideal Loads Peak [Btu/lbm-R],Coil Plant Fluid Mass Flow Rate at Ideal Loads Peak [lb/s],Coil Entering Plant Fluid Temperature at Ideal Loads Peak [F],Coil Leaving Plant Fluid Temperature at Ideal Loads Peak [F],Coil Plant Fluid Temperature Difference at Ideal Loads Peak [deltaF],Supply Fan Air Heat Gain at Ideal Loads Peak [Btu/h],Coil and Fan Net Total Capacity at Ideal Loads Peak [Btu/h],Outdoor Air Drybulb at Ideal Loads Peak [F],Outdoor Air Humidity Ratio at Ideal Loads Peak [lbWater/lbDryAir],Outdoor Air Wetbulb at Ideal Loads Peak [F],Outdoor Air Volume Flow Rate at Ideal Loads Peak [ft3/min],Outdoor Air Flow Percentage at Ideal Loads Peak [%],System Return Air Drybulb at Ideal Loads Peak [F],System Return Air Humidity Ratio at Ideal Loads Peak [lbWater/lbDryAir],Zone Air Drybulb at Ideal Loads Peak [F],Zone Air Humidity Ratio at Ideal Loads Peak [lbWater/lbDryAir],Zone Air Relative Humidity at Ideal Loads Peak [%],Zone Sensible Heat Gain at Ideal Loads Peak [Btu/h],Zone Latent Heat Gain at Ideal Loads Peak [Btu/h],Coil Total Capacity at Rating Conditions [Btu/h],Coil Sensible Capacity at Rating Conditions [Btu/h],Coil Air Mass Flow Rate at Rating Conditions [lb/s],Coil Entering Air Drybulb at Rating Conditions [F],Coil Entering Air Wetbulb at Rating Conditions [F],Coil Entering Air Humidity Ratio at Rating Conditions [lbWater/lbDryAir],Coil Entering Air Enthalpy at Rating Conditions [Btu/lbm-R],Coil Leaving Air Drybulb at Rating Conditions [F],Coil Leaving Air Wetbulb at Rating Conditions [F],Coil Leaving Air Humidity Ratio at Rating Conditions [lbWater/lbDryAir],Coil Leaving Air Enthalpy at Rating Conditions [Btu/lbm-R]
,DX COOLING COIL_UNIT1_FRONTROW_BOTTOMFLOOR,Coil:Cooling:DX:SingleSpeed,AirLoop,AirLoopHVAC,CENTRAL SYSTEM_UNIT1_FRONTROW_BOTTOMFLOOR,LIVING_UNIT1_FRONTROW_BOTTOMFLOOR,Non-Coincident,CoolingDesignCapacity,N/A,Yes,Yes,unknown,No,4486.644,3592.255,168.298169,-999.,-999.00,-999.0000,44.73711,1.00000,0.2401,0.2400,0.0749,SUPPLY FAN_UNIT1_FRONTROW_BOTTOMFLOOR,Fan:OnOff,168.298169,0.21000744,,-999.000,-999.000,-999.,-999.0,-999.0,-999.0,-999.0,-999.000,-999.,unknown,unknown,unknown,unknown,MONTREAL-TRUDEAU.INTL.AP ANN HUM_N 99.6% CONDNS DP=>MCDB,1/21 00:15:00,Sensible,12865.21,12865.21,2.8674,0.21000744,168.298169,-6.2,-7.7,0.00022226,-5.,-7.8,-9.1,0.00022226,-5.,-999.,-999.0,-999.0,-999.0,287.574,12577.64,-7.8,0.00022226,-9.1,44.99498340,26.7353,78.80,0.00810000,-999.0,-999.,-999.000,0.00,0.00,4488.52,3581.68,0.20171373,80.00,67.00,0.01118466,13.2,59.82,58.33,0.01004577,9.8
,MAIN ELECTRIC HEATING COIL_UNIT1_FRONTROW_BOTTOMFLOOR,Coil:Heating:Electric,AirLoop,AirLoopHVAC,CENTRAL SYSTEM_UNIT1_FRONTROW_BOTTOMFLOOR,LIVING_UNIT1_FRONTROW_BOTTOMFLOOR,Non-Coincident,HeatingDesignCapacity,N/A,Yes,No,unknown,No,12943.413,12943.413,-999.,-999.,-999.00,-999.0000,1.00000,1.00000,0.2436,0.2400,0.0749,SUPPLY FAN_UNIT1_FRONTROW_BOTTOMFLOOR,Fan:OnOff,168.298169,0.21000744,,-999.000,-999.000,-999.,-999.0,-999.0,-999.0,-999.0,-999.000,-999.,MONTREAL-TRUDEAU.INTL.AP ANN HUM_N 99.6% CONDNS DP=>MCDB,1/21 15:00:00,unknown,unknown,MONTREAL-TRUDEAU.INTL.AP ANN HUM_N 99.6% CONDNS DP=>MCDB,1/21 15:00:00,Sensible,12943.41,12943.41,1.0000,0.21000744,168.298169,50.67,45.12,0.00510560,5.6,122.00,75.08,0.00800000,17.0,-999.,-999.0,-999.0,-999.0,0.000,12943.41,-7.8,0.00022226,-9.1,44.99498340,26.7353,71.99,0.00688759,71.99,0.00688759,41.2302,9207.78,0.00,-999.0,-999.0,-999.,-999.0,-999.0,-999.,-999.,-999.0,-999.0,-999.,-999.
,DX COOLING COIL_UNIT2_FRONTROW_BOTTOMFLOOR,Coil:Cooling:DX:SingleSpeed,AirLoop,AirLoopHVAC,CENTRAL SYSTEM_UNIT2_FRONTROW_BOTTOMFLOOR,LIVING_UNIT2_FRONTROW_BOTTOMFLOOR,Non-Coincident,CoolingDesignCapacity,N/A,Yes,Yes,unknown,No,3212.076,2571.765,120.487935,-999.,-999.00,-999.0000,44.73711,1.00000,0.2401,0.2400,0.0749,SUPPLY FAN_UNIT2_FRONTROW_BOTTOMFLOOR,Fan:OnOff,120.487935,0.15034841,,-999.000,-999.000,-999.,-999.0,-999.0,-999.0,-999.0,-999.000,-999.,unknown,unknown,unknown,unknown,MONTREAL-TRUDEAU.INTL.AP ANN HUM_N 99.6% CONDNS DP=>MCDB,1/21 00:15:00,Sensible,9210.46,9210.46,2.8674,0.15034841,120.487935,-6.2,-7.7,0.00022226,-5.,-7.8,-9.1,0.00022226,-5.,-999.,-999.0,-999.0,-999.0,205.880,9004.58,-7.8,0.00022226,-9.1,44.99498340,37.3440,78.80,0.00810000,-999.0,-999.,-999.000,0.00,0.00,3213.42,2564.20,0.14441079,80.00,67.00,0.01118466,13.2,59.82,58.33,0.01004577,9.8
,MAIN ELECTRIC HEATING COIL_UNIT2_FRONTROW_BOTTOMFLOOR,Coil:Heating:Electric,AirLoop,AirLoopHVAC,CENTRAL SYSTEM_UNIT2_FRONTROW_BOTTOMFLOOR,LIVING_UNIT2_FRONTROW_BOTTOMFLOOR,Non-Coincident,HeatingDesignCapacity,N/A,No,No,unknown,No,13648.000,13648.000,-999.,-999.,-999.00,-999.0000,1.00000,1.00000,0.2436,0.2400,0.0749,SUPPLY FAN_UNIT2_FRONTROW_BOTTOMFLOOR,Fan:OnOff,120.487935,0.15034841,,-999.000,-999.000,-999.,-999.0,-999.0,-999.0,-999.0,-999.000,-999.,MONTREAL-TRUDEAU.INTL.AP ANN HUM_N 99.6% CONDNS DP=>MCDB,1/21 15:00:00,unknown,unknown,MONTREAL-TRUDEAU.INTL.AP ANN HUM_N 99.6% CONDNS DP=>MCDB,1/21 15:00:00,Sensible,13648.00,10518.90,1.0000,0.15034841,120.487935,42.20,39.00,0.00429382,3.9,122.00,75.08,0.00800000,17.0,-999.,-999.0,-999.0,-999.0,0.000,13648.00,-7.8,0.00022226,-9.1,44.99498340,37.3440,71.99,0.00672053,71.99,0.00672053,40.2394,6591.89,0.00,-999.0,-999.0,-999.,-999.0,-999.0,-999.,-999.,-999.0,-999.0,-999.,-999.
,DX COOLING COIL_UNIT3_FRONTROW_BOTTOMFLOOR,Coil:Cooling:DX:SingleSpeed,AirLoop,AirLoopHVAC,CENTRAL SYSTEM_UNIT3_FRONTROW_BOTTOMFLOOR,LIVING_UNIT3_FRONTROW_BOTTOMFLOOR,Non-Coincident,CoolingDesignCapacity,N/A,Yes,Yes,unknown,No,4481.556,3588.181,168.107304,-999.,-999.00,-999.0000,44.73711,1.00000,0.2401,0.2400,0.0749,SUPPLY FAN_UNIT3_FRONTROW_BOTTOMFLOOR,Fan:OnOff,168.107304,0.20976927,,-999.000,-999.000,-999.,-999.0,-999.0,-999.0,-999.0,-999.000,-999.,unknown,unknown,unknown,unknown,MONTREAL-TRUDEAU.INTL.AP ANN HUM_N 99.6% CONDNS DP=>MCDB,1/21 00:15:00,Sensible,12850.62,12850.62,2.8674,0.20976927,168.107304,-6.2,-7.7,0.00022226,-5.,-7.8,-9.1,0.00022226,-5.,-999.,-999.0,-999.0,-999.0,287.248,12563.38,-7.8,0.00022226,-9.1,44.99498340,26.7656,78.80,0.00810000,-999.0,-999.,-999.000,0.00,0.00,4483.43,3577.62,0.20148497,80.00,67.00,0.01118466,13.2,59.82,58.33,0.01004577,9.8
,MAIN ELECTRIC HEATING COIL_UNIT3_FRONTROW_BOTTOMFLOOR,Coil:Heating:Electric,AirLoop,AirLoopHVAC,CENTRAL SYSTEM_UNIT3_FRONTROW_BOTTOMFLOOR,LIVING_UNIT3_FRONTROW_BOTTOMFLOOR,Non-Coincident,HeatingDesignCapacity,N/A,Yes,No,unknown,No,12933.123,12933.123,-999.,-999.,-999.00,-999.0000,1.00000,1.00000,0.2436,0.2400,0.0749,SUPPLY FAN_UNIT3_FRONTROW_BOTTOMFLOOR,Fan:OnOff,168.107304,0.20976927,,-999.000,-999.000,-999.,-999.0,-999.0,-999.0,-999.0,-999.000,-999.,MONTREAL-TRUDEAU.INTL.AP ANN HUM_N 99.6% CONDNS DP=>MCDB,1/21 15:00:00,unknown,unknown,MONTREAL-TRUDEAU.INTL.AP ANN HUM_N 99.6% CONDNS DP=>MCDB,1/21 15:00:00,Sensible,12933.12,12933.12,1.0000,0.20976927,168.107304,50.64,45.10,0.00510281,5.6,122.00,75.08,0.00800000,17.0,-999.,-999.0,-999.0,-999.0,0.000,12933.12,-7.8,0.00022226,-9.1,44.99498340,26.7656,71.99,0.00688655,71.99,0.00688655,41.2240,9197.33,0.00,-999.0,-999.0,-999.,-999.0,-999.0,-999.,-999.,-999.0,-999.0,-999.,-999.
,DX COOLING COIL_UNIT1_BACKROW_BOTTOMFLOOR,Coil:Cooling:DX:SingleSpeed,AirLoop,AirLoopHVAC,CENTRAL SYSTEM_UNIT1_BACKROW_BOTTOMFLOOR,LIVING_UNIT1_BACKROW_BOTTOMFLOOR,Non-Coincident,CoolingDesignCapacity,N/A,Yes,Yes,unknown,No,4486.157,3591.865,168.279891,-999.,-999.00,-999.0000,44.73711,1.00000,0.2401,0.2400,0.0749,SUPPLY FAN_UNIT1_BACKROW_BOTTOMFLOOR,Fan:OnOff,168.279891,0.20998463,,-999.000,-999.000,-999.,-999.0,-999.0,-999.0,-999.0,-999.000,-999.,unknown,unknown,unknown,unknown,MONTREAL-TRUDEAU.INTL.AP ANN HUM_N 99.6% CONDNS DP=>MCDB,1/21 00:15:00,Sensible,12863.82,12863.82,2.8674,0.20998463,168.279891,-6.2,-7.7,0.00022226,-5.,-7.8,-9.1,0.00022226,-5.,-999.,-999.0,-999.0,-999.0,287.542,12576.27,-7.8,0.00022226,-9.1,44.99498340,26.7382,78.80,0.00810000,-999.0,-999.,-999.000,0.00,0.00,4488.03,3581.29,0.20169182,80.00,67.00,0.01118466,13.2,59.82,58.33,0.01004577,9.8
,MAIN ELECTRIC HEATING COIL_UNIT1_BACKROW_BOTTOMFLOOR,Coil:Heating:Electric,AirLoop,AirLoopHVAC,CENTRAL SYSTEM_UNIT1_BACKROW_BOTTOMFLOOR,LIVING_UNIT1_BACKROW_BOTTOMFLOOR,Non-Coincident,HeatingDesignCapacity,N/A,Yes,No,unknown,No,12942.428,12942.428,-999.,-999.,-999.00,-999.0000,1.00000,1.00000,0.2436,0.2400,0.0749,SUPPLY FAN_UNIT1_BACKROW_BOTTOMFLOOR,Fan:OnOff,168.279891,0.20998463,,-999.000,-999.000,-999.,-999.0,-999.0,-999.0,-999.0,-999.000,-999.,MONTREAL-TRUDEAU.INTL.AP ANN HUM_N 99.6% CONDNS DP=>MCDB,1/21 15:00:00,unknown,unknown,MONTREAL-TRUDEAU.INTL.AP ANN HUM_N 99.6% CONDNS DP=>MCDB,1/21 15:00:00,Sensible,12942.43,12942.43,1.0000,0.20998463,168.279891,50.66,45.12,0.00510533,5.6,122.00,75.08,0.00800000,17.0,-999.,-999.0,-999.0,-999.0,0.000,12942.43,-7.8,0.00022226,-9.1,44.99498340,26.7382,71.99,0.00688749,71.99,0.00688749,41.2296,9206.78,0.00,-999.0,-999.0,-999.,-999.0,-999.0,-999.,-999.,-999.0,-999.0,-999.,-999.
,DX COOLING COIL_UNIT2_BACKROW_BOTTOMFLOOR,Coil:Cooling:DX:SingleSpeed,AirLoop,AirLoopHVAC,CENTRAL SYSTEM_UNIT2_BACKROW_BOTTOMFLOOR,LIVING_UNIT2_BACKROW_BOTTOMFLOOR,Non-Coincident,CoolingDesignCapacity,N/A,Yes,Yes,unknown,No,3210.362,2570.393,120.423657,-999.,-999.00,-999.0000,44.73711,1.00000,0.2401,0.2400,0.0749,SUPPLY FAN_UNIT2_BACKROW_BOTTOMFLOOR,Fan:OnOff,120.423657,0.15026820,,-999.000,-999.000,-999.,-999.0,-999.0,-999.0,-999.0,-999.000,-999.,unknown,unknown,unknown,unknown,MONTREAL-TRUDEAU.INTL.AP ANN HUM_N 99.6% CONDNS DP=>MCDB,1/21 00:15:00,Sensible,9205.54,9205.54,2.8674,0.15026820,120.423657,-6.2,-7.7,0.00022226,-5.,-7.8,-9.1,0.00022226,-5.,-999.,-999.0,-999.0,-999.0,205.770,8999.77,-7.8,0.00022226,-9.1,44.99498340,37.3639,78.80,0.00810000,-999.0,-999.,-999.000,0.00,0.00,3211.70,2562.83,0.14433375,80.00,67.00,0.01118466,13.2,59.82,58.33,0.01004577,9.8
,MAIN ELECTRIC HEATING COIL_UNIT2_BACKROW_BOTTOMFLOOR,Coil:Heating:Electric,AirLoop,AirLoopHVAC,CENTRAL SYSTEM_UNIT2_BACKROW_BOTTOMFLOOR,LIVING_UNIT2_BACKROW_BOTTOMFLOOR,Non-Coincident,HeatingDesignCapacity,N/A,Yes,No,unknown,No,10362.213,10362.213,-999.,-999.,-999.00,-999.0000,1.00000,1.00000,0.2436,0.2400,0.0749,SUPPLY FAN_UNIT2_BACKROW_BOTTOMFLOOR,Fan:OnOff,120.423657,0.15026820,,-999.000,-999.000,-999.,-999.0,-999.0,-999.0,-999.0,-999.000,-999.,MONTREAL-TRUDEAU.INTL.AP ANN HUM_N 99.6% CONDNS DP=>MCDB,1/21 15:00:00,unknown,unknown,MONTREAL-TRUDEAU.INTL.AP ANN HUM_N 99.6% CONDNS DP=>MCDB,1/21 15:00:00,Sensible,10362.21,10362.21,1.0000,0.15026820,120.423657,42.19,38.99,0.00429218,3.9,122.00,75.08,0.00800000,17.0,-999.,-999.0,-999.0,-999.0,0.000,10362.21,-7.8,0.00022226,-9.1,44.99498340,37.3639,71.99,0.00671999,71.99,0.00671999,40.2362,6588.37,0.00,-999.0,-999.0,-999.,-999.0,-999.0,-999.,-999.,-999.0,-999.0,-999.,-999.
,DX COOLING COIL_UNIT3_BACKROW_BOTTOMFLOOR,Coil:Cooling:DX:SingleSpeed,AirLoop,AirLoopHVAC,CENTRAL SYSTEM_UNIT3_BACKROW_BOTTOMFLOOR,LIVING_UNIT3_BACKROW_BOTTOMFLOOR,Non-Coincident,CoolingDesignCapacity,N/A,Yes,Yes,unknown,No,4478.558,3585.781,167.994862,-999.,-999.00,-999.0000,44.73711,1.00000,0.2401,0.2400,0.0749,SUPPLY FAN_UNIT3_BACKROW_BOTTOMFLOOR,Fan:OnOff,167.994862,0.20962896,,-999.000,-999.000,-999.,-999.0,-999.0,-999.0,-999.0,-999.000,-999.,unknown,unknown,unknown,unknown,MONTREAL-TRUDEAU.INTL.AP ANN HUM_N 99.6% CONDNS DP=>MCDB,1/21 00:15:00,Sensible,12842.03,12842.03,2.8674,0.20962896,167.994862,-6.2,-7.7,0.00022226,-5.,-7.8,-9.1,0.00022226,-5.,-999.,-999.0,-999.0,-999.0,287.055,12554.97,-7.8,0.00022226,-9.1,44.99498340,26.7835,78.80,0.00810000,-999.0,-999.,-999.000,0.00,0.00,4480.43,3575.23,0.20135020,80.00,67.00,0.01118466,13.2,59.82,58.33,0.01004577,9.8
,MAIN ELECTRIC HEATING COIL_UNIT3_BACKROW_BOTTOMFLOOR,Coil:Heating:Electric,AirLoop,AirLoopHVAC,CENTRAL SYSTEM_UNIT3_BACKROW_BOTTOMFLOOR,LIVING_UNIT3_BACKROW_BOTTOMFLOOR,Non-Coincident,HeatingDesignCapacity,N/A,Yes,No,unknown,No,12927.060,12927.060,-999.,-999.,-999.00,-999.0000,1.00000,1.00000,0.2436,0.2400,0.0749,SUPPLY FAN_UNIT3_BACKROW_BOTTOMFLOOR,Fan:OnOff,167.994862,0.20962896,,-999.000,-999.000,-999.,-999.0,-999.0,-999.0,-999.0,-999.000,-999.,MONTREAL-TRUDEAU.INTL.AP ANN HUM_N 99.6% CONDNS DP=>MCDB,1/21 15:00:00,unknown,unknown,MONTREAL-TRUDEAU.INTL.AP ANN HUM_N 99.6% CONDNS DP=>MCDB,1/21 15:00:00,Sensible,12927.06,12927.06,1.0000,0.20962896,167.994862,50.63,45.09,0.00510116,5.6,122.00,75.08,0.00800000,17.0,-999.,-999.0,-999.0,-999.0,0.000,12927.06,-7.8,0.00022226,-9.1,44.99498340,26.7835,71.99,0.00688593,71.99,0.00688593,41.2204,9191.18,0.00,-999.0,-999.0,-999.,-999.0,-999.0,-999.,-999.,-999.0,-999.0,-999.,-999.
,DX COOLING COIL_UNIT1_FRONTROW_MIDDLEFLOOR,Coil:Cooling:DX:SingleSpeed,AirLoop,AirLoopHVAC,CENTRAL SYSTEM_UNIT1_FRONTROW_MIDDLEFLOOR,LIVING_UNIT1_FRONTROW_MIDDLEFLOOR,Non-Coincident,CoolingDesignCapacity,N/A,Yes,Yes,unknown,No,3155.459,2526.435,118.364188,-999.,-999.00,-999.0000,44.73711,1.00000,0.2401,0.2400,0.0749,SUPPLY FAN_UNIT1_FRONTROW_MIDDLEFLOOR,Fan:OnOff,118.364188,0.14769834,,-999.000,-999.000,-999.,-999.0,-999.0,-999.0,-999.0,-999.000,-999.,unknown,unknown,unknown,unknown,MONTREAL-TRUDEAU.INTL.AP ANN HUM_N 99.6% CONDNS DP=>MCDB,1/21 00:15:00,Sensible,9048.11,9048.11,2.8674,0.14769834,118.364188,-6.2,-7.7,0.00022226,-5.,-7.8,-9.1,0.00022226,-5.,-999.,-999.0,-999.0,-999.0,202.251,8845.86,-7.8,0.00022226,-9.1,44.99498340,38.0140,78.80,0.00810000,-999.0,-999.,-999.000,0.00,0.00,3156.78,2519.00,0.14186537,80.00,67.00,0.01118466,13.2,59.82,58.33,0.01004577,9.8
,MAIN ELECTRIC HEATING COIL_UNIT1_FRONTROW_MIDDLEFLOOR,Coil:Heating:Electric,AirLoop,AirLoopHVAC,CENTRAL SYSTEM_UNIT1_FRONTROW_MIDDLEFLOOR,LIVING_UNIT1_FRONTROW_MIDDLEFLOOR,Non-Coincident,HeatingDesignCapacity,N/A,Yes,No,unknown,No,10250.877,10250.877,-999.,-999.,-999.00,-999.0000,1.00000,1.00000,0.2436,0.2400,0.0749,SUPPLY FAN_UNIT1_FRONTROW_MIDDLEFLOOR,Fan:OnOff,118.364188,0.14769834,,-999.000,-999.000,-999.,-999.0,-999.0,-999.0,-999.0,-999.000,-999.,MONTREAL-TRUDEAU.INTL.AP ANN HUM_N 99.6% CONDNS DP=>MCDB,1/21 15:00:00,unknown,unknown,MONTREAL-TRUDEAU.INTL.AP ANN HUM_N 99.6% CONDNS DP=>MCDB,1/21 15:00:00,Sensible,10250.88,10250.88,1.0000,0.14769834,118.364188,41.67,39.68,0.00470254,4.1,122.00,75.08,0.00800000,17.0,-999.,-999.0,-999.0,-999.0,0.000,10250.88,-7.8,0.00022226,-9.1,44.99498340,38.0140,72.00,0.00745015,72.00,0.00745015,44.5505,6475.20,0.00,-999.0,-999.0,-999.,-999.0,-999.0,-999.,-999.,-999.0,-999.0,-999.,-999.
,DX COOLING COIL_UNIT2_FRONTROW_MIDDLEFLOOR,Coil:Cooling:DX:SingleSpeed,AirLoop,AirLoopHVAC,CENTRAL SYSTEM_UNIT2_FRONTROW_MIDDLEFLOOR,LIVING_UNIT2_FRONTROW_MIDDLEFLOOR,Non-Coincident,CoolingDesignCapacity,N/A,Yes,Yes,unknown,No,1889.859,1513.126,70.890362,-999.,-999.00,-999.0000,44.73711,1.00000,0.2401,0.2400,0.0749,SUPPLY FAN_UNIT2_FRONTROW_MIDDLEFLOOR,Fan:OnOff,70.890362,0.08845909,,-999.000,-999.000,-999.,-999.0,-999.0,-999.0,-999.0,-999.000,-999.,unknown,unknown,unknown,unknown,MONTREAL-TRUDEAU.INTL.AP ANN HUM_N 99.6% CONDNS DP=>MCDB,1/21 00:15:00,Sensible,5419.07,5419.07,2.8674,0.08845909,70.890362,-6.2,-7.7,0.00022226,-5.,-7.8,-9.1,0.00022226,-5.,-999.,-999.0,-999.0,-999.0,121.131,5297.94,-7.8,0.00022226,-9.1,44.99498340,63.4712,78.80,0.00810000,-999.0,-999.,-999.000,0.00,0.00,1890.65,1508.67,0.08496563,80.00,67.00,0.01118466,13.2,59.82,58.33,0.01004577,9.8
,MAIN ELECTRIC HEATING COIL_UNIT2_FRONTROW_MIDDLEFLOOR,Coil:Heating:Electric,AirLoop,AirLoopHVAC,CENTRAL SYSTEM_UNIT2_FRONTROW_MIDDLEFLOOR,LIVING_UNIT2_FRONTROW_MIDDLEFLOOR,Non-Coincident,HeatingDesignCapacity,N/A,Yes,No,unknown,No,7691.582,7691.582,-999.,-999.,-999.00,-999.0000,1.00000,1.00000,0.2436,0.2400,0.0749,SUPPLY FAN_UNIT2_FRONTROW_MIDDLEFLOOR,Fan:OnOff,70.890362,0.08845909,,-999.000,-999.000,-999.,-999.0,-999.0,-999.0,-999.0,-999.000,-999.,MONTREAL-TRUDEAU.INTL.AP ANN HUM_N 99.6% CONDNS DP=>MCDB,1/21 15:00:00,unknown,unknown,MONTREAL-TRUDEAU.INTL.AP ANN HUM_N 99.6% CONDNS DP=>MCDB,1/21 15:00:00,Sensible,7691.58,7691.58,1.0000,0.08845909,70.890362,21.36,21.36,0.00288644,0.3,122.00,75.08,0.00800000,17.0,-999.,-999.0,-999.0,-999.0,0.000,7691.58,-7.8,0.00022226,-9.1,44.99498340,63.4712,72.00,0.00751563,72.00,0.00751563,44.9356,3878.01,0.00,-999.0,-999.0,-999.,-999.0,-999.0,-999.,-999.,-999.0,-999.0,-999.,-999.
,DX COOLING COIL_UNIT3_FRONTROW_MIDDLEFLOOR,Coil:Cooling:DX:SingleSpeed,AirLoop,AirLoopHVAC,CENTRAL SYSTEM_UNIT3_FRONTROW_MIDDLEFLOOR,LIVING_UNIT3_FRONTROW_MIDDLEFLOOR,Non-Coincident,CoolingDesignCapacity,N/A,Yes,Yes,unknown,No,3147.423,2520.001,118.062748,-999.,-999.00,-999.0000,44.73711,1.00000,0.2401,0.2400,0.0749,SUPPLY FAN_UNIT3_FRONTROW_MIDDLEFLOOR,Fan:OnOff,118.062748,0.14732219,,-999.000,-999.000,-999.,-999.0,-999.0,-999.0,-999.0,-999.000,-999.,unknown,unknown,unknown,unknown,MONTREAL-TRUDEAU.INTL.AP ANN HUM_N 99.6% CONDNS DP=>MCDB,1/21 00:15:00,Sensible,9025.07,9025.07,2.8674,0.14732219,118.062748,-6.2,-7.7,0.00022226,-5.,-7.8,-9.1,0.00022226,-5.,-999.,-999.0,-999.0,-999.0,201.736,8823.33,-7.8,0.00022226,-9.1,44.99498340,38.1111,78.80,0.00810000,-999.0,-999.,-999.000,0.00,0.00,3148.74,2512.58,0.14150408,80.00,67.00,0.01118466,13.2,59.82,58.33,0.01004577,9.8
,MAIN ELECTRIC HEATING COIL_UNIT3_FRONTROW_MIDDLEFLOOR,Coil:Heating:Electric,AirLoop,AirLoopHVAC,CENTRAL SYSTEM_UNIT3_FRONTROW_MIDDLEFLOOR,LIVING_UNIT3_FRONTROW_MIDDLEFLOOR,Non-Coincident,HeatingDesignCapacity,N/A,Yes,No,unknown,No,10234.627,10234.627,-999.,-999.,-999.00,-999.0000,1.00000,1.00000,0.2436,0.2400,0.0749,SUPPLY FAN_UNIT3_FRONTROW_MIDDLEFLOOR,Fan:OnOff,118.062748,0.14732219,,-999.000,-999.000,-999.,-999.0,-999.0,-999.0,-999.0,-999.000,-999.,MONTREAL-TRUDEAU.INTL.AP ANN HUM_N 99.6% CONDNS DP=>MCDB,1/21 15:00:00,unknown,unknown,MONTREAL-TRUDEAU.INTL.AP ANN HUM_N 99.6% CONDNS DP=>MCDB,1/21 15:00:00,Sensible,10234.63,10234.63,1.0000,0.14732219,118.062748,41.59,39.62,0.00469477,4.1,122.00,75.08,0.00800000,17.0,-999.,-999.0,-999.0,-999.0,0.000,10234.63,-7.8,0.00022226,-9.1,44.99498340,38.1111,72.00,0.00744893,72.00,0.00744893,44.5433,6458.71,0.00,-999.0,-999.0,-999.,-999.0,-999.0,-999.,-999.,-999.0,-999.0,-999.,-999.
,DX COOLING COIL_UNIT1_BACKROW_MIDDLEFLOOR,Coil:Cooling:DX:SingleSpeed,AirLoop,AirLoopHVAC,CENTRAL SYSTEM_UNIT1_BACKROW_MIDDLEFLOOR,LIVING_UNIT1_BACKROW_MIDDLEFLOOR,Non-Coincident,CoolingDesignCapacity,N/A,Yes,Yes,unknown,No,3154.111,2525.356,118.313619,-999.,-999.00,-999.0000,44.73711,1.00000,0.2401,0.2400,0.0749,SUPPLY FAN_UNIT1_BACKROW_MIDDLEFLOOR,Fan:OnOff,118.313619,0.14763524,,-999.000,-999.000,-999.,-999.0,-999.0,-999.0,-999.0,-999.000,-999.,unknown,unknown,unknown,unknown,MONTREAL-TRUDEAU.INTL.AP ANN HUM_N 99.6% CONDNS DP=>MCDB,1/21 00:15:00,Sensible,9044.25,9044.25,2.8674,0.14763524,118.313619,-6.2,-7.7,0.00022226,-5.,-7.8,-9.1,0.00022226,-5.,-999.,-999.0,-999.0,-999.0,202.164,8842.08,-7.8,0.00022226,-9.1,44.99498340,38.0303,78.80,0.00810000,-999.0,-999.,-999.000,0.00,0.00,3155.43,2517.92,0.14180476,80.00,67.00,0.01118466,13.2,59.82,58.33,0.01004577,9.8
,MAIN ELECTRIC HEATING COIL_UNIT1_BACKROW_MIDDLEFLOOR,Coil:Heating:Electric,AirLoop,AirLoopHVAC,CENTRAL SYSTEM_UNIT1_BACKROW_MIDDLEFLOOR,LIVING_UNIT1_BACKROW_MIDDLEFLOOR,Non-Coincident,HeatingDesignCapacity,N/A,Yes,No,unknown,No,10248.151,10248.151,-999.,-999.,-999.00,-999.0000,1.00000,1.00000,0.2436,0.2400,0.0749,SUPPLY FAN_UNIT1_BACKROW_MIDDLEFLOOR,Fan:OnOff,118.313619,0.14763524,,-999.000,-999.000,-999.,-999.0,-999.0,-999.0,-999.0,-999.000,-999.,MONTREAL-TRUDEAU.INTL.AP ANN HUM_N 99.6% CONDNS DP=>MCDB,1/21 15:00:00,unknown,unknown,MONTREAL-TRUDEAU.INTL.AP ANN HUM_N 99.6% CONDNS DP=>MCDB,1/21 15:00:00,Sensible,10248.15,10248.15,1.0000,0.14763524,118.313619,41.66,39.67,0.00470124,4.1,122.00,75.08,0.00800000,17.0,-999.,-999.0,-999.0,-999.0,0.000,10248.15,-7.8,0.00022226,-9.1,44.99498340,38.0303,72.00,0.00744995,72.00,0.00744995,44.5493,6472.43,0.00,-999.0,-999.0,-999.,-999.0,-999.0,-999.,-999.,-999.0,-999.0,-999.,-999.
,DX COOLING COIL_UNIT2_BACKROW_MIDDLEFLOOR,Coil:Cooling:DX:SingleSpeed,AirLoop,AirLoopHVAC,CENTRAL SYSTEM_UNIT2_BACKROW_MIDDLEFLOOR,LIVING_UNIT2_BACKROW_MIDDLEFLOOR,Non-Coincident,CoolingDesignCapacity,N/A,Yes,Yes,unknown,No,1887.442,1511.191,70.799710,-999.,-999.00,-999.0000,44.73711,1.00000,0.2401,0.2400,0.0749,SUPPLY FAN_UNIT2_BACKROW_MIDDLEFLOOR,Fan:OnOff,70.799710,0.08834597,,-999.000,-999.000,-999.,-999.0,-999.0,-999.0,-999.0,-999.000,-999.,unknown,unknown,unknown,unknown,MONTREAL-TRUDEAU.INTL.AP ANN HUM_N 99.6% CONDNS DP=>MCDB,1/21 00:15:00,Sensible,5412.14,5412.14,2.8674,0.08834597,70.799710,-6.2,-7.7,0.00022226,-5.,-7.8,-9.1,0.00022226,-5.,-999.,-999.0,-999.0,-999.0,120.977,5291.16,-7.8,0.00022226,-9.1,44.99498340,63.5525,78.80,0.00810000,-999.0,-999.,-999.000,0.00,0.00,1888.23,1506.74,0.08485698,80.00,67.00,0.01118466,13.2,59.82,58.33,0.01004577,9.8
,MAIN ELECTRIC HEATING COIL_UNIT2_BACKROW_MIDDLEFLOOR,Coil:Heating:Electric,AirLoop,AirLoopHVAC,CENTRAL SYSTEM_UNIT2_BACKROW_MIDDLEFLOOR,LIVING_UNIT2_BACKROW_MIDDLEFLOOR,Non-Coincident,HeatingDesignCapacity,N/A,Yes,No,unknown,No,7686.695,7686.695,-999.,-999.,-999.00,-999.0000,1.00000,1.00000,0.2436,0.2400,0.0749,SUPPLY FAN_UNIT2_BACKROW_MIDDLEFLOOR,Fan:OnOff,70.799710,0.08834597,,-999.000,-999.000,-999.,-999.0,-999.0,-999.0,-999.0,-999.000,-999.,MONTREAL-TRUDEAU.INTL.AP ANN HUM_N 99.6% CONDNS DP=>MCDB,1/21 15:00:00,unknown,unknown,MONTREAL-TRUDEAU.INTL.AP ANN HUM_N 99.6% CONDNS DP=>MCDB,1/21 15:00:00,Sensible,7686.69,7686.69,1.0000,0.08834597,70.799710,21.30,21.30,0.00288034,0.3,122.00,75.08,0.00800000,17.0,-999.,-999.0,-999.0,-999.0,0.000,7686.69,-7.8,0.00022226,-9.1,44.99498340,63.5525,72.00,0.00751516,72.00,0.00751516,44.9328,3873.06,0.00,-999.0,-999.0,-999.,-999.0,-999.0,-999.,-999.,-999.0,-999.0,-999.,-999.
,DX COOLING COIL_UNIT3_BACKROW_MIDDLEFLOOR,Coil:Cooling:DX:SingleSpeed,AirLoop,AirLoopHVAC,CENTRAL SYSTEM_UNIT3_BACKROW_MIDDLEFLOOR,LIVING_UNIT3_BACKROW_MIDDLEFLOOR,Non-Coincident,CoolingDesignCapacity,N/A,Yes,Yes,unknown,No,3143.824,2517.119,117.927744,-999.,-999.00,-999.0000,44.73711,1.00000,0.2401,0.2400,0.0749,SUPPLY FAN_UNIT3_BACKROW_MIDDLEFLOOR,Fan:OnOff,117.927744,0.14715373,,-999.000,-999.000,-999.,-999.0,-999.0,-999.0,-999.0,-999.000,-999.,unknown,unknown,unknown,unknown,MONTREAL-TRUDEAU.INTL.AP ANN HUM_N 99.6% CONDNS DP=>MCDB,1/21 00:15:00,Sensible,9014.75,9014.75,2.8674,0.14715373,117.927744,-6.2,-7.7,0.00022226,-5.,-7.8,-9.1,0.00022226,-5.,-999.,-999.0,-999.0,-999.0,201.505,8813.24,-7.8,0.00022226,-9.1,44.99498340,38.1547,78.80,0.00810000,-999.0,-999.,-999.000,0.00,0.00,3145.14,2509.71,0.14134227,80.00,67.00,0.01118466,13.2,59.82,58.33,0.01004577,9.8
,MAIN ELECTRIC HEATING COIL_UNIT3_BACKROW_MIDDLEFLOOR,Coil:Heating:Electric,AirLoop,AirLoopHVAC,CENTRAL SYSTEM_UNIT3_BACKROW_MIDDLEFLOOR,LIVING_UNIT3_BACKROW_MIDDLEFLOOR,Non-Coincident,HeatingDesignCapacity,N/A,Yes,No,unknown,No,10227.349,10227.349,-999.,-999.,-999.00,-999.0000,1.00000,1.00000,0.2436,0.2400,0.0749,SUPPLY FAN_UNIT3_BACKROW_MIDDLEFLOOR,Fan:OnOff,117.927744,0.14715373,,-999.000,-999.000,-999.,-999.0,-999.0,-999.0,-999.0,-999.000,-999.,MONTREAL-TRUDEAU.INTL.AP ANN HUM_N 99.6% CONDNS DP=>MCDB,1/21 15:00:00,unknown,unknown,MONTREAL-TRUDEAU.INTL.AP ANN HUM_N 99.6% CONDNS DP=>MCDB,1/21 15:00:00,Sensible,10227.35,10227.35,1.0000,0.14715373,117.927744,41.56,39.60,0.00469128,4.1,122.00,75.08,0.00800000,17.0,-999.,-999.0,-999.0,-999.0,0.000,10227.35,-7.8,0.00022226,-9.1,44.99498340,38.1547,72.00,0.00744839,72.00,0.00744839,44.5401,6451.32,0.00,-999.0,-999.0,-999.,-999.0,-999.0,-999.,-999.,-999.0,-999.0,-999.,-999.
,DX COOLING COIL_UNIT1_FRONTROW_TOPFLOOR,Coil:Cooling:DX:SingleSpeed,AirLoop,AirLoopHVAC,CENTRAL SYSTEM_UNIT1_FRONTROW_TOPFLOOR,LIVING_UNIT1_FRONTROW_TOPFLOOR,Non-Coincident,CoolingDesignCapacity,N/A,Yes,Yes,unknown,No,4572.420,3660.932,171.515708,-999.,-999.00,-999.0000,44.73711,1.00000,0.2401,0.2400,0.0749,SUPPLY FAN_UNIT1_FRONTROW_TOPFLOOR,Fan:OnOff,171.515708,0.21402238,,-999.000,-999.000,-999.,-999.0,-999.0,-999.0,-999.0,-999.000,-999.,unknown,unknown,unknown,unknown,MONTREAL-TRUDEAU.INTL.AP ANN HUM_N 99.6% CONDNS DP=>MCDB,1/21 00:15:00,Sensible,13111.17,13111.17,2.8674,0.21402238,171.515708,-6.2,-7.7,0.00022226,-5.,-7.8,-9.1,0.00022226,-5.,-999.,-999.0,-999.0,-999.0,293.072,12818.10,-7.8,0.00022226,-9.1,44.99498340,26.2337,78.80,0.00810000,-999.0,-999.,-999.000,0.00,0.00,4574.33,3650.16,0.20557011,80.00,67.00,0.01118466,13.2,59.82,58.33,0.01004577,9.8
,MAIN ELECTRIC HEATING COIL_UNIT1_FRONTROW_TOPFLOOR,Coil:Heating:Electric,AirLoop,AirLoopHVAC,CENTRAL SYSTEM_UNIT1_FRONTROW_TOPFLOOR,LIVING_UNIT1_FRONTROW_TOPFLOOR,Non-Coincident,HeatingDesignCapacity,N/A,Yes,No,unknown,No,13116.884,13116.884,-999.,-999.,-999.00,-999.0000,1.00000,1.00000,0.2436,0.2400,0.0749,SUPPLY FAN_UNIT1_FRONTROW_TOPFLOOR,Fan:OnOff,171.515708,0.21402238,,-999.000,-999.000,-999.,-999.0,-999.0,-999.0,-999.0,-999.000,-999.,MONTREAL-TRUDEAU.INTL.AP ANN HUM_N 99.6% CONDNS DP=>MCDB,1/21 15:00:00,unknown,unknown,MONTREAL-TRUDEAU.INTL.AP ANN HUM_N 99.6% CONDNS DP=>MCDB,1/21 15:00:00,Sensible,13116.88,13116.88,1.0000,0.21402238,171.515708,51.07,45.41,0.00515141,5.6,122.00,75.08,0.00800000,17.0,-999.,-999.0,-999.0,-999.0,0.000,13116.88,-7.8,0.00022226,-9.1,44.99498340,26.2337,71.99,0.00690438,71.99,0.00690438,41.3296,9383.81,0.00,-999.0,-999.0,-999.,-999.0,-999.0,-999.,-999.,-999.0,-999.0,-999.,-999.
,DX COOLING COIL_UNIT2_FRONTROW_TOPFLOOR,Coil:Cooling:DX:SingleSpeed,AirLoop,AirLoopHVAC,CENTRAL SYSTEM_UNIT2_FRONTROW_TOPFLOOR,LIVING_UNIT2_FRONTROW_TOPFLOOR,Non-Coincident,CoolingDesignCapacity,N/A,Yes,Yes,unknown,No,3301.535,2643.391,123.843614,-999.,-999.00,-999.0000,44.73711,1.00000,0.2401,0.2400,0.0749,SUPPLY FAN_UNIT2_FRONTROW_TOPFLOOR,Fan:OnOff,123.843614,0.15453573,,-999.000,-999.000,-999.,-999.0,-999.0,-999.0,-999.0,-999.000,-999.,unknown,unknown,unknown,unknown,MONTREAL-TRUDEAU.INTL.AP ANN HUM_N 99.6% CONDNS DP=>MCDB,1/21 00:15:00,Sensible,9466.98,9466.98,2.8674,0.15453573,123.843614,-6.2,-7.7,0.00022226,-5.,-7.8,-9.1,0.00022226,-5.,-999.,-999.0,-999.0,-999.0,211.613,9255.36,-7.8,0.00022226,-9.1,44.99498340,36.3321,78.80,0.00810000,-999.0,-999.,-999.000,0.00,0.00,3302.91,2635.61,0.14843273,80.00,67.00,0.01118466,13.2,59.82,58.33,0.01004577,9.8
,MAIN ELECTRIC HEATING COIL_UNIT2_FRONTROW_TOPFLOOR,Coil:Heating:Electric,AirLoop,AirLoopHVAC,CENTRAL SYSTEM_UNIT2_FRONTROW_TOPFLOOR,LIVING_UNIT2_FRONTROW_TOPFLOOR,Non-Coincident,HeatingDesignCapacity,N/A,Yes,No,unknown,No,10546.593,10546.593,-999.,-999.,-999.00,-999.0000,1.00000,1.00000,0.2436,0.2400,0.0749,SUPPLY FAN_UNIT2_FRONTROW_TOPFLOOR,Fan:OnOff,123.843614,0.15453573,,-999.000,-999.000,-999.,-999.0,-999.0,-999.0,-999.0,-999.000,-999.,MONTREAL-TRUDEAU.INTL.AP ANN HUM_N 99.6% CONDNS DP=>MCDB,1/21 15:00:00,unknown,unknown,MONTREAL-TRUDEAU.INTL.AP ANN HUM_N 99.6% CONDNS DP=>MCDB,1/21 15:00:00,Sensible,10546.59,10546.59,1.0000,0.15453573,123.843614,43.01,39.63,0.00437681,4.1,122.00,75.08,0.00800000,17.0,-999.,-999.0,-999.0,-999.0,0.000,10546.59,-7.8,0.00022226,-9.1,44.99498340,36.3321,71.99,0.00674760,71.99,0.00674760,40.3997,6775.48,0.00,-999.0,-999.0,-999.,-999.0,-999.0,-999.,-999.,-999.0,-999.0,-999.,-999.
,DX COOLING COIL_UNIT3_FRONTROW_TOPFLOOR,Coil:Cooling:DX:SingleSpeed,AirLoop,AirLoopHVAC,CENTRAL SYSTEM_UNIT3_FRONTROW_TOPFLOOR,LIVING_UNIT3_FRONTROW_TOPFLOOR,Non-Coincident,CoolingDesignCapacity,N/A,Yes,Yes,unknown,No,4562.592,3653.064,171.147053,-999.,-999.00,-999.0000,44.73711,1.00000,0.2401,0.2400,0.0749,SUPPLY FAN_UNIT3_FRONTROW_TOPFLOOR,Fan:OnOff,171.147053,0.21356236,,-999.000,-999.000,-999.,-999.0,-999.0,-999.0,-999.0,-999.000,-999.,unknown,unknown,unknown,unknown,MONTREAL-TRUDEAU.INTL.AP ANN HUM_N 99.6% CONDNS DP=>MCDB,1/21 00:15:00,Sensible,13082.99,13082.99,2.8674,0.21356236,171.147053,-6.2,-7.7,0.00022226,-5.,-7.8,-9.1,0.00022226,-5.,-999.,-999.0,-999.0,-999.0,292.442,12790.55,-7.8,0.00022226,-9.1,44.99498340,26.2902,78.80,0.00810000,-999.0,-999.,-999.000,0.00,0.00,4564.50,3642.31,0.20512826,80.00,67.00,0.01118466,13.2,59.82,58.33,0.01004577,9.8
,MAIN ELECTRIC HEATING COIL_UNIT3_FRONTROW_TOPFLOOR,Coil:Heating:Electric,AirLoop,AirLoopHVAC,CENTRAL SYSTEM_UNIT3_FRONTROW_TOPFLOOR,LIVING_UNIT3_FRONTROW_TOPFLOOR,Non-Coincident,HeatingDesignCapacity,N/A,Yes,No,unknown,No,13097.008,13097.008,-999.,-999.,-999.00,-999.0000,1.00000,1.00000,0.2436,0.2400,0.0749,SUPPLY FAN_UNIT3_FRONTROW_TOPFLOOR,Fan:OnOff,171.147053,0.21356236,,-999.000,-999.000,-999.,-999.0,-999.0,-999.0,-999.0,-999.000,-999.,MONTREAL-TRUDEAU.INTL.AP ANN HUM_N 99.6% CONDNS DP=>MCDB,1/21 15:00:00,unknown,unknown,MONTREAL-TRUDEAU.INTL.AP ANN HUM_N 99.6% CONDNS DP=>MCDB,1/21 15:00:00,Sensible,13097.01,13097.01,1.0000,0.21356236,171.147053,51.02,45.38,0.00514620,5.6,122.00,75.08,0.00800000,17.0,-999.,-999.0,-999.0,-999.0,0.000,13097.01,-7.8,0.00022226,-9.1,44.99498340,26.2902,71.99,0.00690243,71.99,0.00690243,41.3180,9363.64,0.00,-999.0,-999.0,-999.,-999.0,-999.0,-999.,-999.,-999.0,-999.0,-999.,-999.
,DX COOLING COIL_UNIT1_BACKROW_TOPFLOOR,Coil:Cooling:DX:SingleSpeed,AirLoop,AirLoopHVAC,CENTRAL SYSTEM_UNIT1_BACKROW_TOPFLOOR,LIVING_UNIT1_BACKROW_TOPFLOOR,Non-Coincident,CoolingDesignCapacity,N/A,Yes,Yes,unknown,No,4569.040,3658.226,171.388929,-999.,-999.00,-999.0000,44.73711,1.00000,0.2401,0.2400,0.0749,SUPPLY FAN_UNIT1_BACKROW_TOPFLOOR,Fan:OnOff,171.388929,0.21386418,,-999.000,-999.000,-999.,-999.0,-999.0,-999.0,-999.0,-999.000,-999.,unknown,unknown,unknown,unknown,MONTREAL-TRUDEAU.INTL.AP ANN HUM_N 99.6% CONDNS DP=>MCDB,1/21 00:15:00,Sensible,13101.48,13101.48,2.8674,0.21386418,171.388929,-6.2,-7.7,0.00022226,-5.,-7.8,-9.1,0.00022226,-5.,-999.,-999.0,-999.0,-999.0,292.855,12808.63,-7.8,0.00022226,-9.1,44.99498340,26.2531,78.80,0.00810000,-999.0,-999.,-999.000,0.00,0.00,4570.95,3647.46,0.20541816,80.00,67.00,0.01118466,13.2,59.82,58.33,0.01004577,9.8
,MAIN ELECTRIC HEATING COIL_UNIT1_BACKROW_TOPFLOOR,Coil:Heating:Electric,AirLoop,AirLoopHVAC,CENTRAL SYSTEM_UNIT1_BACKROW_TOPFLOOR,LIVING_UNIT1_BACKROW_TOPFLOOR,Non-Coincident,HeatingDesignCapacity,N/A,Yes,No,unknown,No,13110.048,13110.048,-999.,-999.,-999.00,-999.0000,1.00000,1.00000,0.2436,0.2400,0.0749,SUPPLY FAN_UNIT1_BACKROW_TOPFLOOR,Fan:OnOff,171.388929,0.21386418,,-999.000,-999.000,-999.,-999.0,-999.0,-999.0,-999.0,-999.000,-999.,MONTREAL-TRUDEAU.INTL.AP ANN HUM_N 99.6% CONDNS DP=>MCDB,1/21 15:00:00,unknown,unknown,MONTREAL-TRUDEAU.INTL.AP ANN HUM_N 99.6% CONDNS DP=>MCDB,1/21 15:00:00,Sensible,13110.05,13110.05,1.0000,0.21386418,171.388929,51.05,45.40,0.00514962,5.6,122.00,75.08,0.00800000,17.0,-999.,-999.0,-999.0,-999.0,0.000,13110.05,-7.8,0.00022226,-9.1,44.99498340,26.2531,71.99,0.00690371,71.99,0.00690371,41.3256,9376.87,0.00,-999.0,-999.0,-999.,-999.0,-999.0,-999.,-999.,-999.0,-999.0,-999.,-999.
,DX COOLING COIL_UNIT2_BACKROW_TOPFLOOR,Coil:Cooling:DX:SingleSpeed,AirLoop,AirLoopHVAC,CENTRAL SYSTEM_UNIT2_BACKROW_TOPFLOOR,LIVING_UNIT2_BACKROW_TOPFLOOR,Non-Coincident,CoolingDesignCapacity,N/A,Yes,Yes,unknown,No,3297.392,2640.074,123.688209,-999.,-999.00,-999.0000,44.73711,1.00000,0.2401,0.2400,0.0749,SUPPLY FAN_UNIT2_BACKROW_TOPFLOOR,Fan:OnOff,123.688209,0.15434181,,-999.000,-999.000,-999.,-999.0,-999.0,-999.0,-999.0,-999.000,-999.,unknown,unknown,unknown,unknown,MONTREAL-TRUDEAU.INTL.AP ANN HUM_N 99.6% CONDNS DP=>MCDB,1/21 00:15:00,Sensible,9455.10,9455.10,2.8674,0.15434181,123.688209,-6.2,-7.7,0.00022226,-5.,-7.8,-9.1,0.00022226,-5.,-999.,-999.0,-999.0,-999.0,211.348,9243.75,-7.8,0.00022226,-9.1,44.99498340,36.3777,78.80,0.00810000,-999.0,-999.,-999.000,0.00,0.00,3298.77,2632.30,0.14824647,80.00,67.00,0.01118466,13.2,59.82,58.33,0.01004577,9.8
,MAIN ELECTRIC HEATING COIL_UNIT2_BACKROW_TOPFLOOR,Coil:Heating:Electric,AirLoop,AirLoopHVAC,CENTRAL SYSTEM_UNIT2_BACKROW_TOPFLOOR,LIVING_UNIT2_BACKROW_TOPFLOOR,Non-Coincident,HeatingDesignCapacity,N/A,Yes,No,unknown,No,10538.215,10538.215,-999.,-999.,-999.00,-999.0000,1.00000,1.00000,0.2436,0.2400,0.0749,SUPPLY FAN_UNIT2_BACKROW_TOPFLOOR,Fan:OnOff,123.688209,0.15434181,,-999.000,-999.000,-999.,-999.0,-999.0,-999.0,-999.0,-999.000,-999.,MONTREAL-TRUDEAU.INTL.AP ANN HUM_N 99.6% CONDNS DP=>MCDB,1/21 15:00:00,unknown,unknown,MONTREAL-TRUDEAU.INTL.AP ANN HUM_N 99.6% CONDNS DP=>MCDB,1/21 15:00:00,Sensible,10538.21,10538.21,1.0000,0.15434181,123.688209,42.97,39.60,0.00437303,4.1,122.00,75.08,0.00800000,17.0,-999.,-999.0,-999.0,-999.0,0.000,10538.21,-7.8,0.00022226,-9.1,44.99498340,36.3777,71.99,0.00674635,71.99,0.00674635,40.3923,6766.97,0.00,-999.0,-999.0,-999.,-999.0,-999.0,-999.,-999.,-999.0,-999.0,-999.,-999.
,DX COOLING COIL_UNIT3_BACKROW_TOPFLOOR,Coil:Cooling:DX:SingleSpeed,AirLoop,AirLoopHVAC,CENTRAL SYSTEM_UNIT3_BACKROW_TOPFLOOR,LIVING_UNIT3_BACKROW_TOPFLOOR,Non-Coincident,CoolingDesignCapacity,N/A,Yes,Yes,unknown,No,4557.616,3649.079,170.960393,-999.,-999.00,-999.0000,44.73711,1.00000,0.2401,0.2400,0.0749,SUPPLY FAN_UNIT3_BACKROW_TOPFLOOR,Fan:OnOff,170.960393,0.21332944,,-999.000,-999.000,-999.,-999.0,-999.0,-999.0,-999.0,-999.000,-999.,unknown,unknown,unknown,unknown,MONTREAL-TRUDEAU.INTL.AP ANN HUM_N 99.6% CONDNS DP=>MCDB,1/21 00:15:00,Sensible,13068.72,13068.72,2.8674,0.21332944,170.960393,-6.2,-7.7,0.00022226,-5.,-7.8,-9.1,0.00022226,-5.,-999.,-999.0,-999.0,-999.0,292.123,12776.60,-7.8,0.00022226,-9.1,44.99498340,26.3190,78.80,0.00810000,-999.0,-999.,-999.000,0.00,0.00,4559.52,3638.34,0.20490454,80.00,67.00,0.01118466,13.2,59.82,58.33,0.01004577,9.8
,MAIN ELECTRIC HEATING COIL_UNIT3_BACKROW_TOPFLOOR,Coil:Heating:Electric,AirLoop,AirLoopHVAC,CENTRAL SYSTEM_UNIT3_BACKROW_TOPFLOOR,LIVING_UNIT3_BACKROW_TOPFLOOR,Non-Coincident,HeatingDesignCapacity,N/A,Yes,No,unknown,No,13086.944,13086.944,-999.,-999.,-999.00,-999.0000,1.00000,1.00000,0.2436,0.2400,0.0749,SUPPLY FAN_UNIT3_BACKROW_TOPFLOOR,Fan:OnOff,170.960393,0.21332944,,-999.000,-999.000,-999.,-999.0,-999.0,-999.0,-999.0,-999.000,-999.,MONTREAL-TRUDEAU.INTL.AP ANN HUM_N 99.6% CONDNS DP=>MCDB,1/21 15:00:00,unknown,unknown,MONTREAL-TRUDEAU.INTL.AP ANN HUM_N 99.6% CONDNS DP=>MCDB,1/21 15:00:00,Sensible,13086.94,13086.94,1.0000,0.21332944,170.960393,51.00,45.36,0.00514355,5.6,122.00,75.08,0.00800000,17.0,-999.,-999.0,-999.0,-999.0,0.000,13086.94,-7.8,0.00022226,-9.1,44.99498340,26.3190,71.99,0.00690144,71.99,0.00690144,41.3121,9353.43,0.00,-999.0,-999.0,-999.,-999.0,-999.0,-999.,-999.,-999.0,-999.0,-999.,-999.
,HEAT PUMP WATER HEATER EVAPORATOR_UNIT1_FRONTROW_BOTTOMFLOOR,Coil:WaterHeating:AirToWaterHeatPump:Wrapped,unknown,unknown,unknown,N/A,N/A,N/A,N/A,No,No,unknown,No,2688.323,2637.245,400.423678,-999.,-999.00,-999.0000,1.00000,1.00000,0.2400,0.2400,0.0749,HEAT PUMP WATER HEATER FAN_UNIT1_FRONTROW_BOTTOMFLOOR,Fan:OnOff,160.010573,0.19966593,,-999.000,-999.000,-999.,-999.0,-999.0,-999.0,-999.0,-999.000,-999.,unknown,unknown,unknown,unknown,unknown,unknown,Sensible,3319.56,-999.0,1.0000,-999.,-999.,-999.0,-999.0,-999.,-999.,-999.0,-999.0,-999.,-999.,-999.,-999.0,-999.0,-999.0,0.000,3319.56,-999.0,-999.,-999.0,-999.,-999.000,-999.0,-999.,-999.0,-999.,-999.000,-999.0,0.00,-999.0,-999.0,-999.,-999.0,-999.0,-999.,-999.,-999.0,-999.0,-999.,-999.
,HEAT PUMP WATER HEATER EVAPORATOR_UNIT2_FRONTROW_BOTTOMFLOOR,Coil:WaterHeating:AirToWaterHeatPump:Wrapped,unknown,unknown,unknown,N/A,N/A,N/A,N/A,No,No,unknown,No,2688.323,2637.245,400.423678,-999.,-999.00,-999.0000,1.00000,1.00000,0.2400,0.2400,0.0749,HEAT PUMP WATER HEATER FAN_UNIT2_FRONTROW_BOTTOMFLOOR,Fan:OnOff,160.010573,0.19966593,,-999.000,-999.000,-999.,-999.0,-999.0,-999.0,-999.0,-999.000,-999.,unknown,unknown,unknown,unknown,unknown,unknown,Sensible,3319.56,-999.0,1.0000,-999.,-999.,-999.0,-999.0,-999.,-999.,-999.0,-999.0,-999.,-999.,-999.,-999.0,-999.0,-999.0,0.000,3319.56,-999.0,-999.,-999.0,-999.,-999.000,-999.0,-999.,-999.0,-999.,-999.000,-999.0,0.00,-999.0,-999.0,-999.,-999.0,-999.0,-999.,-999.,-999.0,-999.0,-999.,-999.
,HEAT PUMP WATER HEATER EVAPORATOR_UNIT3_FRONTROW_BOTTOMFLOOR,Coil:WaterHeating:AirToWaterHeatPump:Wrapped,unknown,unknown,unknown,N/A,N/A,N/A,N/A,No,No,unknown,No,2688.323,2637.245,400.423678,-999.,-999.00,-999.0000,1.00000,1.00000,0.2400,0.2400,0.0749,HEAT PUMP WATER HEATER FAN_UNIT3_FRONTROW_BOTTOMFLOOR,Fan:OnOff,160.010573,0.19966593,,-999.000,-999.000,-999.,-999.0,-999.0,-999.0,-999.0,-999.000,-999.,unknown,unknown,unknown,unknown,unknown,unknown,Sensible,3319.56,-999.0,1.0000,-999.,-999.,-999.0,-999.0,-999.,-999.,-999.0,-999.0,-999.,-999.,-999.,-999.0,-999.0,-999.0,0.000,3319.56,-999.0,-999.,-999.0,-999.,-999.000,-999.0,-999.,-999.0,-999.,-999.000,-999.0,0.00,-999.0,-999.0,-999.,-999.0,-999.0,-999.,-999.,-999.0,-999.0,-999.,-999.
,HEAT PUMP WATER HEATER EVAPORATOR_UNIT1_BACKROW_BOTTOMFLOOR,Coil:WaterHeating:AirToWaterHeatPump:Wrapped,unknown,unknown,unknown,N/A,N/A,N/A,N/A,No,No,unknown,No,2688.323,2637.245,400.423678,-999.,-999.00,-999.0000,1.00000,1.00000,0.2400,0.2400,0.0749,HEAT PUMP WATER HEATER FAN_UNIT1_BACKROW_BOTTOMFLOOR,Fan:OnOff,160.010573,0.19966593,,-999.000,-999.000,-999.,-999.0,-999.0,-999.0,-999.0,-999.000,-999.,unknown,unknown,unknown,unknown,unknown,unknown,Sensible,3319.56,-999.0,1.0000,-999.,-999.,-999.0,-999.0,-999.,-999.,-999.0,-999.0,-999.,-999.,-999.,-999.0,-999.0,-999.0,0.000,3319.56,-999.0,-999.,-999.0,-999.,-999.000,-999.0,-999.,-999.0,-999.,-999.000,-999.0,0.00,-999.0,-999.0,-999.,-999.0,-999.0,-999.,-999.,-999.0,-999.0,-999.,-999.
,HEAT PUMP WATER HEATER EVAPORATOR_UNIT2_BACKROW_BOTTOMFLOOR,Coil:WaterHeating:AirToWaterHeatPump:Wrapped,unknown,unknown,unknown,N/A,N/A,N/A,N/A,No,No,unknown,No,2688.323,2637.245,400.423678,-999.,-999.00,-999.0000,1.00000,1.00000,0.2400,0.2400,0.0749,HEAT PUMP WATER HEATER FAN_UNIT2_BACKROW_BOTTOMFLOOR,Fan:OnOff,160.010573,0.19966593,,-999.000,-999.000,-999.,-999.0,-999.0,-999.0,-999.0,-999.000,-999.,unknown,unknown,unknown,unknown,unknown,unknown,Sensible,3319.56,-999.0,1.0000,-999.,-999.,-999.0,-999.0,-999.,-999.,-999.0,-999.0,-999.,-999.,-999.,-999.0,-999.0,-999.0,0.000,3319.56,-999.0,-999.,-999.0,-999.,-999.000,-999.0,-999.,-999.0,-999.,-999.000,-999.0,0.00,-999.0,-999.0,-999.,-999.0,-999.0,-999.,-999.,-999.0,-999.0,-999.,-999.
,HEAT PUMP WATER HEATER EVAPORATOR_UNIT3_BACKROW_BOTTOMFLOOR,Coil:WaterHeating:AirToWaterHeatPump:Wrapped,unknown,unknown,unknown,N/A,N/A,N/A,N/A,No,No,unknown,No,2688.323,2637.245,400.423678,-999.,-999.00,-999.0000,1.00000,1.00000,0.2400,0.2400,0.0749,HEAT PUMP WATER HEATER FAN_UNIT3_BACKROW_BOTTOMFLOOR,Fan:OnOff,160.010573,0.19966593,,-999.000,-999.000,-999.,-999.0,-999.0,-999.0,-999.0,-999.000,-999.,unknown,unknown,unknown,unknown,unknown,unknown,Sensible,3319.56,-999.0,1.0000,-999.,-999.,-999.0,-999.0,-999.,-999.,-999.0,-999.0,-999.,-999.,-999.,-999.0,-999.0,-999.0,0.000,3319.56,-999.0,-999.,-999.0,-999.,-999.000,-999.0,-999.,-999.0,-999.,-999.000,-999.0,0.00,-999.0,-999.0,-999.,-999.0,-999.0,-999.,-999.,-999.0,-999.0,-999.,-999.
,HEAT PUMP WATER HEATER EVAPORATOR_UNIT1_FRONTROW_MIDDLEFLOOR,Coil:WaterHeating:AirToWaterHeatPump:Wrapped,unknown,unknown,unknown,N/A,N/A,N/A,N/A,No,No,unknown,No,2688.323,2637.245,400.423678,-999.,-999.00,-999.0000,1.00000,1.00000,0.2400,0.2400,0.0749,HEAT PUMP WATER HEATER FAN_UNIT1_FRONTROW_MIDDLEFLOOR,Fan:OnOff,160.010573,0.19966593,,-999.000,-999.000,-999.,-999.0,-999.0,-999.0,-999.0,-999.000,-999.,unknown,unknown,unknown,unknown,unknown,unknown,Sensible,3319.56,-999.0,1.0000,-999.,-999.,-999.0,-999.0,-999.,-999.,-999.0,-999.0,-999.,-999.,-999.,-999.0,-999.0,-999.0,0.000,3319.56,-999.0,-999.,-999.0,-999.,-999.000,-999.0,-999.,-999.0,-999.,-999.000,-999.0,0.00,-999.0,-999.0,-999.,-999.0,-999.0,-999.,-999.,-999.0,-999.0,-999.,-999.
,HEAT PUMP WATER HEATER EVAPORATOR_UNIT2_FRONTROW_MIDDLEFLOOR,Coil:WaterHeating:AirToWaterHeatPump:Wrapped,unknown,unknown,unknown,N/A,N/A,N/A,N/A,No,No,unknown,No,2688.323,2637.245,400.423678,-999.,-999.00,-999.0000,1.00000,1.00000,0.2400,0.2400,0.0749,HEAT PUMP WATER HEATER FAN_UNIT2_FRONTROW_MIDDLEFLOOR,Fan:OnOff,160.010573,0.19966593,,-999.000,-999.000,-999.,-999.0,-999.0,-999.0,-999.0,-999.000,-999.,unknown,unknown,unknown,unknown,unknown,unknown,Sensible,3319.56,-999.0,1.0000,-999.,-999.,-999.0,-999.0,-999.,-999.,-999.0,-999.0,-999.,-999.,-999.,-999.0,-999.0,-999.0,0.000,3319.56,-999.0,-999.,-999.0,-999.,-999.000,-999.0,-999.,-999.0,-999.,-999.000,-999.0,0.00,-999.0,-999.0,-999.,-999.0,-999.0,-999.,-999.,-999.0,-999.0,-999.,-999.
,HEAT PUMP WATER HEATER EVAPORATOR_UNIT3_FRONTROW_MIDDLEFLOOR,Coil:WaterHeating:AirToWaterHeatPump:Wrapped,unknown,unknown,unknown,N/A,N/A,N/A,N/A,No,No,unknown,No,2688.323,2637.245,400.423678,-999.,-999.00,-999.0000,1.00000,1.00000,0.2400,0.2400,0.0749,HEAT PUMP WATER HEATER FAN_UNIT3_FRONTROW_MIDDLEFLOOR,Fan:OnOff,160.010573,0.19966593,,-999.000,-999.000,-999.,-999.0,-999.0,-999.0,-999.0,-999.000,-999.,unknown,unknown,unknown,unknown,unknown,unknown,Sensible,3319.56,-999.0,1.0000,-999.,-999.,-999.0,-999.0,-999.,-999.,-999.0,-999.0,-999.,-999.,-999.,-999.0,-999.0,-999.0,0.000,3319.56,-999.0,-999.,-999.0,-999.,-999.000,-999.0,-999.,-999.0,-999.,-999.000,-999.0,0.00,-999.0,-999.0,-999.,-999.0,-999.0,-999.,-999.,-999.0,-999.0,-999.,-999.
,HEAT PUMP WATER HEATER EVAPORATOR_UNIT1_BACKROW_MIDDLEFLOOR,Coil:WaterHeating:AirToWaterHeatPump:Wrapped,unknown,unknown,unknown,N/A,N/A,N/A,N/A,No,No,unknown,No,2688.323,2637.245,400.423678,-999.,-999.00,-999.0000,1.00000,1.00000,0.2400,0.2400,0.0749,HEAT PUMP WATER HEATER FAN_UNIT1_BACKROW_MIDDLEFLOOR,Fan:OnOff,160.010573,0.19966593,,-999.000,-999.000,-999.,-999.0,-999.0,-999.0,-999.0,-999.000,-999.,unknown,unknown,unknown,unknown,unknown,unknown,Sensible,3319.56,-999.0,1.0000,-999.,-999.,-999.0,-999.0,-999.,-999.,-999.0,-999.0,-999.,-999.,-999.,-999.0,-999.0,-999.0,0.000,3319.56,-999.0,-999.,-999.0,-999.,-999.000,-999.0,-999.,-999.0,-999.,-999.000,-999.0,0.00,-999.0,-999.0,-999.,-999.0,-999.0,-999.,-999.,-999.0,-999.0,-999.,-999.
,HEAT PUMP WATER HEATER EVAPORATOR_UNIT2_BACKROW_MIDDLEFLOOR,Coil:WaterHeating:AirToWaterHeatPump:Wrapped,unknown,unknown,unknown,N/A,N/A,N/A,N/A,No,No,unknown,No,2688.323,2637.245,400.423678,-999.,-999.00,-999.0000,1.00000,1.00000,0.2400,0.2400,0.0749,HEAT PUMP WATER HEATER FAN_UNIT2_BACKROW_MIDDLEFLOOR,Fan:OnOff,160.010573,0.19966593,,-999.000,-999.000,-999.,-999.0,-999.0,-999.0,-999.0,-999.000,-999.,unknown,unknown,unknown,unknown,unknown,unknown,Sensible,3319.56,-999.0,1.0000,-999.,-999.,-999.0,-999.0,-999.,-999.,-999.0,-999.0,-999.,-999.,-999.,-999.0,-999.0,-999.0,0.000,3319.56,-999.0,-999.,-999.0,-999.,-999.000,-999.0,-999.,-999.0,-999.,-999.000,-999.0,0.00,-999.0,-999.0,-999.,-999.0,-999.0,-999.,-999.,-999.0,-999.0,-999.,-999.
,HEAT PUMP WATER HEATER EVAPORATOR_UNIT3_BACKROW_MIDDLEFLOOR,Coil:WaterHeating:AirToWaterHeatPump:Wrapped,unknown,unknown,unknown,N/A,N/A,N/A,N/A,No,No,unknown,No,2688.323,2637.245,400.423678,-999.,-999.00,-999.0000,1.00000,1.00000,0.2400,0.2400,0.0749,HEAT PUMP WATER HEATER FAN_UNIT3_BACKROW_MIDDLEFLOOR,Fan:OnOff,160.010573,0.19966593,,-999.000,-999.000,-999.,-999.0,-999.0,-999.0,-999.0,-999.000,-999.,unknown,unknown,unknown,unknown,unknown,unknown,Sensible,3319.56,-999.0,1.0000,-999.,-999.,-999.0,-999.0,-999.,-999.,-999.0,-999.0,-999.,-999.,-999.,-999.0,-999.0,-999.0,0.000,3319.56,-999.0,-999.,-999.0,-999.,-999.000,-999.0,-999.,-999.0,-999.,-999.000,-999.0,0.00,-999.0,-999.0,-999.,-999.0,-999.0,-999.,-999.,-999.0,-999.0,-999.,-999.
,HEAT PUMP WATER HEATER EVAPORATOR_UNIT1_FRONTROW_TOPFLOOR,Coil:WaterHeating:AirToWaterHeatPump:Wrapped,unknown,unknown,unknown,N/A,N/A,N/A,N/A,No,No,unknown,No,2688.323,2637.245,400.423678,-999.,-999.00,-999.0000,1.00000,1.00000,0.2400,0.2400,0.0749,HEAT PUMP WATER HEATER FAN_UNIT1_FRONTROW_TOPFLOOR,Fan:OnOff,160.010573,0.19966593,,-999.000,-999.000,-999.,-999.0,-999.0,-999.0,-999.0,-999.000,-999.,unknown,unknown,unknown,unknown,unknown,unknown,Sensible,3319.56,-999.0,1.0000,-999.,-999.,-999.0,-999.0,-999.,-999.,-999.0,-999.0,-999.,-999.,-999.,-999.0,-999.0,-999.0,0.000,3319.56,-999.0,-999.,-999.0,-999.,-999.000,-999.0,-999.,-999.0,-999.,-999.000,-999.0,0.00,-999.0,-999.0,-999.,-999.0,-999.0,-999.,-999.,-999.0,-999.0,-999.,-999.
,HEAT PUMP WATER HEATER EVAPORATOR_UNIT2_FRONTROW_TOPFLOOR,Coil:WaterHeating:AirToWaterHeatPump:Wrapped,unknown,unknown,unknown,N/A,N/A,N/A,N/A,No,No,unknown,No,2688.323,2637.245,400.423678,-999.,-999.00,-999.0000,1.00000,1.00000,0.2400,0.2400,0.0749,HEAT PUMP WATER HEATER FAN_UNIT2_FRONTROW_TOPFLOOR,Fan:OnOff,160.010573,0.19966593,,-999.000,-999.000,-999.,-999.0,-999.0,-999.0,-999.0,-999.000,-999.,unknown,unknown,unknown,unknown,unknown,unknown,Sensible,3319.56,-999.0,1.0000,-999.,-999.,-999.0,-999.0,-999.,-999.,-999.0,-999.0,-999.,-999.,-999.,-999.0,-999.0,-999.0,0.000,3319.56,-999.0,-999.,-999.0,-999.,-999.000,-999.0,-999.,-999.0,-999.,-999.000,-999.0,0.00,-999.0,-999.0,-999.,-999.0,-999.0,-999.,-999.,-999.0,-999.0,-999.,-999.
,HEAT PUMP WATER HEATER EVAPORATOR_UNIT3_FRONTROW_TOPFLOOR,Coil:WaterHeating:AirToWaterHeatPump:Wrapped,unknown,unknown,unknown,N/A,N/A,N/A,N/A,No,No,unknown,No,2688.323,2637.245,400.423678,-999.,-999.00,-999.0000,1.00000,1.00000,0.2400,0.2400,0.0749,HEAT PUMP WATER HEATER FAN_UNIT3_FRONTROW_TOPFLOOR,Fan:OnOff,160.010573,0.19966593,,-999.000,-999.000,-999.,-999.0,-999.0,-999.0,-999.0,-999.000,-999.,unknown,unknown,unknown,unknown,unknown,unknown,Sensible,3319.56,-999.0,1.0000,-999.,-999.,-999.0,-999.0,-999.,-999.,-999.0,-999.0,-999.,-999.,-999.,-999.0,-999.0,-999.0,0.000,3319.56,-999.0,-999.,-999.0,-999.,-999.000,-999.0,-999.,-999.0,-999.,-999.000,-999.0,0.00,-999.0,-999.0,-999.,-999.0,-999.0,-999.,-999.,-999.0,-999.0,-999.,-999.
,HEAT PUMP WATER HEATER EVAPORATOR_UNIT1_BACKROW_TOPFLOOR,Coil:WaterHeating:AirToWaterHeatPump:Wrapped,unknown,unknown,unknown,N/A,N/A,N/A,N/A,No,No,unknown,No,2688.323,2637.245,400.423678,-999.,-999.00,-999.0000,1.00000,1.00000,0.2400,0.2400,0.0749,HEAT PUMP WATER HEATER FAN_UNIT1_BACKROW_TOPFLOOR,Fan:OnOff,160.010573,0.19966593,,-999.000,-999.000,-999.,-999.0,-999.0,-999.0,-999.0,-999.000,-999.,unknown,unknown,unknown,unknown,unknown,unknown,Sensible,3319.56,-999.0,1.0000,-999.,-999.,-999.0,-999.0,-999.,-999.,-999.0,-999.0,-999.,-999.,-999.,-999.0,-999.0,-999.0,0.000,3319.56,-999.0,-999.,-999.0,-999.,-999.000,-999.0,-999.,-999.0,-999.,-999.000,-999.0,0.00,-999.0,-999.0,-999.,-999.0,-999.0,-999.,-999.,-999.0,-999.0,-999.,-999.
,HEAT PUMP WATER HEATER EVAPORATOR_UNIT2_BACKROW_TOPFLOOR,Coil:WaterHeating:AirToWaterHeatPump:Wrapped,unknown,unknown,unknown,N/A,N/A,N/A,N/A,No,No,unknown,No,2688.323,2637.245,400.423678,-999.,-999.00,-999.0000,1.00000,1.00000,0.2400,0.2400,0.0749,HEAT PUMP WATER HEATER FAN_UNIT2_BACKROW_TOPFLOOR,Fan:OnOff,160.010573,0.19966593,,-999.000,-999.000,-999.,-999.0,-999.0,-999.0,-999.0,-999.000,-999.,unknown,unknown,unknown,unknown,unknown,unknown,Sensible,3319.56,-999.0,1.0000,-999.,-999.,-999.0,-999.0,-999.,-999.,-999.0,-999.0,-999.,-999.,-999.,-999.0,-999.0,-999.0,0.000,3319.56,-999.0,-999.,-999.0,-999.,-999.000,-999.0,-999.,-999.0,-999.,-999.000,-999.0,0.00,-999.0,-999.0,-999.,-999.0,-999.0,-999.,-999.,-999.0,-999.0,-999.,-999.
,HEAT PUMP WATER HEATER EVAPORATOR_UNIT3_BACKROW_TOPFLOOR,Coil:WaterHeating:AirToWaterHeatPump:Wrapped,unknown,unknown,unknown,N/A,N/A,N/A,N/A,No,No,unknown,No,2688.323,2637.245,400.423678,-999.,-999.00,-999.0000,1.00000,1.00000,0.2400,0.2400,0.0749,HEAT PUMP WATER HEATER FAN_UNIT3_BACKROW_TOPFLOOR,Fan:OnOff,160.010573,0.19966593,,-999.000,-999.000,-999.,-999.0,-999.0,-999.0,-999.0,-999.000,-999.,unknown,unknown,unknown,unknown,unknown,unknown,Sensible,3319.56,-999.0,1.0000,-999.,-999.,-999.0,-999.0,-999.,-999.,-999.0,-999.0,-999.,-999.,-999.,-999.0,-999.0,-999.0,0.000,3319.56,-999.0,-999.,-999.0,-999.,-999.000,-999.0,-999.,-999.0,-999.,-999.000,-999.0,0.00,-999.0,-999.0,-999.,-999.0,-999.0,-999.,-999.,-999.0,-999.0,-999.,-999.


----------------------------------------------------------------------------------------------------
REPORT:,System Summary
FOR:,Entire Facility
Economizer

,,High Limit Shutoff Control,Minimum Outdoor Air [ft3/min],Maximum Outdoor Air [ft3/min],Return Air Temp Limit,Return Air Enthalpy Limit,Outdoor Air Temperature Limit [F],Outdoor Air Enthalpy Limit [F]
,None,,,,,,,


Demand Controlled Ventilation using Controller:MechanicalVentilation

,,Controller:MechanicalVentilation Name,Outdoor Air Per Person [ft3/min-person],Outdoor Air Per Area [ft3/min-ft2],Outdoor Air Per Zone [ft3/min],Outdoor Air ACH [ACH],Outdoor Air Method,Outdoor Air Schedule Name,Air Distribution Effectiveness in Cooling Mode,Air Distribution Effectiveness in Heating Mode,Air Distribution Effectiveness Schedule Name
,None,,,,,,,,,,


Time Not Comfortable Based on Simple ASHRAE 55-2004

,,Winter Clothes [hr],Summer Clothes [hr],Summer or Winter Clothes [hr]
,LIVING_UNIT1_FRONTROW_BOTTOMFLOOR,1703.25,2075.75,1642.25
,LIVING_UNIT2_FRONTROW_BOTTOMFLOOR,1158.75,2091.50,1113.50
,LIVING_UNIT3_FRONTROW_BOTTOMFLOOR,950.75,2088.50,903.50
,LIVING_UNIT1_BACKROW_BOTTOMFLOOR,1503.00,2135.50,1491.00
,LIVING_UNIT2_BACKROW_BOTTOMFLOOR,1220.00,2160.00,1220.00
,LIVING_UNIT3_BACKROW_BOTTOMFLOOR,1974.00,2160.00,1974.00
,LIVING_UNIT1_FRONTROW_MIDDLEFLOOR,1285.00,1993.00,1165.25
,LIVING_UNIT2_FRONTROW_MIDDLEFLOOR,758.00,2009.25,635.75
,LIVING_UNIT3_FRONTROW_MIDDLEFLOOR,601.00,2027.25,513.75
,LIVING_UNIT1_BACKROW_MIDDLEFLOOR,1711.25,2113.75,1674.50
,LIVING_UNIT2_BACKROW_MIDDLEFLOOR,1019.50,2160.00,1019.50
,LIVING_UNIT3_BACKROW_MIDDLEFLOOR,691.50,2158.00,691.50
,LIVING_UNIT3_BACKROW_TOPFLOOR,1934.00,2160.00,1934.00
,LIVING_UNIT3_FRONTROW_TOPFLOOR,1600.00,2112.00,1574.25
,LIVING_UNIT1_FRONTROW_TOPFLOOR,958.50,2071.25,899.00
,LIVING_UNIT2_BACKROW_TOPFLOOR,925.25,2160.00,925.25
,LIVING_UNIT2_FRONTROW_TOPFLOOR,1734.25,2095.00,1697.50
,LIVING_UNIT1_BACKROW_TOPFLOOR,1518.00,2144.00,1514.25
,CRAWLSPACE,0.00,0.00,0.00
,BREEZEWAY,0.00,0.00,0.00
,ATTIC,0.00,0.00,0.00
,Facility,2160.00,2160.00,2141.00
Aggregated over the RunPeriods for Weather


Time Setpoint Not Met

,,During Heating [hr],During Cooling [hr],During Occupied Heating [hr],During Occupied Cooling [hr]
,LIVING_UNIT1_FRONTROW_BOTTOMFLOOR,3.25,0.00,3.25,0.00
,LIVING_UNIT2_FRONTROW_BOTTOMFLOOR,4.75,0.00,4.75,0.00
,LIVING_UNIT3_FRONTROW_BOTTOMFLOOR,5.50,0.00,5.50,0.00
,LIVING_UNIT1_BACKROW_BOTTOMFLOOR,6.00,0.00,6.00,0.00
,LIVING_UNIT2_BACKROW_BOTTOMFLOOR,7.50,0.00,7.50,0.00
,LIVING_UNIT3_BACKROW_BOTTOMFLOOR,5.25,0.00,5.25,0.00
,LIVING_UNIT1_FRONTROW_MIDDLEFLOOR,4.25,7.00,4.25,7.00
,LIVING_UNIT2_FRONTROW_MIDDLEFLOOR,3.75,0.00,3.75,0.00
,LIVING_UNIT3_FRONTROW_MIDDLEFLOOR,6.75,0.00,6.75,0.00
,LIVING_UNIT1_BACKROW_MIDDLEFLOOR,3.75,0.00,3.75,0.00
,LIVING_UNIT2_BACKROW_MIDDLEFLOOR,3.00,0.00,3.00,0.00
,LIVING_UNIT3_BACKROW_MIDDLEFLOOR,7.75,0.00,7.75,0.00
,LIVING_UNIT3_BACKROW_TOPFLOOR,4.75,0.00,4.75,0.00
,LIVING_UNIT3_FRONTROW_TOPFLOOR,3.25,0.00,3.25,0.00
,LIVING_UNIT1_FRONTROW_TOPFLOOR,6.00,0.00,6.00,0.00
,LIVING_UNIT2_BACKROW_TOPFLOOR,9.00,0.00,9.00,0.00
,LIVING_UNIT2_FRONTROW_TOPFLOOR,3.25,0.00,3.25,0.00
,LIVING_UNIT1_BACKROW_TOPFLOOR,5.25,0.00,5.25,0.00
,CRAWLSPACE,0.00,0.00,0.00,0.00
,BREEZEWAY,0.00,0.00,0.00,0.00
,ATTIC,0.00,0.00,0.00,0.00
,Facility,92.00,7.00,92.00,7.00
Aggregated over the RunPeriods for Weather


----------------------------------------------------------------------------------------------------
REPORT:,Outdoor Air Summary
FOR:,Entire Facility
Average Outdoor Air During Occupied Hours

,,Average Number of Occupants,Nominal Number of Occupants,Zone Volume [ft3],Mechanical Ventilation [ACH],Infiltration [ACH],AFN Infiltration [ACH],Simple Ventilation [ACH]
,LIVING_UNIT1_FRONTROW_BOTTOMFLOOR,1.38,2.00,10207.81,0.000,0.169,0.000,0.000
,LIVING_UNIT2_FRONTROW_BOTTOMFLOOR,1.38,2.00,10207.81,0.000,0.151,0.000,0.000
,LIVING_UNIT3_FRONTROW_BOTTOMFLOOR,1.38,2.00,10207.81,0.000,0.174,0.000,0.000
,LIVING_UNIT1_BACKROW_BOTTOMFLOOR,1.38,2.00,10207.81,0.000,0.171,0.000,0.000
,LIVING_UNIT2_BACKROW_BOTTOMFLOOR,1.38,2.00,10207.81,0.000,0.152,0.000,0.000
,LIVING_UNIT3_BACKROW_BOTTOMFLOOR,1.38,2.00,10207.81,0.000,0.169,0.000,0.000
,LIVING_UNIT1_FRONTROW_MIDDLEFLOOR,1.38,2.00,10207.71,0.000,0.075,0.000,0.000
,LIVING_UNIT2_FRONTROW_MIDDLEFLOOR,1.38,2.00,10207.71,0.000,0.056,0.000,0.000
,LIVING_UNIT3_FRONTROW_MIDDLEFLOOR,1.38,2.00,10207.71,0.000,0.077,0.000,0.000
,LIVING_UNIT1_BACKROW_MIDDLEFLOOR,1.38,2.00,10207.71,0.000,0.074,0.000,0.000
,LIVING_UNIT2_BACKROW_MIDDLEFLOOR,1.38,2.00,10207.71,0.000,0.055,0.000,0.000
,LIVING_UNIT3_BACKROW_MIDDLEFLOOR,1.38,2.00,10207.71,0.000,0.076,0.000,0.000
,LIVING_UNIT3_BACKROW_TOPFLOOR,1.38,2.00,10207.71,0.000,0.169,0.000,0.000
,LIVING_UNIT3_FRONTROW_TOPFLOOR,1.38,2.00,10207.71,0.000,0.170,0.000,0.000
,LIVING_UNIT1_FRONTROW_TOPFLOOR,1.38,2.00,10207.71,0.000,0.174,0.000,0.000
,LIVING_UNIT2_BACKROW_TOPFLOOR,1.38,2.00,10207.71,0.000,0.153,0.000,0.000
,LIVING_UNIT2_FRONTROW_TOPFLOOR,1.38,2.00,10207.71,0.000,0.149,0.000,0.000
,LIVING_UNIT1_BACKROW_TOPFLOOR,1.38,2.00,10207.71,0.000,0.171,0.000,0.000
Values shown for a single zone without multipliers


Minimum Outdoor Air During Occupied Hours

,,Average Number of Occupants,Nominal Number of Occupants,Zone Volume [ft3],Mechanical Ventilation [ACH],Infiltration [ACH],AFN Infiltration [ACH],Simple Ventilation [ACH]
,LIVING_UNIT1_FRONTROW_BOTTOMFLOOR,1.38,2.00,10207.81,0.000,0.002,0.000,0.000
,LIVING_UNIT2_FRONTROW_BOTTOMFLOOR,1.38,2.00,10207.81,0.000,0.002,0.000,0.000
,LIVING_UNIT3_FRONTROW_BOTTOMFLOOR,1.38,2.00,10207.81,0.000,0.003,0.000,0.000
,LIVING_UNIT1_BACKROW_BOTTOMFLOOR,1.38,2.00,10207.81,0.000,0.002,0.000,0.000
,LIVING_UNIT2_BACKROW_BOTTOMFLOOR,1.38,2.00,10207.81,0.000,0.002,0.000,0.000
,LIVING_UNIT3_BACKROW_BOTTOMFLOOR,1.38,2.00,10207.81,0.000,0.002,0.000,0.000
,LIVING_UNIT1_FRONTROW_MIDDLEFLOOR,1.38,2.00,10207.71,0.000,0.001,0.000,0.000
,LIVING_UNIT2_FRONTROW_MIDDLEFLOOR,1.38,2.00,10207.71,0.000,0.001,0.000,0.000
,LIVING_UNIT3_FRONTROW_MIDDLEFLOOR,1.38,2.00,10207.71,0.000,0.001,0.000,0.000
,LIVING_UNIT1_BACKROW_MIDDLEFLOOR,1.38,2.00,10207.71,0.000,0.001,0.000,0.000
,LIVING_UNIT2_BACKROW_MIDDLEFLOOR,1.38,2.00,10207.71,0.000,0.001,0.000,0.000
,LIVING_UNIT3_BACKROW_MIDDLEFLOOR,1.38,2.00,10207.71,0.000,0.001,0.000,0.000
,LIVING_UNIT3_BACKROW_TOPFLOOR,1.38,2.00,10207.71,0.000,0.002,0.000,0.000
,LIVING_UNIT3_FRONTROW_TOPFLOOR,1.38,2.00,10207.71,0.000,0.003,0.000,0.000
,LIVING_UNIT1_FRONTROW_TOPFLOOR,1.38,2.00,10207.71,0.000,0.002,0.000,0.000
,LIVING_UNIT2_BACKROW_TOPFLOOR,1.38,2.00,10207.71,0.000,0.002,0.000,0.000
,LIVING_UNIT2_FRONTROW_TOPFLOOR,1.38,2.00,10207.71,0.000,0.002,0.000,0.000
,LIVING_UNIT1_BACKROW_TOPFLOOR,1.38,2.00,10207.71,0.000,0.002,0.000,0.000
Values shown for a single zone without multipliers


----------------------------------------------------------------------------------------------------
REPORT:,Outdoor Air Details
FOR:,Entire Facility
Mechanical Ventilation Parameters by Zone

,,AirLoop Name,Average Number of Occupants,Nominal Number of Occupants,Zone Volume [ft3],Zone Area [ft2],Design Zone Outdoor Airflow - Voz [ft3/min],Minimum Dynamic Target Ventilation - Voz-dyn-min [ft3/min]
,LIVING_UNIT1_FRONTROW_BOTTOMFLOOR,CENTRAL SYSTEM_UNIT1_FRONTROW_BOTTOMFLOOR,1.38,2.00,10207.81,1200.55,0.0000,0.000
,LIVING_UNIT2_FRONTROW_BOTTOMFLOOR,CENTRAL SYSTEM_UNIT2_FRONTROW_BOTTOMFLOOR,1.38,2.00,10207.81,1200.55,0.0000,0.000
,LIVING_UNIT3_FRONTROW_BOTTOMFLOOR,CENTRAL SYSTEM_UNIT3_FRONTROW_BOTTOMFLOOR,1.38,2.00,10207.81,1200.55,0.0000,0.000
,LIVING_UNIT1_BACKROW_BOTTOMFLOOR,CENTRAL SYSTEM_UNIT1_BACKROW_BOTTOMFLOOR,1.38,2.00,10207.81,1200.55,0.0000,0.000
,LIVING_UNIT2_BACKROW_BOTTOMFLOOR,CENTRAL SYSTEM_UNIT2_BACKROW_BOTTOMFLOOR,1.38,2.00,10207.81,1200.55,0.0000,0.000
,LIVING_UNIT3_BACKROW_BOTTOMFLOOR,CENTRAL SYSTEM_UNIT3_BACKROW_BOTTOMFLOOR,1.38,2.00,10207.81,1200.55,0.0000,0.000
,LIVING_UNIT1_FRONTROW_MIDDLEFLOOR,CENTRAL SYSTEM_UNIT1_FRONTROW_MIDDLEFLOOR,1.38,2.00,10207.71,1200.55,0.0000,0.000
,LIVING_UNIT2_FRONTROW_MIDDLEFLOOR,CENTRAL SYSTEM_UNIT2_FRONTROW_MIDDLEFLOOR,1.38,2.00,10207.71,1200.55,0.0000,0.000
,LIVING_UNIT3_FRONTROW_MIDDLEFLOOR,CENTRAL SYSTEM_UNIT3_FRONTROW_MIDDLEFLOOR,1.38,2.00,10207.71,1200.55,0.0000,0.000
,LIVING_UNIT1_BACKROW_MIDDLEFLOOR,CENTRAL SYSTEM_UNIT1_BACKROW_MIDDLEFLOOR,1.38,2.00,10207.71,1200.55,0.0000,0.000
,LIVING_UNIT2_BACKROW_MIDDLEFLOOR,CENTRAL SYSTEM_UNIT2_BACKROW_MIDDLEFLOOR,1.38,2.00,10207.71,1200.55,0.0000,0.000
,LIVING_UNIT3_BACKROW_MIDDLEFLOOR,CENTRAL SYSTEM_UNIT3_BACKROW_MIDDLEFLOOR,1.38,2.00,10207.71,1200.55,0.0000,0.000
,LIVING_UNIT3_BACKROW_TOPFLOOR,CENTRAL SYSTEM_UNIT3_BACKROW_TOPFLOOR,1.38,2.00,10207.71,1200.55,0.0000,0.000
,LIVING_UNIT3_FRONTROW_TOPFLOOR,CENTRAL SYSTEM_UNIT3_FRONTROW_TOPFLOOR,1.38,2.00,10207.71,1200.55,0.0000,0.000
,LIVING_UNIT1_FRONTROW_TOPFLOOR,CENTRAL SYSTEM_UNIT1_FRONTROW_TOPFLOOR,1.38,2.00,10207.71,1200.55,0.0000,0.000
,LIVING_UNIT2_BACKROW_TOPFLOOR,CENTRAL SYSTEM_UNIT2_BACKROW_TOPFLOOR,1.38,2.00,10207.71,1200.55,0.0000,0.000
,LIVING_UNIT2_FRONTROW_TOPFLOOR,CENTRAL SYSTEM_UNIT2_FRONTROW_TOPFLOOR,1.38,2.00,10207.71,1200.55,0.0000,0.000
,LIVING_UNIT1_BACKROW_TOPFLOOR,CENTRAL SYSTEM_UNIT1_BACKROW_TOPFLOOR,1.38,2.00,10207.71,1200.55,0.0000,0.000
,Total Facility,,24.79,36.00,183739.38,21609.96,0.0000,0.000


Total Outdoor Air by Zone

,,Mechanical Ventilation [ft3],Natural Ventilation [ft3],Total Ventilation [ft3],Infiltration [ft3],Total Ventilation and Infiltration [ft3],Dynamic Target Ventilation - Voz-dyn [ft3],Time Below Voz-dyn [hr],Time At Voz-dyn [hr],Time Above Voz-dyn [hr],Time Above Zero When Unoccupied [hr]
,LIVING_UNIT1_FRONTROW_BOTTOMFLOOR,0.00,0.00,0.00,3762780.11,3762780.11,5897663.31,2184.00,0.00,0.00,0.00
,LIVING_UNIT2_FRONTROW_BOTTOMFLOOR,0.00,0.00,0.00,3349864.98,3349864.98,5897663.31,2184.00,0.00,0.00,0.00
,LIVING_UNIT3_FRONTROW_BOTTOMFLOOR,0.00,0.00,0.00,3835567.59,3835567.59,5897663.31,2184.00,0.00,0.00,0.00
,LIVING_UNIT1_BACKROW_BOTTOMFLOOR,0.00,0.00,0.00,3794145.70,3794145.70,5897663.31,2184.00,0.00,0.00,0.00
,LIVING_UNIT2_BACKROW_BOTTOMFLOOR,0.00,0.00,0.00,3362393.97,3362393.97,5897663.31,2184.00,0.00,0.00,0.00
,LIVING_UNIT3_BACKROW_BOTTOMFLOOR,0.00,0.00,0.00,3747282.76,3747282.76,5897663.31,2184.00,0.00,0.00,0.00
,LIVING_UNIT1_FRONTROW_MIDDLEFLOOR,0.00,0.00,0.00,1662934.33,1662934.33,5897663.31,2184.00,0.00,0.00,0.00
,LIVING_UNIT2_FRONTROW_MIDDLEFLOOR,0.00,0.00,0.00,1220871.05,1220871.05,5897663.31,2184.00,0.00,0.00,0.00
,LIVING_UNIT3_FRONTROW_MIDDLEFLOOR,0.00,0.00,0.00,1688000.64,1688000.64,5897663.31,2184.00,0.00,0.00,0.00
,LIVING_UNIT1_BACKROW_MIDDLEFLOOR,0.00,0.00,0.00,1637486.59,1637486.59,5897663.31,2184.00,0.00,0.00,0.00
,LIVING_UNIT2_BACKROW_MIDDLEFLOOR,0.00,0.00,0.00,1205033.36,1205033.36,5897663.31,2184.00,0.00,0.00,0.00
,LIVING_UNIT3_BACKROW_MIDDLEFLOOR,0.00,0.00,0.00,1680614.08,1680614.08,5897663.31,2184.00,0.00,0.00,0.00
,LIVING_UNIT3_BACKROW_TOPFLOOR,0.00,0.00,0.00,3748717.83,3748717.83,5897663.31,2184.00,0.00,0.00,0.00
,LIVING_UNIT3_FRONTROW_TOPFLOOR,0.00,0.00,0.00,3765801.92,3765801.92,5897663.31,2184.00,0.00,0.00,0.00
,LIVING_UNIT1_FRONTROW_TOPFLOOR,0.00,0.00,0.00,3841798.36,3841798.36,5897663.31,2184.00,0.00,0.00,0.00
,LIVING_UNIT2_BACKROW_TOPFLOOR,0.00,0.00,0.00,3375513.13,3375513.13,5897663.31,2184.00,0.00,0.00,0.00
,LIVING_UNIT2_FRONTROW_TOPFLOOR,0.00,0.00,0.00,3315173.48,3315173.48,5897663.31,2184.00,0.00,0.00,0.00
,LIVING_UNIT1_BACKROW_TOPFLOOR,0.00,0.00,0.00,3792309.09,3792309.09,5897663.31,2184.00,0.00,0.00,0.00
,Total Facility,0.00,0.00,0.00,52786288.97,52786288.97,0.106158E+09,2184.00,0.00,0.00,0.00


Average Outdoor Air During Occupancy by Zone - Flow Rates

,,Mechanical Ventilation [ft3/min],Natural Ventilation [ft3/min],Total Ventilation [ft3/min],Infiltration [ft3/min],Total Ventilation and Infiltration [ft3/min],Dynamic Target Ventilation - Voz-dyn [ft3/min],Time Below Voz-dyn [hr],Time At Voz-dyn [hr],Time Above Voz-dyn [hr]
,LIVING_UNIT1_FRONTROW_BOTTOMFLOOR,0.0000,0.0000,0.0000,28.7073,28.7073,44.9950,2184.00,0.00,0.00
,LIVING_UNIT2_FRONTROW_BOTTOMFLOOR,0.0000,0.0000,0.0000,25.5571,25.5571,44.9950,2184.00,0.00,0.00
,LIVING_UNIT3_FRONTROW_BOTTOMFLOOR,0.0000,0.0000,0.0000,29.2627,29.2627,44.9950,2184.00,0.00,0.00
,LIVING_UNIT1_BACKROW_BOTTOMFLOOR,0.0000,0.0000,0.0000,28.9466,28.9466,44.9950,2184.00,0.00,0.00
,LIVING_UNIT2_BACKROW_BOTTOMFLOOR,0.0000,0.0000,0.0000,25.6527,25.6527,44.9950,2184.00,0.00,0.00
,LIVING_UNIT3_BACKROW_BOTTOMFLOOR,0.0000,0.0000,0.0000,28.5891,28.5891,44.9950,2184.00,0.00,0.00
,LIVING_UNIT1_FRONTROW_MIDDLEFLOOR,0.0000,0.0000,0.0000,12.6870,12.6870,44.9950,2184.00,0.00,0.00
,LIVING_UNIT2_FRONTROW_MIDDLEFLOOR,0.0000,0.0000,0.0000,9.3144,9.3144,44.9950,2184.00,0.00,0.00
,LIVING_UNIT3_FRONTROW_MIDDLEFLOOR,0.0000,0.0000,0.0000,12.8782,12.8782,44.9950,2184.00,0.00,0.00
,LIVING_UNIT1_BACKROW_MIDDLEFLOOR,0.0000,0.0000,0.0000,12.4929,12.4929,44.9950,2184.00,0.00,0.00
,LIVING_UNIT2_BACKROW_MIDDLEFLOOR,0.0000,0.0000,0.0000,9.1935,9.1935,44.9950,2184.00,0.00,0.00
,LIVING_UNIT3_BACKROW_MIDDLEFLOOR,0.0000,0.0000,0.0000,12.8219,12.8219,44.9950,2184.00,0.00,0.00
,LIVING_UNIT3_BACKROW_TOPFLOOR,0.0000,0.0000,0.0000,28.6001,28.6001,44.9950,2184.00,0.00,0.00
,LIVING_UNIT3_FRONTROW_TOPFLOOR,0.0000,0.0000,0.0000,28.7304,28.7304,44.9950,2184.00,0.00,0.00
,LIVING_UNIT1_FRONTROW_TOPFLOOR,0.0000,0.0000,0.0000,29.3102,29.3102,44.9950,2184.00,0.00,0.00
,LIVING_UNIT2_BACKROW_TOPFLOOR,0.0000,0.0000,0.0000,25.7528,25.7528,44.9950,2184.00,0.00,0.00
,LIVING_UNIT2_FRONTROW_TOPFLOOR,0.0000,0.0000,0.0000,25.2924,25.2924,44.9950,2184.00,0.00,0.00
,LIVING_UNIT1_BACKROW_TOPFLOOR,0.0000,0.0000,0.0000,28.9326,28.9326,44.9950,2184.00,0.00,0.00
,Total Facility,0.0000,0.0000,0.0000,402.7219,402.7219,809.9097,2184.00,0.00,0.00


Total Outdoor Air by AirLoop

,,Mechanical Ventilation [ft3],Natural Ventilation [ft3/min],Total Ventilation [ft3/min],Sum Zone Dynamic Target Ventilation - Voz-sum-dyn [ft3],Time Below Voz-sum-dyn [hr],Time At Voz-sum-dyn [hr],Time Above Voz-sum-dyn [hr],Time Above Zero When Unoccupied [hr]
,CENTRAL SYSTEM_UNIT1_FRONTROW_BOTTOMFLOOR,0.00,0.00,0.00,5897663.31,2184.00,0.00,0.00,0.00
,CENTRAL SYSTEM_UNIT2_FRONTROW_BOTTOMFLOOR,0.00,0.00,0.00,5897663.31,2184.00,0.00,0.00,0.00
,CENTRAL SYSTEM_UNIT3_FRONTROW_BOTTOMFLOOR,0.00,0.00,0.00,5897663.31,2184.00,0.00,0.00,0.00
,CENTRAL SYSTEM_UNIT1_BACKROW_BOTTOMFLOOR,0.00,0.00,0.00,5897663.31,2184.00,0.00,0.00,0.00
,CENTRAL SYSTEM_UNIT2_BACKROW_BOTTOMFLOOR,0.00,0.00,0.00,5897663.31,2184.00,0.00,0.00,0.00
,CENTRAL SYSTEM_UNIT3_BACKROW_BOTTOMFLOOR,0.00,0.00,0.00,5897663.31,2184.00,0.00,0.00,0.00
,CENTRAL SYSTEM_UNIT1_FRONTROW_MIDDLEFLOOR,0.00,0.00,0.00,5897663.31,2184.00,0.00,0.00,0.00
,CENTRAL SYSTEM_UNIT2_FRONTROW_MIDDLEFLOOR,0.00,0.00,0.00,5897663.31,2184.00,0.00,0.00,0.00
,CENTRAL SYSTEM_UNIT3_FRONTROW_MIDDLEFLOOR,0.00,0.00,0.00,5897663.31,2184.00,0.00,0.00,0.00
,CENTRAL SYSTEM_UNIT1_BACKROW_MIDDLEFLOOR,0.00,0.00,0.00,5897663.31,2184.00,0.00,0.00,0.00
,CENTRAL SYSTEM_UNIT2_BACKROW_MIDDLEFLOOR,0.00,0.00,0.00,5897663.31,2184.00,0.00,0.00,0.00
,CENTRAL SYSTEM_UNIT3_BACKROW_MIDDLEFLOOR,0.00,0.00,0.00,5897663.31,2184.00,0.00,0.00,0.00
,CENTRAL SYSTEM_UNIT1_FRONTROW_TOPFLOOR,0.00,0.00,0.00,5897663.31,2184.00,0.00,0.00,0.00
,CENTRAL SYSTEM_UNIT2_FRONTROW_TOPFLOOR,0.00,0.00,0.00,5897663.31,2184.00,0.00,0.00,0.00
,CENTRAL SYSTEM_UNIT3_FRONTROW_TOPFLOOR,0.00,0.00,0.00,5897663.31,2184.00,0.00,0.00,0.00
,CENTRAL SYSTEM_UNIT1_BACKROW_TOPFLOOR,0.00,0.00,0.00,5897663.31,2184.00,0.00,0.00,0.00
,CENTRAL SYSTEM_UNIT2_BACKROW_TOPFLOOR,0.00,0.00,0.00,5897663.31,2184.00,0.00,0.00,0.00
,CENTRAL SYSTEM_UNIT3_BACKROW_TOPFLOOR,0.00,0.00,0.00,5897663.31,2184.00,0.00,0.00,0.00


Average Outdoor Air During Occupancy by AirLoop

,,Mechanical Ventilation [ft3/min],Natural Ventilation [ft3/min],Total Ventilation [ft3/min],Sum Zone Dynamic Target Ventilation - Voz-sum-dyn [ft3/min],Time Below Voz-sum-dyn [hr],Time At Voz-sum-dyn [hr],Time Above Voz-sum-dyn [hr]
,CENTRAL SYSTEM_UNIT1_FRONTROW_BOTTOMFLOOR,0.0000,0.0000,0.0000,44.9950,2184.00,0.00,0.00
,CENTRAL SYSTEM_UNIT2_FRONTROW_BOTTOMFLOOR,0.0000,0.0000,0.0000,44.9950,2184.00,0.00,0.00
,CENTRAL SYSTEM_UNIT3_FRONTROW_BOTTOMFLOOR,0.0000,0.0000,0.0000,44.9950,2184.00,0.00,0.00
,CENTRAL SYSTEM_UNIT1_BACKROW_BOTTOMFLOOR,0.0000,0.0000,0.0000,44.9950,2184.00,0.00,0.00
,CENTRAL SYSTEM_UNIT2_BACKROW_BOTTOMFLOOR,0.0000,0.0000,0.0000,44.9950,2184.00,0.00,0.00
,CENTRAL SYSTEM_UNIT3_BACKROW_BOTTOMFLOOR,0.0000,0.0000,0.0000,44.9950,2184.00,0.00,0.00
,CENTRAL SYSTEM_UNIT1_FRONTROW_MIDDLEFLOOR,0.0000,0.0000,0.0000,44.9950,2184.00,0.00,0.00
,CENTRAL SYSTEM_UNIT2_FRONTROW_MIDDLEFLOOR,0.0000,0.0000,0.0000,44.9950,2184.00,0.00,0.00
,CENTRAL SYSTEM_UNIT3_FRONTROW_MIDDLEFLOOR,0.0000,0.0000,0.0000,44.9950,2184.00,0.00,0.00
,CENTRAL SYSTEM_UNIT1_BACKROW_MIDDLEFLOOR,0.0000,0.0000,0.0000,44.9950,2184.00,0.00,0.00
,CENTRAL SYSTEM_UNIT2_BACKROW_MIDDLEFLOOR,0.0000,0.0000,0.0000,44.9950,2184.00,0.00,0.00
,CENTRAL SYSTEM_UNIT3_BACKROW_MIDDLEFLOOR,0.0000,0.0000,0.0000,44.9950,2184.00,0.00,0.00
,CENTRAL SYSTEM_UNIT1_FRONTROW_TOPFLOOR,0.0000,0.0000,0.0000,44.9950,2184.00,0.00,0.00
,CENTRAL SYSTEM_UNIT2_FRONTROW_TOPFLOOR,0.0000,0.0000,0.0000,44.9950,2184.00,0.00,0.00
,CENTRAL SYSTEM_UNIT3_FRONTROW_TOPFLOOR,0.0000,0.0000,0.0000,44.9950,2184.00,0.00,0.00
,CENTRAL SYSTEM_UNIT1_BACKROW_TOPFLOOR,0.0000,0.0000,0.0000,44.9950,2184.00,0.00,0.00
,CENTRAL SYSTEM_UNIT2_BACKROW_TOPFLOOR,0.0000,0.0000,0.0000,44.9950,2184.00,0.00,0.00
,CENTRAL SYSTEM_UNIT3_BACKROW_TOPFLOOR,0.0000,0.0000,0.0000,44.9950,2184.00,0.00,0.00


Outdoor Air Controller Limiting Factors by AirLoop

,,No Limiting Factor [hr],Limits and Scheduled Limits [hr],Economizer [hr],Exhaust Flow [hr],Mixed Air Flow [hr],High Humidity [hr],Demand Controlled Ventilation [hr],Night Ventilation [hr],Demand Limiting [hr],Energy Management System [hr]
,CENTRAL SYSTEM_UNIT1_FRONTROW_BOTTOMFLOOR,0.00,0.00,0.00,0.00,0.00,0.00,0.00,0.00,0.00,0.00
,CENTRAL SYSTEM_UNIT2_FRONTROW_BOTTOMFLOOR,0.00,0.00,0.00,0.00,0.00,0.00,0.00,0.00,0.00,0.00
,CENTRAL SYSTEM_UNIT3_FRONTROW_BOTTOMFLOOR,0.00,0.00,0.00,0.00,0.00,0.00,0.00,0.00,0.00,0.00
,CENTRAL SYSTEM_UNIT1_BACKROW_BOTTOMFLOOR,0.00,0.00,0.00,0.00,0.00,0.00,0.00,0.00,0.00,0.00
,CENTRAL SYSTEM_UNIT2_BACKROW_BOTTOMFLOOR,0.00,0.00,0.00,0.00,0.00,0.00,0.00,0.00,0.00,0.00
,CENTRAL SYSTEM_UNIT3_BACKROW_BOTTOMFLOOR,0.00,0.00,0.00,0.00,0.00,0.00,0.00,0.00,0.00,0.00
,CENTRAL SYSTEM_UNIT1_FRONTROW_MIDDLEFLOOR,0.00,0.00,0.00,0.00,0.00,0.00,0.00,0.00,0.00,0.00
,CENTRAL SYSTEM_UNIT2_FRONTROW_MIDDLEFLOOR,0.00,0.00,0.00,0.00,0.00,0.00,0.00,0.00,0.00,0.00
,CENTRAL SYSTEM_UNIT3_FRONTROW_MIDDLEFLOOR,0.00,0.00,0.00,0.00,0.00,0.00,0.00,0.00,0.00,0.00
,CENTRAL SYSTEM_UNIT1_BACKROW_MIDDLEFLOOR,0.00,0.00,0.00,0.00,0.00,0.00,0.00,0.00,0.00,0.00
,CENTRAL SYSTEM_UNIT2_BACKROW_MIDDLEFLOOR,0.00,0.00,0.00,0.00,0.00,0.00,0.00,0.00,0.00,0.00
,CENTRAL SYSTEM_UNIT3_BACKROW_MIDDLEFLOOR,0.00,0.00,0.00,0.00,0.00,0.00,0.00,0.00,0.00,0.00
,CENTRAL SYSTEM_UNIT1_FRONTROW_TOPFLOOR,0.00,0.00,0.00,0.00,0.00,0.00,0.00,0.00,0.00,0.00
,CENTRAL SYSTEM_UNIT2_FRONTROW_TOPFLOOR,0.00,0.00,0.00,0.00,0.00,0.00,0.00,0.00,0.00,0.00
,CENTRAL SYSTEM_UNIT3_FRONTROW_TOPFLOOR,0.00,0.00,0.00,0.00,0.00,0.00,0.00,0.00,0.00,0.00
,CENTRAL SYSTEM_UNIT1_BACKROW_TOPFLOOR,0.00,0.00,0.00,0.00,0.00,0.00,0.00,0.00,0.00,0.00
,CENTRAL SYSTEM_UNIT2_BACKROW_TOPFLOOR,0.00,0.00,0.00,0.00,0.00,0.00,0.00,0.00,0.00,0.00
,CENTRAL SYSTEM_UNIT3_BACKROW_TOPFLOOR,0.00,0.00,0.00,0.00,0.00,0.00,0.00,0.00,0.00,0.00


Average Outdoor Air for Limiting Factors During Occupancy

,,No Limiting Factor [ft3/min],Limits and Scheduled Limits [ft3/min],Economizer [ft3/min],Exhaust Flow [ft3/min],Mixed Air Flow [ft3/min],High Humidity [ft3/min],Demand Controlled Ventilation [ft3/min],Night Ventilation [ft3/min],Demand Limiting [ft3/min],Energy Management System [ft3/min]
,CENTRAL SYSTEM_UNIT1_FRONTROW_BOTTOMFLOOR,0.0000,0.0000,0.0000,0.0000,0.0000,0.0000,0.0000,0.0000,0.0000,0.0000
,CENTRAL SYSTEM_UNIT2_FRONTROW_BOTTOMFLOOR,0.0000,0.0000,0.0000,0.0000,0.0000,0.0000,0.0000,0.0000,0.0000,0.0000
,CENTRAL SYSTEM_UNIT3_FRONTROW_BOTTOMFLOOR,0.0000,0.0000,0.0000,0.0000,0.0000,0.0000,0.0000,0.0000,0.0000,0.0000
,CENTRAL SYSTEM_UNIT1_BACKROW_BOTTOMFLOOR,0.0000,0.0000,0.0000,0.0000,0.0000,0.0000,0.0000,0.0000,0.0000,0.0000
,CENTRAL SYSTEM_UNIT2_BACKROW_BOTTOMFLOOR,0.0000,0.0000,0.0000,0.0000,0.0000,0.0000,0.0000,0.0000,0.0000,0.0000
,CENTRAL SYSTEM_UNIT3_BACKROW_BOTTOMFLOOR,0.0000,0.0000,0.0000,0.0000,0.0000,0.0000,0.0000,0.0000,0.0000,0.0000
,CENTRAL SYSTEM_UNIT1_FRONTROW_MIDDLEFLOOR,0.0000,0.0000,0.0000,0.0000,0.0000,0.0000,0.0000,0.0000,0.0000,0.0000
,CENTRAL SYSTEM_UNIT2_FRONTROW_MIDDLEFLOOR,0.0000,0.0000,0.0000,0.0000,0.0000,0.0000,0.0000,0.0000,0.0000,0.0000
,CENTRAL SYSTEM_UNIT3_FRONTROW_MIDDLEFLOOR,0.0000,0.0000,0.0000,0.0000,0.0000,0.0000,0.0000,0.0000,0.0000,0.0000
,CENTRAL SYSTEM_UNIT1_BACKROW_MIDDLEFLOOR,0.0000,0.0000,0.0000,0.0000,0.0000,0.0000,0.0000,0.0000,0.0000,0.0000
,CENTRAL SYSTEM_UNIT2_BACKROW_MIDDLEFLOOR,0.0000,0.0000,0.0000,0.0000,0.0000,0.0000,0.0000,0.0000,0.0000,0.0000
,CENTRAL SYSTEM_UNIT3_BACKROW_MIDDLEFLOOR,0.0000,0.0000,0.0000,0.0000,0.0000,0.0000,0.0000,0.0000,0.0000,0.0000
,CENTRAL SYSTEM_UNIT1_FRONTROW_TOPFLOOR,0.0000,0.0000,0.0000,0.0000,0.0000,0.0000,0.0000,0.0000,0.0000,0.0000
,CENTRAL SYSTEM_UNIT2_FRONTROW_TOPFLOOR,0.0000,0.0000,0.0000,0.0000,0.0000,0.0000,0.0000,0.0000,0.0000,0.0000
,CENTRAL SYSTEM_UNIT3_FRONTROW_TOPFLOOR,0.0000,0.0000,0.0000,0.0000,0.0000,0.0000,0.0000,0.0000,0.0000,0.0000
,CENTRAL SYSTEM_UNIT1_BACKROW_TOPFLOOR,0.0000,0.0000,0.0000,0.0000,0.0000,0.0000,0.0000,0.0000,0.0000,0.0000
,CENTRAL SYSTEM_UNIT2_BACKROW_TOPFLOOR,0.0000,0.0000,0.0000,0.0000,0.0000,0.0000,0.0000,0.0000,0.0000,0.0000
,CENTRAL SYSTEM_UNIT3_BACKROW_TOPFLOOR,0.0000,0.0000,0.0000,0.0000,0.0000,0.0000,0.0000,0.0000,0.0000,0.0000


----------------------------------------------------------------------------------------------------
REPORT:,Object Count Summary
FOR:,Entire Facility
Surfaces by Class

,,Total,Outdoors
,Wall,82,58
,Floor,29,4
,Roof,27,2
,Internal Mass,0,0
,Building Detached Shading,0,0
,Fixed Detached Shading,0,0
,Window,30,30
,Door,18,18
,Glass Door,0,0
,Shading,60,60
,Overhang,30,30
,Fin,0,0
,Tubular Daylighting Device Dome,0,0
,Tubular Daylighting Device Diffuser,0,0


HVAC

,,Count
,HVAC Air Loops,18
,Conditioned Zones,18
,Unconditioned Zones,3
,Supply Plenums,0
,Return Plenums,0


Input Fields

,,Count
,IDF Objects,2147
,Defaulted Fields,1712
,Fields with Defaults,7141
,Autosized Fields,377
,Autosizable Fields,630
,Autocalculated Fields,197
,Autocalculatable Fields,421


----------------------------------------------------------------------------------------------------
REPORT:,Energy Meters
FOR:,Entire Facility
Annual and Peak Values - Electricity

,,Electricity Annual Value [kWh],Electricity Minimum Value [W],Timestamp of Minimum {TIMESTAMP},Electricity Maximum Value [W],Timestamp of Maximum {TIMESTAMP}
,Electricity:Facility,65658.52,7817.05,29-MAR-03:30,65947.39,29-JAN-07:30
,Electricity:Building,24438.04,6270.77,02-JAN-03:15,18720.91,01-JAN-18:15
,Electricity:Zone:LIVING_UNIT1_FRONTROW_BOTTOMFLOOR,1357.67,348.38,02-JAN-03:15,1040.05,01-JAN-18:15
,Electricity:SpaceType:GENERAL,24438.04,6270.77,02-JAN-03:15,18720.91,01-JAN-18:15
,InteriorLights:Electricity,2795.38,253.88,01-JAN-00:15,3692.78,01-JAN-19:15
,InteriorLights:Electricity:Zone:LIVING_UNIT1_FRONTROW_BOTTOMFLOOR,155.30,14.10,01-JAN-00:15,205.15,01-JAN-19:15
,InteriorLights:Electricity:SpaceType:GENERAL,2795.38,253.88,01-JAN-00:15,3692.78,01-JAN-19:15
,General:InteriorLights:Electricity,2795.38,253.88,01-JAN-00:15,3692.78,01-JAN-19:15
,General:InteriorLights:Electricity:Zone:LIVING_UNIT1_FRONTROW_BOTTOMFLOOR,155.30,14.10,01-JAN-00:15,205.15,01-JAN-19:15
,General:InteriorLights:Electricity:SpaceType:GENERAL,2795.38,253.88,01-JAN-00:15,3692.78,01-JAN-19:15
,Electricity:Zone:LIVING_UNIT2_FRONTROW_BOTTOMFLOOR,1357.67,348.38,02-JAN-03:15,1040.05,01-JAN-18:15
,InteriorLights:Electricity:Zone:LIVING_UNIT2_FRONTROW_BOTTOMFLOOR,155.30,14.10,01-JAN-00:15,205.15,01-JAN-19:15
,General:InteriorLights:Electricity:Zone:LIVING_UNIT2_FRONTROW_BOTTOMFLOOR,155.30,14.10,01-JAN-00:15,205.15,01-JAN-19:15
,Electricity:Zone:LIVING_UNIT3_FRONTROW_BOTTOMFLOOR,1357.67,348.38,02-JAN-03:15,1040.05,01-JAN-18:15
,InteriorLights:Electricity:Zone:LIVING_UNIT3_FRONTROW_BOTTOMFLOOR,155.30,14.10,01-JAN-00:15,205.15,01-JAN-19:15
,General:InteriorLights:Electricity:Zone:LIVING_UNIT3_FRONTROW_BOTTOMFLOOR,155.30,14.10,01-JAN-00:15,205.15,01-JAN-19:15
,Electricity:Zone:LIVING_UNIT1_BACKROW_BOTTOMFLOOR,1357.67,348.38,02-JAN-03:15,1040.05,01-JAN-18:15
,InteriorLights:Electricity:Zone:LIVING_UNIT1_BACKROW_BOTTOMFLOOR,155.30,14.10,01-JAN-00:15,205.15,01-JAN-19:15
,General:InteriorLights:Electricity:Zone:LIVING_UNIT1_BACKROW_BOTTOMFLOOR,155.30,14.10,01-JAN-00:15,205.15,01-JAN-19:15
,Electricity:Zone:LIVING_UNIT2_BACKROW_BOTTOMFLOOR,1357.67,348.38,02-JAN-03:15,1040.05,01-JAN-18:15
,InteriorLights:Electricity:Zone:LIVING_UNIT2_BACKROW_BOTTOMFLOOR,155.30,14.10,01-JAN-00:15,205.15,01-JAN-19:15
,General:InteriorLights:Electricity:Zone:LIVING_UNIT2_BACKROW_BOTTOMFLOOR,155.30,14.10,01-JAN-00:15,205.15,01-JAN-19:15
,Electricity:Zone:LIVING_UNIT3_BACKROW_BOTTOMFLOOR,1357.67,348.38,02-JAN-03:15,1040.05,01-JAN-18:15
,InteriorLights:Electricity:Zone:LIVING_UNIT3_BACKROW_BOTTOMFLOOR,155.30,14.10,01-JAN-00:15,205.15,01-JAN-19:15
,General:InteriorLights:Electricity:Zone:LIVING_UNIT3_BACKROW_BOTTOMFLOOR,155.30,14.10,01-JAN-00:15,205.15,01-JAN-19:15
,Electricity:Zone:LIVING_UNIT1_FRONTROW_MIDDLEFLOOR,1357.67,348.38,02-JAN-03:15,1040.05,01-JAN-18:15
,InteriorLights:Electricity:Zone:LIVING_UNIT1_FRONTROW_MIDDLEFLOOR,155.30,14.10,01-JAN-00:15,205.15,01-JAN-19:15
,General:InteriorLights:Electricity:Zone:LIVING_UNIT1_FRONTROW_MIDDLEFLOOR,155.30,14.10,01-JAN-00:15,205.15,01-JAN-19:15
,Electricity:Zone:LIVING_UNIT2_FRONTROW_MIDDLEFLOOR,1357.67,348.38,02-JAN-03:15,1040.05,01-JAN-18:15
,InteriorLights:Electricity:Zone:LIVING_UNIT2_FRONTROW_MIDDLEFLOOR,155.30,14.10,01-JAN-00:15,205.15,01-JAN-19:15
,General:InteriorLights:Electricity:Zone:LIVING_UNIT2_FRONTROW_MIDDLEFLOOR,155.30,14.10,01-JAN-00:15,205.15,01-JAN-19:15
,Electricity:Zone:LIVING_UNIT3_FRONTROW_MIDDLEFLOOR,1357.67,348.38,02-JAN-03:15,1040.05,01-JAN-18:15
,InteriorLights:Electricity:Zone:LIVING_UNIT3_FRONTROW_MIDDLEFLOOR,155.30,14.10,01-JAN-00:15,205.15,01-JAN-19:15
,General:InteriorLights:Electricity:Zone:LIVING_UNIT3_FRONTROW_MIDDLEFLOOR,155.30,14.10,01-JAN-00:15,205.15,01-JAN-19:15
,Electricity:Zone:LIVING_UNIT1_BACKROW_MIDDLEFLOOR,1357.67,348.38,02-JAN-03:15,1040.05,01-JAN-18:15
,InteriorLights:Electricity:Zone:LIVING_UNIT1_BACKROW_MIDDLEFLOOR,155.30,14.10,01-JAN-00:15,205.15,01-JAN-19:15
,General:InteriorLights:Electricity:Zone:LIVING_UNIT1_BACKROW_MIDDLEFLOOR,155.30,14.10,01-JAN-00:15,205.15,01-JAN-19:15
,Electricity:Zone:LIVING_UNIT2_BACKROW_MIDDLEFLOOR,1357.67,348.38,02-JAN-03:15,1040.05,01-JAN-18:15
,InteriorLights:Electricity:Zone:LIVING_UNIT2_BACKROW_MIDDLEFLOOR,155.30,14.10,01-JAN-00:15,205.15,01-JAN-19:15
,General:InteriorLights:Electricity:Zone:LIVING_UNIT2_BACKROW_MIDDLEFLOOR,155.30,14.10,01-JAN-00:15,205.15,01-JAN-19:15
,Electricity:Zone:LIVING_UNIT3_BACKROW_MIDDLEFLOOR,1357.67,348.38,02-JAN-03:15,1040.05,01-JAN-18:15
,InteriorLights:Electricity:Zone:LIVING_UNIT3_BACKROW_MIDDLEFLOOR,155.30,14.10,01-JAN-00:15,205.15,01-JAN-19:15
,General:InteriorLights:Electricity:Zone:LIVING_UNIT3_BACKROW_MIDDLEFLOOR,155.30,14.10,01-JAN-00:15,205.15,01-JAN-19:15
,Electricity:Zone:LIVING_UNIT1_FRONTROW_TOPFLOOR,1357.67,348.38,02-JAN-03:15,1040.05,01-JAN-18:15
,InteriorLights:Electricity:Zone:LIVING_UNIT1_FRONTROW_TOPFLOOR,155.30,14.10,01-JAN-00:15,205.15,01-JAN-19:15
,General:InteriorLights:Electricity:Zone:LIVING_UNIT1_FRONTROW_TOPFLOOR,155.30,14.10,01-JAN-00:15,205.15,01-JAN-19:15
,Electricity:Zone:LIVING_UNIT2_FRONTROW_TOPFLOOR,1357.67,348.38,02-JAN-03:15,1040.05,01-JAN-18:15
,InteriorLights:Electricity:Zone:LIVING_UNIT2_FRONTROW_TOPFLOOR,155.30,14.10,01-JAN-00:15,205.15,01-JAN-19:15
,General:InteriorLights:Electricity:Zone:LIVING_UNIT2_FRONTROW_TOPFLOOR,155.30,14.10,01-JAN-00:15,205.15,01-JAN-19:15
,Electricity:Zone:LIVING_UNIT3_FRONTROW_TOPFLOOR,1357.67,348.38,02-JAN-03:15,1040.05,01-JAN-18:15
,InteriorLights:Electricity:Zone:LIVING_UNIT3_FRONTROW_TOPFLOOR,155.30,14.10,01-JAN-00:15,205.15,01-JAN-19:15
,General:InteriorLights:Electricity:Zone:LIVING_UNIT3_FRONTROW_TOPFLOOR,155.30,14.10,01-JAN-00:15,205.15,01-JAN-19:15
,Electricity:Zone:LIVING_UNIT1_BACKROW_TOPFLOOR,1357.67,348.38,02-JAN-03:15,1040.05,01-JAN-18:15
,InteriorLights:Electricity:Zone:LIVING_UNIT1_BACKROW_TOPFLOOR,155.30,14.10,01-JAN-00:15,205.15,01-JAN-19:15
,General:InteriorLights:Electricity:Zone:LIVING_UNIT1_BACKROW_TOPFLOOR,155.30,14.10,01-JAN-00:15,205.15,01-JAN-19:15
,Electricity:Zone:LIVING_UNIT2_BACKROW_TOPFLOOR,1357.67,348.38,02-JAN-03:15,1040.05,01-JAN-18:15
,InteriorLights:Electricity:Zone:LIVING_UNIT2_BACKROW_TOPFLOOR,155.30,14.10,01-JAN-00:15,205.15,01-JAN-19:15
,General:InteriorLights:Electricity:Zone:LIVING_UNIT2_BACKROW_TOPFLOOR,155.30,14.10,01-JAN-00:15,205.15,01-JAN-19:15
,Electricity:Zone:LIVING_UNIT3_BACKROW_TOPFLOOR,1357.67,348.38,02-JAN-03:15,1040.05,01-JAN-18:15
,InteriorLights:Electricity:Zone:LIVING_UNIT3_BACKROW_TOPFLOOR,155.30,14.10,01-JAN-00:15,205.15,01-JAN-19:15
,General:InteriorLights:Electricity:Zone:LIVING_UNIT3_BACKROW_TOPFLOOR,155.30,14.10,01-JAN-00:15,205.15,01-JAN-19:15
,InteriorEquipment:Electricity,21642.66,5989.14,02-JAN-04:15,15388.75,01-JAN-18:15
,InteriorEquipment:Electricity:Zone:LIVING_UNIT1_FRONTROW_BOTTOMFLOOR,1202.37,332.73,02-JAN-04:15,854.93,01-JAN-18:15
,InteriorEquipment:Electricity:SpaceType:GENERAL,21642.66,5989.14,02-JAN-04:15,15388.75,01-JAN-18:15
,dishwasher:InteriorEquipment:Electricity,679.66,25.25,02-JAN-03:15,880.12,01-JAN-19:15
,dishwasher:InteriorEquipment:Electricity:Zone:LIVING_UNIT1_FRONTROW_BOTTOMFLOOR,37.76,1.40,02-JAN-03:15,48.90,01-JAN-19:15
,dishwasher:InteriorEquipment:Electricity:SpaceType:GENERAL,679.66,25.25,02-JAN-03:15,880.12,01-JAN-19:15
,refrigerator:InteriorEquipment:Electricity,2967.81,1198.77,01-JAN-04:15,1639.04,01-JAN-18:15
,refrigerator:InteriorEquipment:Electricity:Zone:LIVING_UNIT1_FRONTROW_BOTTOMFLOOR,164.88,66.60,01-JAN-04:15,91.06,01-JAN-18:15
,refrigerator:InteriorEquipment:Electricity:SpaceType:GENERAL,2967.81,1198.77,01-JAN-04:15,1639.04,01-JAN-18:15
,clotheswasher:InteriorEquipment:Electricity,346.59,13.53,02-JAN-02:15,381.47,01-JAN-09:15
,clotheswasher:InteriorEquipment:Electricity:Zone:LIVING_UNIT1_FRONTROW_BOTTOMFLOOR,19.25,0.75,02-JAN-02:15,21.19,01-JAN-09:15
,clotheswasher:InteriorEquipment:Electricity:SpaceType:GENERAL,346.59,13.53,02-JAN-02:15,381.47,01-JAN-09:15
,electric_dryer:InteriorEquipment:Electricity,3076.31,63.73,02-JAN-03:15,3196.73,01-JAN-11:15
,electric_dryer:InteriorEquipment:Electricity:Zone:LIVING_UNIT1_FRONTROW_BOTTOMFLOOR,170.91,3.54,02-JAN-03:15,177.60,01-JAN-11:15
,electric_dryer:InteriorEquipment:Electricity:SpaceType:GENERAL,3076.31,63.73,02-JAN-03:15,3196.73,01-JAN-11:15
,electric_range:InteriorEquipment:Electricity,2233.57,87.62,01-JAN-02:15,3721.08,01-JAN-17:15
,electric_range:InteriorEquipment:Electricity:Zone:LIVING_UNIT1_FRONTROW_BOTTOMFLOOR,124.09,4.87,01-JAN-02:15,206.73,01-JAN-17:15
,electric_range:InteriorEquipment:Electricity:SpaceType:GENERAL,2233.57,87.62,01-JAN-02:15,3721.08,01-JAN-17:15
,television:InteriorEquipment:Electricity,0.00,0.00,01-JAN-00:15,0.00,01-JAN-00:15
,television:InteriorEquipment:Electricity:Zone:LIVING_UNIT1_FRONTROW_BOTTOMFLOOR,0.00,0.00,01-JAN-00:15,0.00,01-JAN-00:15
,television:InteriorEquipment:Electricity:SpaceType:GENERAL,0.00,0.00,01-JAN-00:15,0.00,01-JAN-00:15
,electric_mels:InteriorEquipment:Electricity,11570.96,4099.97,01-JAN-09:15,7929.96,01-JAN-20:15
,electric_mels:InteriorEquipment:Electricity:Zone:LIVING_UNIT1_FRONTROW_BOTTOMFLOOR,642.83,227.78,01-JAN-09:15,440.55,01-JAN-20:15
,electric_mels:InteriorEquipment:Electricity:SpaceType:GENERAL,11570.96,4099.97,01-JAN-09:15,7929.96,01-JAN-20:15
,IECC_adj:InteriorEquipment:Electricity,767.75,272.04,01-JAN-09:15,526.17,01-JAN-20:15
,IECC_adj:InteriorEquipment:Electricity:Zone:LIVING_UNIT1_FRONTROW_BOTTOMFLOOR,42.65,15.11,01-JAN-09:15,29.23,01-JAN-20:15
,IECC_adj:InteriorEquipment:Electricity:SpaceType:GENERAL,767.75,272.04,01-JAN-09:15,526.17,01-JAN-20:15
,InteriorEquipment:Electricity:Zone:LIVING_UNIT2_FRONTROW_BOTTOMFLOOR,1202.37,332.73,02-JAN-04:15,854.93,01-JAN-18:15
,dishwasher:InteriorEquipment:Electricity:Zone:LIVING_UNIT2_FRONTROW_BOTTOMFLOOR,37.76,1.40,02-JAN-03:15,48.90,01-JAN-19:15
,refrigerator:InteriorEquipment:Electricity:Zone:LIVING_UNIT2_FRONTROW_BOTTOMFLOOR,164.88,66.60,01-JAN-04:15,91.06,01-JAN-18:15
,clotheswasher:InteriorEquipment:Electricity:Zone:LIVING_UNIT2_FRONTROW_BOTTOMFLOOR,19.25,0.75,02-JAN-02:15,21.19,01-JAN-09:15
,electric_dryer:InteriorEquipment:Electricity:Zone:LIVING_UNIT2_FRONTROW_BOTTOMFLOOR,170.91,3.54,02-JAN-03:15,177.60,01-JAN-11:15
,electric_range:InteriorEquipment:Electricity:Zone:LIVING_UNIT2_FRONTROW_BOTTOMFLOOR,124.09,4.87,01-JAN-02:15,206.73,01-JAN-17:15
,television:InteriorEquipment:Electricity:Zone:LIVING_UNIT2_FRONTROW_BOTTOMFLOOR,0.00,0.00,01-JAN-00:15,0.00,01-JAN-00:15
,electric_mels:InteriorEquipment:Electricity:Zone:LIVING_UNIT2_FRONTROW_BOTTOMFLOOR,642.83,227.78,01-JAN-09:15,440.55,01-JAN-20:15
,IECC_adj:InteriorEquipment:Electricity:Zone:LIVING_UNIT2_FRONTROW_BOTTOMFLOOR,42.65,15.11,01-JAN-09:15,29.23,01-JAN-20:15
,InteriorEquipment:Electricity:Zone:LIVING_UNIT3_FRONTROW_BOTTOMFLOOR,1202.37,332.73,02-JAN-04:15,854.93,01-JAN-18:15
,dishwasher:InteriorEquipment:Electricity:Zone:LIVING_UNIT3_FRONTROW_BOTTOMFLOOR,37.76,1.40,02-JAN-03:15,48.90,01-JAN-19:15
,refrigerator:InteriorEquipment:Electricity:Zone:LIVING_UNIT3_FRONTROW_BOTTOMFLOOR,164.88,66.60,01-JAN-04:15,91.06,01-JAN-18:15
,clotheswasher:InteriorEquipment:Electricity:Zone:LIVING_UNIT3_FRONTROW_BOTTOMFLOOR,19.25,0.75,02-JAN-02:15,21.19,01-JAN-09:15
,electric_dryer:InteriorEquipment:Electricity:Zone:LIVING_UNIT3_FRONTROW_BOTTOMFLOOR,170.91,3.54,02-JAN-03:15,177.60,01-JAN-11:15
,electric_range:InteriorEquipment:Electricity:Zone:LIVING_UNIT3_FRONTROW_BOTTOMFLOOR,124.09,4.87,01-JAN-02:15,206.73,01-JAN-17:15
,television:InteriorEquipment:Electricity:Zone:LIVING_UNIT3_FRONTROW_BOTTOMFLOOR,0.00,0.00,01-JAN-00:15,0.00,01-JAN-00:15
,electric_mels:InteriorEquipment:Electricity:Zone:LIVING_UNIT3_FRONTROW_BOTTOMFLOOR,642.83,227.78,01-JAN-09:15,440.55,01-JAN-20:15
,IECC_adj:InteriorEquipment:Electricity:Zone:LIVING_UNIT3_FRONTROW_BOTTOMFLOOR,42.65,15.11,01-JAN-09:15,29.23,01-JAN-20:15
,InteriorEquipment:Electricity:Zone:LIVING_UNIT1_BACKROW_BOTTOMFLOOR,1202.37,332.73,02-JAN-04:15,854.93,01-JAN-18:15
,dishwasher:InteriorEquipment:Electricity:Zone:LIVING_UNIT1_BACKROW_BOTTOMFLOOR,37.76,1.40,02-JAN-03:15,48.90,01-JAN-19:15
,refrigerator:InteriorEquipment:Electricity:Zone:LIVING_UNIT1_BACKROW_BOTTOMFLOOR,164.88,66.60,01-JAN-04:15,91.06,01-JAN-18:15
,clotheswasher:InteriorEquipment:Electricity:Zone:LIVING_UNIT1_BACKROW_BOTTOMFLOOR,19.25,0.75,02-JAN-02:15,21.19,01-JAN-09:15
,electric_dryer:InteriorEquipment:Electricity:Zone:LIVING_UNIT1_BACKROW_BOTTOMFLOOR,170.91,3.54,02-JAN-03:15,177.60,01-JAN-11:15
,electric_range:InteriorEquipment:Electricity:Zone:LIVING_UNIT1_BACKROW_BOTTOMFLOOR,124.09,4.87,01-JAN-02:15,206.73,01-JAN-17:15
,television:InteriorEquipment:Electricity:Zone:LIVING_UNIT1_BACKROW_BOTTOMFLOOR,0.00,0.00,01-JAN-00:15,0.00,01-JAN-00:15
,electric_mels:InteriorEquipment:Electricity:Zone:LIVING_UNIT1_BACKROW_BOTTOMFLOOR,642.83,227.78,01-JAN-09:15,440.55,01-JAN-20:15
,IECC_adj:InteriorEquipment:Electricity:Zone:LIVING_UNIT1_BACKROW_BOTTOMFLOOR,42.65,15.11,01-JAN-09:15,29.23,01-JAN-20:15
,InteriorEquipment:Electricity:Zone:LIVING_UNIT2_BACKROW_BOTTOMFLOOR,1202.37,332.73,02-JAN-04:15,854.93,01-JAN-18:15
,dishwasher:InteriorEquipment:Electricity:Zone:LIVING_UNIT2_BACKROW_BOTTOMFLOOR,37.76,1.40,02-JAN-03:15,48.90,01-JAN-19:15
,refrigerator:InteriorEquipment:Electricity:Zone:LIVING_UNIT2_BACKROW_BOTTOMFLOOR,164.88,66.60,01-JAN-04:15,91.06,01-JAN-18:15
,clotheswasher:InteriorEquipment:Electricity:Zone:LIVING_UNIT2_BACKROW_BOTTOMFLOOR,19.25,0.75,02-JAN-02:15,21.19,01-JAN-09:15
,electric_dryer:InteriorEquipment:Electricity:Zone:LIVING_UNIT2_BACKROW_BOTTOMFLOOR,170.91,3.54,02-JAN-03:15,177.60,01-JAN-11:15
,electric_range:InteriorEquipment:Electricity:Zone:LIVING_UNIT2_BACKROW_BOTTOMFLOOR,124.09,4.87,01-JAN-02:15,206.73,01-JAN-17:15
,television:InteriorEquipment:Electricity:Zone:LIVING_UNIT2_BACKROW_BOTTOMFLOOR,0.00,0.00,01-JAN-00:15,0.00,01-JAN-00:15
,electric_mels:InteriorEquipment:Electricity:Zone:LIVING_UNIT2_BACKROW_BOTTOMFLOOR,642.83,227.78,01-JAN-09:15,440.55,01-JAN-20:15
,IECC_adj:InteriorEquipment:Electricity:Zone:LIVING_UNIT2_BACKROW_BOTTOMFLOOR,42.65,15.11,01-JAN-09:15,29.23,01-JAN-20:15
,InteriorEquipment:Electricity:Zone:LIVING_UNIT3_BACKROW_BOTTOMFLOOR,1202.37,332.73,02-JAN-04:15,854.93,01-JAN-18:15
,dishwasher:InteriorEquipment:Electricity:Zone:LIVING_UNIT3_BACKROW_BOTTOMFLOOR,37.76,1.40,02-JAN-03:15,48.90,01-JAN-19:15
,refrigerator:InteriorEquipment:Electricity:Zone:LIVING_UNIT3_BACKROW_BOTTOMFLOOR,164.88,66.60,01-JAN-04:15,91.06,01-JAN-18:15
,clotheswasher:InteriorEquipment:Electricity:Zone:LIVING_UNIT3_BACKROW_BOTTOMFLOOR,19.25,0.75,02-JAN-02:15,21.19,01-JAN-09:15
,electric_dryer:InteriorEquipment:Electricity:Zone:LIVING_UNIT3_BACKROW_BOTTOMFLOOR,170.91,3.54,02-JAN-03:15,177.60,01-JAN-11:15
,electric_range:InteriorEquipment:Electricity:Zone:LIVING_UNIT3_BACKROW_BOTTOMFLOOR,124.09,4.87,01-JAN-02:15,206.73,01-JAN-17:15
,television:InteriorEquipment:Electricity:Zone:LIVING_UNIT3_BACKROW_BOTTOMFLOOR,0.00,0.00,01-JAN-00:15,0.00,01-JAN-00:15
,electric_mels:InteriorEquipment:Electricity:Zone:LIVING_UNIT3_BACKROW_BOTTOMFLOOR,642.83,227.78,01-JAN-09:15,440.55,01-JAN-20:15
,IECC_adj:InteriorEquipment:Electricity:Zone:LIVING_UNIT3_BACKROW_BOTTOMFLOOR,42.65,15.11,01-JAN-09:15,29.23,01-JAN-20:15
,InteriorEquipment:Electricity:Zone:LIVING_UNIT1_FRONTROW_MIDDLEFLOOR,1202.37,332.73,02-JAN-04:15,854.93,01-JAN-18:15
,dishwasher:InteriorEquipment:Electricity:Zone:LIVING_UNIT1_FRONTROW_MIDDLEFLOOR,37.76,1.40,02-JAN-03:15,48.90,01-JAN-19:15
,refrigerator:InteriorEquipment:Electricity:Zone:LIVING_UNIT1_FRONTROW_MIDDLEFLOOR,164.88,66.60,01-JAN-04:15,91.06,01-JAN-18:15
,clotheswasher:InteriorEquipment:Electricity:Zone:LIVING_UNIT1_FRONTROW_MIDDLEFLOOR,19.25,0.75,02-JAN-02:15,21.19,01-JAN-09:15
,electric_dryer:InteriorEquipment:Electricity:Zone:LIVING_UNIT1_FRONTROW_MIDDLEFLOOR,170.91,3.54,02-JAN-03:15,177.60,01-JAN-11:15
,electric_range:InteriorEquipment:Electricity:Zone:LIVING_UNIT1_FRONTROW_MIDDLEFLOOR,124.09,4.87,01-JAN-02:15,206.73,01-JAN-17:15
,television:InteriorEquipment:Electricity:Zone:LIVING_UNIT1_FRONTROW_MIDDLEFLOOR,0.00,0.00,01-JAN-00:15,0.00,01-JAN-00:15
,electric_mels:InteriorEquipment:Electricity:Zone:LIVING_UNIT1_FRONTROW_MIDDLEFLOOR,642.83,227.78,01-JAN-09:15,440.55,01-JAN-20:15
,IECC_adj:InteriorEquipment:Electricity:Zone:LIVING_UNIT1_FRONTROW_MIDDLEFLOOR,42.65,15.11,01-JAN-09:15,29.23,01-JAN-20:15
,InteriorEquipment:Electricity:Zone:LIVING_UNIT2_FRONTROW_MIDDLEFLOOR,1202.37,332.73,02-JAN-04:15,854.93,01-JAN-18:15
,dishwasher:InteriorEquipment:Electricity:Zone:LIVING_UNIT2_FRONTROW_MIDDLEFLOOR,37.76,1.40,02-JAN-03:15,48.90,01-JAN-19:15
,refrigerator:InteriorEquipment:Electricity:Zone:LIVING_UNIT2_FRONTROW_MIDDLEFLOOR,164.88,66.60,01-JAN-04:15,91.06,01-JAN-18:15
,clotheswasher:InteriorEquipment:Electricity:Zone:LIVING_UNIT2_FRONTROW_MIDDLEFLOOR,19.25,0.75,02-JAN-02:15,21.19,01-JAN-09:15
,electric_dryer:InteriorEquipment:Electricity:Zone:LIVING_UNIT2_FRONTROW_MIDDLEFLOOR,170.91,3.54,02-JAN-03:15,177.60,01-JAN-11:15
,electric_range:InteriorEquipment:Electricity:Zone:LIVING_UNIT2_FRONTROW_MIDDLEFLOOR,124.09,4.87,01-JAN-02:15,206.73,01-JAN-17:15
,television:InteriorEquipment:Electricity:Zone:LIVING_UNIT2_FRONTROW_MIDDLEFLOOR,0.00,0.00,01-JAN-00:15,0.00,01-JAN-00:15
,electric_mels:InteriorEquipment:Electricity:Zone:LIVING_UNIT2_FRONTROW_MIDDLEFLOOR,642.83,227.78,01-JAN-09:15,440.55,01-JAN-20:15
,IECC_adj:InteriorEquipment:Electricity:Zone:LIVING_UNIT2_FRONTROW_MIDDLEFLOOR,42.65,15.11,01-JAN-09:15,29.23,01-JAN-20:15
,InteriorEquipment:Electricity:Zone:LIVING_UNIT3_FRONTROW_MIDDLEFLOOR,1202.37,332.73,02-JAN-04:15,854.93,01-JAN-18:15
,dishwasher:InteriorEquipment:Electricity:Zone:LIVING_UNIT3_FRONTROW_MIDDLEFLOOR,37.76,1.40,02-JAN-03:15,48.90,01-JAN-19:15
,refrigerator:InteriorEquipment:Electricity:Zone:LIVING_UNIT3_FRONTROW_MIDDLEFLOOR,164.88,66.60,01-JAN-04:15,91.06,01-JAN-18:15
,clotheswasher:InteriorEquipment:Electricity:Zone:LIVING_UNIT3_FRONTROW_MIDDLEFLOOR,19.25,0.75,02-JAN-02:15,21.19,01-JAN-09:15
,electric_dryer:InteriorEquipment:Electricity:Zone:LIVING_UNIT3_FRONTROW_MIDDLEFLOOR,170.91,3.54,02-JAN-03:15,177.60,01-JAN-11:15
,electric_range:InteriorEquipment:Electricity:Zone:LIVING_UNIT3_FRONTROW_MIDDLEFLOOR,124.09,4.87,01-JAN-02:15,206.73,01-JAN-17:15
,television:InteriorEquipment:Electricity:Zone:LIVING_UNIT3_FRONTROW_MIDDLEFLOOR,0.00,0.00,01-JAN-00:15,0.00,01-JAN-00:15
,electric_mels:InteriorEquipment:Electricity:Zone:LIVING_UNIT3_FRONTROW_MIDDLEFLOOR,642.83,227.78,01-JAN-09:15,440.55,01-JAN-20:15
,IECC_adj:InteriorEquipment:Electricity:Zone:LIVING_UNIT3_FRONTROW_MIDDLEFLOOR,42.65,15.11,01-JAN-09:15,29.23,01-JAN-20:15
,InteriorEquipment:Electricity:Zone:LIVING_UNIT1_BACKROW_MIDDLEFLOOR,1202.37,332.73,02-JAN-04:15,854.93,01-JAN-18:15
,dishwasher:InteriorEquipment:Electricity:Zone:LIVING_UNIT1_BACKROW_MIDDLEFLOOR,37.76,1.40,02-JAN-03:15,48.90,01-JAN-19:15
,refrigerator:InteriorEquipment:Electricity:Zone:LIVING_UNIT1_BACKROW_MIDDLEFLOOR,164.88,66.60,01-JAN-04:15,91.06,01-JAN-18:15
,clotheswasher:InteriorEquipment:Electricity:Zone:LIVING_UNIT1_BACKROW_MIDDLEFLOOR,19.25,0.75,02-JAN-02:15,21.19,01-JAN-09:15
,electric_dryer:InteriorEquipment:Electricity:Zone:LIVING_UNIT1_BACKROW_MIDDLEFLOOR,170.91,3.54,02-JAN-03:15,177.60,01-JAN-11:15
,electric_range:InteriorEquipment:Electricity:Zone:LIVING_UNIT1_BACKROW_MIDDLEFLOOR,124.09,4.87,01-JAN-02:15,206.73,01-JAN-17:15
,television:InteriorEquipment:Electricity:Zone:LIVING_UNIT1_BACKROW_MIDDLEFLOOR,0.00,0.00,01-JAN-00:15,0.00,01-JAN-00:15
,electric_mels:InteriorEquipment:Electricity:Zone:LIVING_UNIT1_BACKROW_MIDDLEFLOOR,642.83,227.78,01-JAN-09:15,440.55,01-JAN-20:15
,IECC_adj:InteriorEquipment:Electricity:Zone:LIVING_UNIT1_BACKROW_MIDDLEFLOOR,42.65,15.11,01-JAN-09:15,29.23,01-JAN-20:15
,InteriorEquipment:Electricity:Zone:LIVING_UNIT2_BACKROW_MIDDLEFLOOR,1202.37,332.73,02-JAN-04:15,854.93,01-JAN-18:15
,dishwasher:InteriorEquipment:Electricity:Zone:LIVING_UNIT2_BACKROW_MIDDLEFLOOR,37.76,1.40,02-JAN-03:15,48.90,01-JAN-19:15
,refrigerator:InteriorEquipment:Electricity:Zone:LIVING_UNIT2_BACKROW_MIDDLEFLOOR,164.88,66.60,01-JAN-04:15,91.06,01-JAN-18:15
,clotheswasher:InteriorEquipment:Electricity:Zone:LIVING_UNIT2_BACKROW_MIDDLEFLOOR,19.25,0.75,02-JAN-02:15,21.19,01-JAN-09:15
,electric_dryer:InteriorEquipment:Electricity:Zone:LIVING_UNIT2_BACKROW_MIDDLEFLOOR,170.91,3.54,02-JAN-03:15,177.60,01-JAN-11:15
,electric_range:InteriorEquipment:Electricity:Zone:LIVING_UNIT2_BACKROW_MIDDLEFLOOR,124.09,4.87,01-JAN-02:15,206.73,01-JAN-17:15
,television:InteriorEquipment:Electricity:Zone:LIVING_UNIT2_BACKROW_MIDDLEFLOOR,0.00,0.00,01-JAN-00:15,0.00,01-JAN-00:15
,electric_mels:InteriorEquipment:Electricity:Zone:LIVING_UNIT2_BACKROW_MIDDLEFLOOR,642.83,227.78,01-JAN-09:15,440.55,01-JAN-20:15
,IECC_adj:InteriorEquipment:Electricity:Zone:LIVING_UNIT2_BACKROW_MIDDLEFLOOR,42.65,15.11,01-JAN-09:15,29.23,01-JAN-20:15
,InteriorEquipment:Electricity:Zone:LIVING_UNIT3_BACKROW_MIDDLEFLOOR,1202.37,332.73,02-JAN-04:15,854.93,01-JAN-18:15
,dishwasher:InteriorEquipment:Electricity:Zone:LIVING_UNIT3_BACKROW_MIDDLEFLOOR,37.76,1.40,02-JAN-03:15,48.90,01-JAN-19:15
,refrigerator:InteriorEquipment:Electricity:Zone:LIVING_UNIT3_BACKROW_MIDDLEFLOOR,164.88,66.60,01-JAN-04:15,91.06,01-JAN-18:15
,clotheswasher:InteriorEquipment:Electricity:Zone:LIVING_UNIT3_BACKROW_MIDDLEFLOOR,19.25,0.75,02-JAN-02:15,21.19,01-JAN-09:15
,electric_dryer:InteriorEquipment:Electricity:Zone:LIVING_UNIT3_BACKROW_MIDDLEFLOOR,170.91,3.54,02-JAN-03:15,177.60,01-JAN-11:15
,electric_range:InteriorEquipment:Electricity:Zone:LIVING_UNIT3_BACKROW_MIDDLEFLOOR,124.09,4.87,01-JAN-02:15,206.73,01-JAN-17:15
,television:InteriorEquipment:Electricity:Zone:LIVING_UNIT3_BACKROW_MIDDLEFLOOR,0.00,0.00,01-JAN-00:15,0.00,01-JAN-00:15
,electric_mels:InteriorEquipment:Electricity:Zone:LIVING_UNIT3_BACKROW_MIDDLEFLOOR,642.83,227.78,01-JAN-09:15,440.55,01-JAN-20:15
,IECC_adj:InteriorEquipment:Electricity:Zone:LIVING_UNIT3_BACKROW_MIDDLEFLOOR,42.65,15.11,01-JAN-09:15,29.23,01-JAN-20:15
,InteriorEquipment:Electricity:Zone:LIVING_UNIT1_FRONTROW_TOPFLOOR,1202.37,332.73,02-JAN-04:15,854.93,01-JAN-18:15
,dishwasher:InteriorEquipment:Electricity:Zone:LIVING_UNIT1_FRONTROW_TOPFLOOR,37.76,1.40,02-JAN-03:15,48.90,01-JAN-19:15
,refrigerator:InteriorEquipment:Electricity:Zone:LIVING_UNIT1_FRONTROW_TOPFLOOR,164.88,66.60,01-JAN-04:15,91.06,01-JAN-18:15
,clotheswasher:InteriorEquipment:Electricity:Zone:LIVING_UNIT1_FRONTROW_TOPFLOOR,19.25,0.75,02-JAN-02:15,21.19,01-JAN-09:15
,electric_dryer:InteriorEquipment:Electricity:Zone:LIVING_UNIT1_FRONTROW_TOPFLOOR,170.91,3.54,02-JAN-03:15,177.60,01-JAN-11:15
,electric_range:InteriorEquipment:Electricity:Zone:LIVING_UNIT1_FRONTROW_TOPFLOOR,124.09,4.87,01-JAN-02:15,206.73,01-JAN-17:15
,television:InteriorEquipment:Electricity:Zone:LIVING_UNIT1_FRONTROW_TOPFLOOR,0.00,0.00,01-JAN-00:15,0.00,01-JAN-00:15
,electric_mels:InteriorEquipment:Electricity:Zone:LIVING_UNIT1_FRONTROW_TOPFLOOR,642.83,227.78,01-JAN-09:15,440.55,01-JAN-20:15
,IECC_adj:InteriorEquipment:Electricity:Zone:LIVING_UNIT1_FRONTROW_TOPFLOOR,42.65,15.11,01-JAN-09:15,29.23,01-JAN-20:15
,InteriorEquipment:Electricity:Zone:LIVING_UNIT2_FRONTROW_TOPFLOOR,1202.37,332.73,02-JAN-04:15,854.93,01-JAN-18:15
,dishwasher:InteriorEquipment:Electricity:Zone:LIVING_UNIT2_FRONTROW_TOPFLOOR,37.76,1.40,02-JAN-03:15,48.90,01-JAN-19:15
,refrigerator:InteriorEquipment:Electricity:Zone:LIVING_UNIT2_FRONTROW_TOPFLOOR,164.88,66.60,01-JAN-04:15,91.06,01-JAN-18:15
,clotheswasher:InteriorEquipment:Electricity:Zone:LIVING_UNIT2_FRONTROW_TOPFLOOR,19.25,0.75,02-JAN-02:15,21.19,01-JAN-09:15
,electric_dryer:InteriorEquipment:Electricity:Zone:LIVING_UNIT2_FRONTROW_TOPFLOOR,170.91,3.54,02-JAN-03:15,177.60,01-JAN-11:15
,electric_range:InteriorEquipment:Electricity:Zone:LIVING_UNIT2_FRONTROW_TOPFLOOR,124.09,4.87,01-JAN-02:15,206.73,01-JAN-17:15
,television:InteriorEquipment:Electricity:Zone:LIVING_UNIT2_FRONTROW_TOPFLOOR,0.00,0.00,01-JAN-00:15,0.00,01-JAN-00:15
,electric_mels:InteriorEquipment:Electricity:Zone:LIVING_UNIT2_FRONTROW_TOPFLOOR,642.83,227.78,01-JAN-09:15,440.55,01-JAN-20:15
,IECC_adj:InteriorEquipment:Electricity:Zone:LIVING_UNIT2_FRONTROW_TOPFLOOR,42.65,15.11,01-JAN-09:15,29.23,01-JAN-20:15
,InteriorEquipment:Electricity:Zone:LIVING_UNIT3_FRONTROW_TOPFLOOR,1202.37,332.73,02-JAN-04:15,854.93,01-JAN-18:15
,dishwasher:InteriorEquipment:Electricity:Zone:LIVING_UNIT3_FRONTROW_TOPFLOOR,37.76,1.40,02-JAN-03:15,48.90,01-JAN-19:15
,refrigerator:InteriorEquipment:Electricity:Zone:LIVING_UNIT3_FRONTROW_TOPFLOOR,164.88,66.60,01-JAN-04:15,91.06,01-JAN-18:15
,clotheswasher:InteriorEquipment:Electricity:Zone:LIVING_UNIT3_FRONTROW_TOPFLOOR,19.25,0.75,02-JAN-02:15,21.19,01-JAN-09:15
,electric_dryer:InteriorEquipment:Electricity:Zone:LIVING_UNIT3_FRONTROW_TOPFLOOR,170.91,3.54,02-JAN-03:15,177.60,01-JAN-11:15
,electric_range:InteriorEquipment:Electricity:Zone:LIVING_UNIT3_FRONTROW_TOPFLOOR,124.09,4.87,01-JAN-02:15,206.73,01-JAN-17:15
,television:InteriorEquipment:Electricity:Zone:LIVING_UNIT3_FRONTROW_TOPFLOOR,0.00,0.00,01-JAN-00:15,0.00,01-JAN-00:15
,electric_mels:InteriorEquipment:Electricity:Zone:LIVING_UNIT3_FRONTROW_TOPFLOOR,642.83,227.78,01-JAN-09:15,440.55,01-JAN-20:15
,IECC_adj:InteriorEquipment:Electricity:Zone:LIVING_UNIT3_FRONTROW_TOPFLOOR,42.65,15.11,01-JAN-09:15,29.23,01-JAN-20:15
,InteriorEquipment:Electricity:Zone:LIVING_UNIT1_BACKROW_TOPFLOOR,1202.37,332.73,02-JAN-04:15,854.93,01-JAN-18:15
,dishwasher:InteriorEquipment:Electricity:Zone:LIVING_UNIT1_BACKROW_TOPFLOOR,37.76,1.40,02-JAN-03:15,48.90,01-JAN-19:15
,refrigerator:InteriorEquipment:Electricity:Zone:LIVING_UNIT1_BACKROW_TOPFLOOR,164.88,66.60,01-JAN-04:15,91.06,01-JAN-18:15
,clotheswasher:InteriorEquipment:Electricity:Zone:LIVING_UNIT1_BACKROW_TOPFLOOR,19.25,0.75,02-JAN-02:15,21.19,01-JAN-09:15
,electric_dryer:InteriorEquipment:Electricity:Zone:LIVING_UNIT1_BACKROW_TOPFLOOR,170.91,3.54,02-JAN-03:15,177.60,01-JAN-11:15
,electric_range:InteriorEquipment:Electricity:Zone:LIVING_UNIT1_BACKROW_TOPFLOOR,124.09,4.87,01-JAN-02:15,206.73,01-JAN-17:15
,television:InteriorEquipment:Electricity:Zone:LIVING_UNIT1_BACKROW_TOPFLOOR,0.00,0.00,01-JAN-00:15,0.00,01-JAN-00:15
,electric_mels:InteriorEquipment:Electricity:Zone:LIVING_UNIT1_BACKROW_TOPFLOOR,642.83,227.78,01-JAN-09:15,440.55,01-JAN-20:15
,IECC_adj:InteriorEquipment:Electricity:Zone:LIVING_UNIT1_BACKROW_TOPFLOOR,42.65,15.11,01-JAN-09:15,29.23,01-JAN-20:15
,InteriorEquipment:Electricity:Zone:LIVING_UNIT2_BACKROW_TOPFLOOR,1202.37,332.73,02-JAN-04:15,854.93,01-JAN-18:15
,dishwasher:InteriorEquipment:Electricity:Zone:LIVING_UNIT2_BACKROW_TOPFLOOR,37.76,1.40,02-JAN-03:15,48.90,01-JAN-19:15
,refrigerator:InteriorEquipment:Electricity:Zone:LIVING_UNIT2_BACKROW_TOPFLOOR,164.88,66.60,01-JAN-04:15,91.06,01-JAN-18:15
,clotheswasher:InteriorEquipment:Electricity:Zone:LIVING_UNIT2_BACKROW_TOPFLOOR,19.25,0.75,02-JAN-02:15,21.19,01-JAN-09:15
,electric_dryer:InteriorEquipment:Electricity:Zone:LIVING_UNIT2_BACKROW_TOPFLOOR,170.91,3.54,02-JAN-03:15,177.60,01-JAN-11:15
,electric_range:InteriorEquipment:Electricity:Zone:LIVING_UNIT2_BACKROW_TOPFLOOR,124.09,4.87,01-JAN-02:15,206.73,01-JAN-17:15
,television:InteriorEquipment:Electricity:Zone:LIVING_UNIT2_BACKROW_TOPFLOOR,0.00,0.00,01-JAN-00:15,0.00,01-JAN-00:15
,electric_mels:InteriorEquipment:Electricity:Zone:LIVING_UNIT2_BACKROW_TOPFLOOR,642.83,227.78,01-JAN-09:15,440.55,01-JAN-20:15
,IECC_adj:InteriorEquipment:Electricity:Zone:LIVING_UNIT2_BACKROW_TOPFLOOR,42.65,15.11,01-JAN-09:15,29.23,01-JAN-20:15
,InteriorEquipment:Electricity:Zone:LIVING_UNIT3_BACKROW_TOPFLOOR,1202.37,332.73,02-JAN-04:15,854.93,01-JAN-18:15
,dishwasher:InteriorEquipment:Electricity:Zone:LIVING_UNIT3_BACKROW_TOPFLOOR,37.76,1.40,02-JAN-03:15,48.90,01-JAN-19:15
,refrigerator:InteriorEquipment:Electricity:Zone:LIVING_UNIT3_BACKROW_TOPFLOOR,164.88,66.60,01-JAN-04:15,91.06,01-JAN-18:15
,clotheswasher:InteriorEquipment:Electricity:Zone:LIVING_UNIT3_BACKROW_TOPFLOOR,19.25,0.75,02-JAN-02:15,21.19,01-JAN-09:15
,electric_dryer:InteriorEquipment:Electricity:Zone:LIVING_UNIT3_BACKROW_TOPFLOOR,170.91,3.54,02-JAN-03:15,177.60,01-JAN-11:15
,electric_range:InteriorEquipment:Electricity:Zone:LIVING_UNIT3_BACKROW_TOPFLOOR,124.09,4.87,01-JAN-02:15,206.73,01-JAN-17:15
,television:InteriorEquipment:Electricity:Zone:LIVING_UNIT3_BACKROW_TOPFLOOR,0.00,0.00,01-JAN-00:15,0.00,01-JAN-00:15
,electric_mels:InteriorEquipment:Electricity:Zone:LIVING_UNIT3_BACKROW_TOPFLOOR,642.83,227.78,01-JAN-09:15,440.55,01-JAN-20:15
,IECC_adj:InteriorEquipment:Electricity:Zone:LIVING_UNIT3_BACKROW_TOPFLOOR,42.65,15.11,01-JAN-09:15,29.23,01-JAN-20:15
,Electricity:HVAC,23862.59,0.00,29-MAR-01:15,36290.38,30-JAN-04:45
,Cooling:Electricity,15.07,0.00,01-JAN-00:15,1094.42,28-MAR-17:15
,General:Cooling:Electricity,15.07,0.00,01-JAN-00:15,1094.42,28-MAR-17:15
,Electricity:Plant,15999.59,149.40,10-JAN-03:30,39843.11,01-JAN-07:45
,WaterSystems:Electricity,15999.59,149.40,10-JAN-03:30,39843.11,01-JAN-07:45
,Fans:Electricity,493.66,0.00,29-MAR-01:15,744.22,30-JAN-04:45
,General:Fans:Electricity,493.66,0.00,29-MAR-01:15,744.22,30-JAN-04:45
,Ventilation:Fans:Electricity,0.00,0.00,01-JAN-00:15,0.00,01-JAN-00:15
,Fans:Electricity:Zone:LIVING_UNIT1_FRONTROW_BOTTOMFLOOR,0.00,0.00,01-JAN-00:15,0.00,01-JAN-00:15
,Ventilation (simple):Fans:Electricity,0.00,0.00,01-JAN-00:15,0.00,01-JAN-00:15
,Ventilation (simple):Fans:Electricity:Zone:LIVING_UNIT1_FRONTROW_BOTTOMFLOOR,0.00,0.00,01-JAN-00:15,0.00,01-JAN-00:15
,Fans:Electricity:Zone:LIVING_UNIT2_FRONTROW_BOTTOMFLOOR,0.00,0.00,01-JAN-00:15,0.00,01-JAN-00:15
,Ventilation (simple):Fans:Electricity:Zone:LIVING_UNIT2_FRONTROW_BOTTOMFLOOR,0.00,0.00,01-JAN-00:15,0.00,01-JAN-00:15
,Fans:Electricity:Zone:LIVING_UNIT3_FRONTROW_BOTTOMFLOOR,0.00,0.00,01-JAN-00:15,0.00,01-JAN-00:15
,Ventilation (simple):Fans:Electricity:Zone:LIVING_UNIT3_FRONTROW_BOTTOMFLOOR,0.00,0.00,01-JAN-00:15,0.00,01-JAN-00:15
,Fans:Electricity:Zone:LIVING_UNIT1_BACKROW_BOTTOMFLOOR,0.00,0.00,01-JAN-00:15,0.00,01-JAN-00:15
,Ventilation (simple):Fans:Electricity:Zone:LIVING_UNIT1_BACKROW_BOTTOMFLOOR,0.00,0.00,01-JAN-00:15,0.00,01-JAN-00:15
,Fans:Electricity:Zone:LIVING_UNIT2_BACKROW_BOTTOMFLOOR,0.00,0.00,01-JAN-00:15,0.00,01-JAN-00:15
,Ventilation (simple):Fans:Electricity:Zone:LIVING_UNIT2_BACKROW_BOTTOMFLOOR,0.00,0.00,01-JAN-00:15,0.00,01-JAN-00:15
,Fans:Electricity:Zone:LIVING_UNIT3_BACKROW_BOTTOMFLOOR,0.00,0.00,01-JAN-00:15,0.00,01-JAN-00:15
,Ventilation (simple):Fans:Electricity:Zone:LIVING_UNIT3_BACKROW_BOTTOMFLOOR,0.00,0.00,01-JAN-00:15,0.00,01-JAN-00:15
,Fans:Electricity:Zone:LIVING_UNIT1_FRONTROW_MIDDLEFLOOR,0.00,0.00,01-JAN-00:15,0.00,01-JAN-00:15
,Ventilation (simple):Fans:Electricity:Zone:LIVING_UNIT1_FRONTROW_MIDDLEFLOOR,0.00,0.00,01-JAN-00:15,0.00,01-JAN-00:15
,Fans:Electricity:Zone:LIVING_UNIT2_FRONTROW_MIDDLEFLOOR,0.00,0.00,01-JAN-00:15,0.00,01-JAN-00:15
,Ventilation (simple):Fans:Electricity:Zone:LIVING_UNIT2_FRONTROW_MIDDLEFLOOR,0.00,0.00,01-JAN-00:15,0.00,01-JAN-00:15
,Fans:Electricity:Zone:LIVING_UNIT3_FRONTROW_MIDDLEFLOOR,0.00,0.00,01-JAN-00:15,0.00,01-JAN-00:15
,Ventilation (simple):Fans:Electricity:Zone:LIVING_UNIT3_FRONTROW_MIDDLEFLOOR,0.00,0.00,01-JAN-00:15,0.00,01-JAN-00:15
,Fans:Electricity:Zone:LIVING_UNIT1_BACKROW_MIDDLEFLOOR,0.00,0.00,01-JAN-00:15,0.00,01-JAN-00:15
,Ventilation (simple):Fans:Electricity:Zone:LIVING_UNIT1_BACKROW_MIDDLEFLOOR,0.00,0.00,01-JAN-00:15,0.00,01-JAN-00:15
,Fans:Electricity:Zone:LIVING_UNIT2_BACKROW_MIDDLEFLOOR,0.00,0.00,01-JAN-00:15,0.00,01-JAN-00:15
,Ventilation (simple):Fans:Electricity:Zone:LIVING_UNIT2_BACKROW_MIDDLEFLOOR,0.00,0.00,01-JAN-00:15,0.00,01-JAN-00:15
,Fans:Electricity:Zone:LIVING_UNIT3_BACKROW_MIDDLEFLOOR,0.00,0.00,01-JAN-00:15,0.00,01-JAN-00:15
,Ventilation (simple):Fans:Electricity:Zone:LIVING_UNIT3_BACKROW_MIDDLEFLOOR,0.00,0.00,01-JAN-00:15,0.00,01-JAN-00:15
,Fans:Electricity:Zone:LIVING_UNIT1_FRONTROW_TOPFLOOR,0.00,0.00,01-JAN-00:15,0.00,01-JAN-00:15
,Ventilation (simple):Fans:Electricity:Zone:LIVING_UNIT1_FRONTROW_TOPFLOOR,0.00,0.00,01-JAN-00:15,0.00,01-JAN-00:15
,Fans:Electricity:Zone:LIVING_UNIT2_FRONTROW_TOPFLOOR,0.00,0.00,01-JAN-00:15,0.00,01-JAN-00:15
,Ventilation (simple):Fans:Electricity:Zone:LIVING_UNIT2_FRONTROW_TOPFLOOR,0.00,0.00,01-JAN-00:15,0.00,01-JAN-00:15
,Fans:Electricity:Zone:LIVING_UNIT3_FRONTROW_TOPFLOOR,0.00,0.00,01-JAN-00:15,0.00,01-JAN-00:15
,Ventilation (simple):Fans:Electricity:Zone:LIVING_UNIT3_FRONTROW_TOPFLOOR,0.00,0.00,01-JAN-00:15,0.00,01-JAN-00:15
,Fans:Electricity:Zone:LIVING_UNIT1_BACKROW_TOPFLOOR,0.00,0.00,01-JAN-00:15,0.00,01-JAN-00:15
,Ventilation (simple):Fans:Electricity:Zone:LIVING_UNIT1_BACKROW_TOPFLOOR,0.00,0.00,01-JAN-00:15,0.00,01-JAN-00:15
,Fans:Electricity:Zone:LIVING_UNIT2_BACKROW_TOPFLOOR,0.00,0.00,01-JAN-00:15,0.00,01-JAN-00:15
,Ventilation (simple):Fans:Electricity:Zone:LIVING_UNIT2_BACKROW_TOPFLOOR,0.00,0.00,01-JAN-00:15,0.00,01-JAN-00:15
,Fans:Electricity:Zone:LIVING_UNIT3_BACKROW_TOPFLOOR,0.00,0.00,01-JAN-00:15,0.00,01-JAN-00:15
,Ventilation (simple):Fans:Electricity:Zone:LIVING_UNIT3_BACKROW_TOPFLOOR,0.00,0.00,01-JAN-00:15,0.00,01-JAN-00:15
,ElectricityPurchased:Facility,65658.52,7817.05,29-MAR-03:30,65947.39,29-JAN-07:30
,ElectricityPurchased:Plant,65658.52,7817.05,29-MAR-03:30,65947.39,29-JAN-07:30
,Cogeneration:ElectricityPurchased,65658.52,7817.05,29-MAR-03:30,65947.39,29-JAN-07:30
,General:Cogeneration:ElectricityPurchased,65658.52,7817.05,29-MAR-03:30,65947.39,29-JAN-07:30
,ElectricitySurplusSold:Facility,0.00,0.00,01-JAN-00:15,0.00,01-JAN-00:15
,ElectricitySurplusSold:Plant,0.00,0.00,01-JAN-00:15,0.00,01-JAN-00:15
,Cogeneration:ElectricitySurplusSold,0.00,0.00,01-JAN-00:15,0.00,01-JAN-00:15
,General:Cogeneration:ElectricitySurplusSold,0.00,0.00,01-JAN-00:15,0.00,01-JAN-00:15
,ElectricityNet:Facility,65658.52,7817.05,29-MAR-03:30,65947.39,29-JAN-07:30
,ElectricityNet:Plant,65658.52,7817.05,29-MAR-03:30,65947.39,29-JAN-07:30
,Cogeneration:ElectricityNet,65658.52,7817.05,29-MAR-03:30,65947.39,29-JAN-07:30
,General:Cogeneration:ElectricityNet,65658.52,7817.05,29-MAR-03:30,65947.39,29-JAN-07:30
,HeatRecovery:Electricity,0.00,0.00,01-JAN-00:15,0.00,01-JAN-00:15
,General:HeatRecovery:Electricity,0.00,0.00,01-JAN-00:15,0.00,01-JAN-00:15
,ExteriorLights:Electricity,1358.31,0.00,01-JAN-06:15,1257.69,01-JAN-00:15
,Exterior-Lights:ExteriorLights:Electricity,1358.31,0.00,01-JAN-06:15,1257.69,01-JAN-00:15
,Garage-Lights:ExteriorLights:Electricity,0.00,0.00,01-JAN-00:15,0.00,01-JAN-00:15
,Heating:Electricity,23353.86,0.00,17-MAR-17:00,35546.16,30-JAN-04:45
,General:Heating:Electricity,23353.86,0.00,17-MAR-17:00,35546.16,30-JAN-04:45
,Water Heater:WaterSystems:Electricity,15999.59,149.40,10-JAN-03:30,39843.11,01-JAN-07:45
,Water Heater Parasitic:WaterSystems:Electricity,0.00,0.00,01-JAN-00:15,0.00,01-JAN-00:15
,Pumps:Electricity,0.00,0.00,01-JAN-00:15,0.00,01-JAN-00:15
,General:Pumps:Electricity,0.00,0.00,01-JAN-00:15,0.00,01-JAN-00:15
,METER_HEATING_COIL_UNIT1_FRONTROW_BOTTOMFLOOR,1129.27,0.00,01-JAN-00:15,3608.88,17-JAN-08:45
,METER_HEATING_COIL_UNIT2_FRONTROW_BOTTOMFLOOR,870.59,0.00,01-JAN-00:15,3978.47,25-JAN-07:15
,METER_HEATING_COIL_UNIT3_FRONTROW_BOTTOMFLOOR,1738.67,0.00,03-JAN-10:00,3790.48,11-JAN-05:15
,METER_HEATING_COIL_UNIT1_BACKROW_BOTTOMFLOOR,2085.36,0.00,01-JAN-00:15,3793.21,08-JAN-03:15
,METER_HEATING_COIL_UNIT2_BACKROW_BOTTOMFLOOR,1735.17,0.00,04-JAN-06:30,3036.99,22-JAN-04:45
,METER_HEATING_COIL_UNIT3_BACKROW_BOTTOMFLOOR,1524.45,0.00,01-JAN-00:15,3717.75,29-JAN-11:45
,METER_HEATING_COIL_UNIT1_FRONTROW_MIDDLEFLOOR,574.62,0.00,01-JAN-00:15,3004.36,05-JAN-09:15
,METER_HEATING_COIL_UNIT2_FRONTROW_MIDDLEFLOOR,446.82,0.00,01-JAN-00:15,2254.27,25-JAN-09:15
,METER_HEATING_COIL_UNIT3_FRONTROW_MIDDLEFLOOR,1245.68,0.00,01-JAN-21:45,2999.60,07-JAN-03:15
,METER_HEATING_COIL_UNIT1_BACKROW_MIDDLEFLOOR,544.04,0.00,01-JAN-00:15,3003.56,25-JAN-03:45
,METER_HEATING_COIL_UNIT2_BACKROW_MIDDLEFLOOR,326.10,0.00,01-JAN-00:15,2051.90,16-FEB-11:30
,METER_HEATING_COIL_UNIT3_BACKROW_MIDDLEFLOOR,1895.25,0.00,01-JAN-09:00,2997.46,24-FEB-08:00
,METER_HEATING_COIL_UNIT1_FRONTROW_TOPFLOOR,2010.30,0.00,02-JAN-13:30,3844.34,09-JAN-02:15
,METER_HEATING_COIL_UNIT2_FRONTROW_TOPFLOOR,566.89,0.00,01-JAN-00:15,2889.34,17-FEB-06:45
,METER_HEATING_COIL_UNIT3_FRONTROW_TOPFLOOR,1191.76,0.00,01-JAN-00:15,3150.34,09-MAR-02:30
,METER_HEATING_COIL_UNIT1_BACKROW_TOPFLOOR,2064.19,0.00,01-JAN-00:15,3842.34,11-JAN-07:30
,METER_HEATING_COIL_UNIT2_BACKROW_TOPFLOOR,1891.67,0.00,02-JAN-19:15,3088.57,14-JAN-04:15
,METER_HEATING_COIL_UNIT3_BACKROW_TOPFLOOR,1513.04,0.00,01-JAN-00:15,3835.56,07-JAN-01:45


Annual and Peak Values - Natural Gas

,,Natural Gas Annual Value [therm],Natural Gas Minimum Value [Btu/h],Timestamp of Minimum {TIMESTAMP},Natural Gas Maximum Value [Btu/h],Timestamp of Maximum {TIMESTAMP}
,None,,,,,


Annual and Peak Values - Cooling

,,Cooling Annual Value [ton-hrs],Cooling Minimum Value [ton],Timestamp of Minimum {TIMESTAMP},Cooling Maximum Value [ton],Timestamp of Maximum {TIMESTAMP}
,None,,,,,


Annual and Peak Values - Water

,,Annual Value [ft3],Minimum Value [ft3/min],Timestamp of Minimum {TIMESTAMP},Maximum Value [ft3/min],Timestamp of Maximum {TIMESTAMP}
,Water:Facility,10899.82,0.01,09-JAN-02:15,0.16,01-JAN-08:15
,Water:Plant,10899.82,0.01,09-JAN-02:15,0.16,01-JAN-08:15
,WaterSystems:Water,10899.82,0.01,09-JAN-02:15,0.16,01-JAN-08:15
,Domestic Hot Water:WaterSystems:Water,10899.82,0.01,09-JAN-02:15,0.16,01-JAN-08:15
,MainsWater:Facility,10899.82,0.01,09-JAN-02:15,0.16,01-JAN-08:15
,MainsWater:Plant,10899.82,0.01,09-JAN-02:15,0.16,01-JAN-08:15
,WaterSystems:MainsWater,10899.82,0.01,09-JAN-02:15,0.16,01-JAN-08:15
,Domestic Hot Water:WaterSystems:MainsWater,10899.82,0.01,09-JAN-02:15,0.16,01-JAN-08:15
,Water Heater:WaterSystems:Water,0.00,0.00,01-JAN-00:15,0.00,01-JAN-00:15
,Water Heater:WaterSystems:MainsWater,0.00,0.00,01-JAN-00:15,0.00,01-JAN-00:15


Annual and Peak Values - Other by Weight/Mass

,,Annual Value [lb],Minimum Value [lb/s],Timestamp of Minimum {TIMESTAMP},Maximum Value [lb/s],Timestamp of Maximum {TIMESTAMP}
,Carbon Equivalent:Facility,0.00,0.000,01-JAN-00:15,0.000,01-JAN-00:15
,CarbonEquivalentEmissions:Carbon Equivalent,0.00,0.000,01-JAN-00:15,0.000,01-JAN-00:15


Annual and Peak Values - Other Volumetric

,,Annual Value [ft3],Minimum Value [ft3/min],Timestamp of Minimum {TIMESTAMP},Maximum Value [ft3/min],Timestamp of Maximum {TIMESTAMP}
,None,,,,,


Annual and Peak Values - Other Liquid/Gas

,,Annual Value [gal],Minimum Value [gal],Timestamp of Minimum {TIMESTAMP},Maximum Value [gal],Timestamp of Maximum {TIMESTAMP}
,None,,,,,


Annual and Peak Values - Other

,,Annual Value [kBtu],Minimum Value [Btu/h],Timestamp of Minimum {TIMESTAMP},Maximum Value [Btu/h],Timestamp of Maximum {TIMESTAMP}
,EnergyTransfer:Facility,210694.15,2126.78,29-MAR-02:15,283941.02,30-JAN-07:15
,EnergyTransfer:HVAC,80042.01,0.00,29-MAR-01:15,121283.50,30-JAN-04:45
,CoolingCoils:EnergyTransfer,302.18,0.00,01-JAN-00:15,20868.45,28-MAR-17:15
,EnergyTransfer:Building,81654.11,0.00,29-MAR-01:15,123821.88,30-JAN-04:45
,EnergyTransfer:Zone:CRAWLSPACE,0.00,0.00,01-JAN-00:15,0.00,01-JAN-00:15
,Heating:EnergyTransfer,81393.97,0.00,17-MAR-17:00,123821.88,30-JAN-04:45
,Heating:EnergyTransfer:Zone:CRAWLSPACE,0.00,0.00,01-JAN-00:15,0.00,01-JAN-00:15
,General:Heating:EnergyTransfer,81393.97,0.00,17-MAR-17:00,123821.88,30-JAN-04:45
,General:Heating:EnergyTransfer:Zone:CRAWLSPACE,0.00,0.00,01-JAN-00:15,0.00,01-JAN-00:15
,Cooling:EnergyTransfer,260.14,0.00,01-JAN-00:15,18852.21,28-MAR-17:15
,Cooling:EnergyTransfer:Zone:CRAWLSPACE,0.00,0.00,01-JAN-00:15,0.00,01-JAN-00:15
,General:Cooling:EnergyTransfer,260.14,0.00,01-JAN-00:15,18852.21,28-MAR-17:15
,General:Cooling:EnergyTransfer:Zone:CRAWLSPACE,0.00,0.00,01-JAN-00:15,0.00,01-JAN-00:15
,EnergyTransfer:Zone:BREEZEWAY,0.00,0.00,01-JAN-00:15,0.00,01-JAN-00:15
,Heating:EnergyTransfer:Zone:BREEZEWAY,0.00,0.00,01-JAN-00:15,0.00,01-JAN-00:15
,General:Heating:EnergyTransfer:Zone:BREEZEWAY,0.00,0.00,01-JAN-00:15,0.00,01-JAN-00:15
,Cooling:EnergyTransfer:Zone:BREEZEWAY,0.00,0.00,01-JAN-00:15,0.00,01-JAN-00:15
,General:Cooling:EnergyTransfer:Zone:BREEZEWAY,0.00,0.00,01-JAN-00:15,0.00,01-JAN-00:15
,EnergyTransfer:Zone:LIVING_UNIT1_FRONTROW_BOTTOMFLOOR,3994.14,0.00,01-JAN-00:15,12424.64,17-JAN-08:45
,Heating:EnergyTransfer:Zone:LIVING_UNIT1_FRONTROW_BOTTOMFLOOR,3940.85,0.00,01-JAN-00:15,12424.64,17-JAN-08:45
,General:Heating:EnergyTransfer:Zone:LIVING_UNIT1_FRONTROW_BOTTOMFLOOR,3940.85,0.00,01-JAN-00:15,12424.64,17-JAN-08:45
,Cooling:EnergyTransfer:Zone:LIVING_UNIT1_FRONTROW_BOTTOMFLOOR,53.30,0.00,01-JAN-00:15,4327.54,28-MAR-16:30
,General:Cooling:EnergyTransfer:Zone:LIVING_UNIT1_FRONTROW_BOTTOMFLOOR,53.30,0.00,01-JAN-00:15,4327.54,28-MAR-16:30
,EnergyTransfer:Zone:LIVING_UNIT2_FRONTROW_BOTTOMFLOOR,3022.56,0.00,01-JAN-00:15,13662.20,25-JAN-07:15
,Heating:EnergyTransfer:Zone:LIVING_UNIT2_FRONTROW_BOTTOMFLOOR,3017.32,0.00,01-JAN-00:15,13662.20,25-JAN-07:15
,General:Heating:EnergyTransfer:Zone:LIVING_UNIT2_FRONTROW_BOTTOMFLOOR,3017.32,0.00,01-JAN-00:15,13662.20,25-JAN-07:15
,Cooling:EnergyTransfer:Zone:LIVING_UNIT2_FRONTROW_BOTTOMFLOOR,5.24,0.00,01-JAN-00:15,826.25,28-MAR-17:15
,General:Cooling:EnergyTransfer:Zone:LIVING_UNIT2_FRONTROW_BOTTOMFLOOR,5.24,0.00,01-JAN-00:15,826.25,28-MAR-17:15
,EnergyTransfer:Zone:LIVING_UNIT3_FRONTROW_BOTTOMFLOOR,6078.32,0.00,03-JAN-10:00,13141.12,11-JAN-05:30
,Heating:EnergyTransfer:Zone:LIVING_UNIT3_FRONTROW_BOTTOMFLOOR,6067.35,0.00,03-JAN-10:00,13141.12,11-JAN-05:30
,General:Heating:EnergyTransfer:Zone:LIVING_UNIT3_FRONTROW_BOTTOMFLOOR,6067.35,0.00,03-JAN-10:00,13141.12,11-JAN-05:30
,Cooling:EnergyTransfer:Zone:LIVING_UNIT3_FRONTROW_BOTTOMFLOOR,10.98,0.00,01-JAN-00:15,1524.87,28-MAR-14:30
,General:Cooling:EnergyTransfer:Zone:LIVING_UNIT3_FRONTROW_BOTTOMFLOOR,10.98,0.00,01-JAN-00:15,1524.87,28-MAR-14:30
,EnergyTransfer:Zone:LIVING_UNIT1_BACKROW_BOTTOMFLOOR,7278.39,0.00,01-JAN-00:15,13166.98,08-JAN-03:30
,Heating:EnergyTransfer:Zone:LIVING_UNIT1_BACKROW_BOTTOMFLOOR,7277.35,0.00,01-JAN-00:15,13166.98,08-JAN-03:30
,General:Heating:EnergyTransfer:Zone:LIVING_UNIT1_BACKROW_BOTTOMFLOOR,7277.35,0.00,01-JAN-00:15,13166.98,08-JAN-03:30
,Cooling:EnergyTransfer:Zone:LIVING_UNIT1_BACKROW_BOTTOMFLOOR,1.04,0.00,01-JAN-00:15,887.45,28-MAR-17:15
,General:Cooling:EnergyTransfer:Zone:LIVING_UNIT1_BACKROW_BOTTOMFLOOR,1.04,0.00,01-JAN-00:15,887.45,28-MAR-17:15
,EnergyTransfer:Zone:LIVING_UNIT2_BACKROW_BOTTOMFLOOR,6041.24,0.00,04-JAN-06:30,10537.47,06-MAR-09:45
,Heating:EnergyTransfer:Zone:LIVING_UNIT2_BACKROW_BOTTOMFLOOR,6041.24,0.00,04-JAN-06:30,10537.47,06-MAR-09:45
,General:Heating:EnergyTransfer:Zone:LIVING_UNIT2_BACKROW_BOTTOMFLOOR,6041.24,0.00,04-JAN-06:30,10537.47,06-MAR-09:45
,Cooling:EnergyTransfer:Zone:LIVING_UNIT2_BACKROW_BOTTOMFLOOR,0.00,0.00,01-JAN-00:15,0.00,01-JAN-00:15
,General:Cooling:EnergyTransfer:Zone:LIVING_UNIT2_BACKROW_BOTTOMFLOOR,0.00,0.00,01-JAN-00:15,0.00,01-JAN-00:15
,EnergyTransfer:Zone:LIVING_UNIT3_BACKROW_BOTTOMFLOOR,5319.88,0.00,01-JAN-00:15,12876.59,29-JAN-11:45
,Heating:EnergyTransfer:Zone:LIVING_UNIT3_BACKROW_BOTTOMFLOOR,5319.88,0.00,01-JAN-00:15,12876.59,29-JAN-11:45
,General:Heating:EnergyTransfer:Zone:LIVING_UNIT3_BACKROW_BOTTOMFLOOR,5319.88,0.00,01-JAN-00:15,12876.59,29-JAN-11:45
,Cooling:EnergyTransfer:Zone:LIVING_UNIT3_BACKROW_BOTTOMFLOOR,0.00,0.00,01-JAN-00:15,0.00,01-JAN-00:15
,General:Cooling:EnergyTransfer:Zone:LIVING_UNIT3_BACKROW_BOTTOMFLOOR,0.00,0.00,01-JAN-00:15,0.00,01-JAN-00:15
,EnergyTransfer:Zone:LIVING_UNIT1_FRONTROW_MIDDLEFLOOR,2086.54,0.00,01-JAN-00:15,10396.22,05-JAN-09:30
,Heating:EnergyTransfer:Zone:LIVING_UNIT1_FRONTROW_MIDDLEFLOOR,2000.20,0.00,01-JAN-00:15,10396.22,05-JAN-09:30
,General:Heating:EnergyTransfer:Zone:LIVING_UNIT1_FRONTROW_MIDDLEFLOOR,2000.20,0.00,01-JAN-00:15,10396.22,05-JAN-09:30
,Cooling:EnergyTransfer:Zone:LIVING_UNIT1_FRONTROW_MIDDLEFLOOR,86.34,0.00,01-JAN-00:15,3385.46,27-MAR-17:30
,General:Cooling:EnergyTransfer:Zone:LIVING_UNIT1_FRONTROW_MIDDLEFLOOR,86.34,0.00,01-JAN-00:15,3385.46,27-MAR-17:30
,EnergyTransfer:Zone:LIVING_UNIT2_FRONTROW_MIDDLEFLOOR,1577.27,0.00,01-JAN-00:15,7776.90,25-JAN-09:15
,Heating:EnergyTransfer:Zone:LIVING_UNIT2_FRONTROW_MIDDLEFLOOR,1549.38,0.00,01-JAN-00:15,7776.90,25-JAN-09:15
,General:Heating:EnergyTransfer:Zone:LIVING_UNIT2_FRONTROW_MIDDLEFLOOR,1549.38,0.00,01-JAN-00:15,7776.90,25-JAN-09:15
,Cooling:EnergyTransfer:Zone:LIVING_UNIT2_FRONTROW_MIDDLEFLOOR,27.89,0.00,01-JAN-00:15,1626.77,28-MAR-18:15
,General:Cooling:EnergyTransfer:Zone:LIVING_UNIT2_FRONTROW_MIDDLEFLOOR,27.89,0.00,01-JAN-00:15,1626.77,28-MAR-18:15
,EnergyTransfer:Zone:LIVING_UNIT3_FRONTROW_MIDDLEFLOOR,4368.45,0.00,01-JAN-21:45,10418.96,07-JAN-03:45
,Heating:EnergyTransfer:Zone:LIVING_UNIT3_FRONTROW_MIDDLEFLOOR,4336.33,0.00,01-JAN-21:45,10418.96,07-JAN-03:45
,General:Heating:EnergyTransfer:Zone:LIVING_UNIT3_FRONTROW_MIDDLEFLOOR,4336.33,0.00,01-JAN-21:45,10418.96,07-JAN-03:45
,Cooling:EnergyTransfer:Zone:LIVING_UNIT3_FRONTROW_MIDDLEFLOOR,32.12,0.00,01-JAN-00:15,2364.39,28-MAR-14:30
,General:Cooling:EnergyTransfer:Zone:LIVING_UNIT3_FRONTROW_MIDDLEFLOOR,32.12,0.00,01-JAN-00:15,2364.39,28-MAR-14:30
,EnergyTransfer:Zone:LIVING_UNIT1_BACKROW_MIDDLEFLOOR,1894.34,0.00,01-JAN-00:15,10394.74,25-JAN-04:00
,Heating:EnergyTransfer:Zone:LIVING_UNIT1_BACKROW_MIDDLEFLOOR,1893.70,0.00,01-JAN-00:15,10394.74,25-JAN-04:00
,General:Heating:EnergyTransfer:Zone:LIVING_UNIT1_BACKROW_MIDDLEFLOOR,1893.70,0.00,01-JAN-00:15,10394.74,25-JAN-04:00
,Cooling:EnergyTransfer:Zone:LIVING_UNIT1_BACKROW_MIDDLEFLOOR,0.65,0.00,01-JAN-00:15,633.92,28-MAR-17:30
,General:Cooling:EnergyTransfer:Zone:LIVING_UNIT1_BACKROW_MIDDLEFLOOR,0.65,0.00,01-JAN-00:15,633.92,28-MAR-17:30
,EnergyTransfer:Zone:LIVING_UNIT2_BACKROW_MIDDLEFLOOR,1130.72,0.00,01-JAN-00:15,7046.84,16-FEB-11:30
,Heating:EnergyTransfer:Zone:LIVING_UNIT2_BACKROW_MIDDLEFLOOR,1130.72,0.00,01-JAN-00:15,7046.84,16-FEB-11:30
,General:Heating:EnergyTransfer:Zone:LIVING_UNIT2_BACKROW_MIDDLEFLOOR,1130.72,0.00,01-JAN-00:15,7046.84,16-FEB-11:30
,Cooling:EnergyTransfer:Zone:LIVING_UNIT2_BACKROW_MIDDLEFLOOR,0.00,0.00,01-JAN-00:15,0.00,01-JAN-00:15
,General:Cooling:EnergyTransfer:Zone:LIVING_UNIT2_BACKROW_MIDDLEFLOOR,0.00,0.00,01-JAN-00:15,0.00,01-JAN-00:15
,EnergyTransfer:Zone:LIVING_UNIT3_BACKROW_MIDDLEFLOOR,6597.82,0.00,01-JAN-09:00,10407.70,10-MAR-03:30
,Heating:EnergyTransfer:Zone:LIVING_UNIT3_BACKROW_MIDDLEFLOOR,6597.82,0.00,01-JAN-09:00,10407.70,10-MAR-03:30
,General:Heating:EnergyTransfer:Zone:LIVING_UNIT3_BACKROW_MIDDLEFLOOR,6597.82,0.00,01-JAN-09:00,10407.70,10-MAR-03:30
,Cooling:EnergyTransfer:Zone:LIVING_UNIT3_BACKROW_MIDDLEFLOOR,0.00,0.00,01-JAN-00:15,0.00,01-JAN-00:15
,General:Cooling:EnergyTransfer:Zone:LIVING_UNIT3_BACKROW_MIDDLEFLOOR,0.00,0.00,01-JAN-00:15,0.00,01-JAN-00:15
,EnergyTransfer:Zone:ATTIC,0.00,0.00,01-JAN-00:15,0.00,01-JAN-00:15
,Heating:EnergyTransfer:Zone:ATTIC,0.00,0.00,01-JAN-00:15,0.00,01-JAN-00:15
,General:Heating:EnergyTransfer:Zone:ATTIC,0.00,0.00,01-JAN-00:15,0.00,01-JAN-00:15
,Cooling:EnergyTransfer:Zone:ATTIC,0.00,0.00,01-JAN-00:15,0.00,01-JAN-00:15
,General:Cooling:EnergyTransfer:Zone:ATTIC,0.00,0.00,01-JAN-00:15,0.00,01-JAN-00:15
,EnergyTransfer:Zone:LIVING_UNIT3_BACKROW_TOPFLOOR,5280.48,0.00,01-JAN-00:15,13302.92,07-JAN-01:45
,Heating:EnergyTransfer:Zone:LIVING_UNIT3_BACKROW_TOPFLOOR,5280.48,0.00,01-JAN-00:15,13302.92,07-JAN-01:45
,General:Heating:EnergyTransfer:Zone:LIVING_UNIT3_BACKROW_TOPFLOOR,5280.48,0.00,01-JAN-00:15,13302.92,07-JAN-01:45
,Cooling:EnergyTransfer:Zone:LIVING_UNIT3_BACKROW_TOPFLOOR,0.00,0.00,01-JAN-00:15,0.00,01-JAN-00:15
,General:Cooling:EnergyTransfer:Zone:LIVING_UNIT3_BACKROW_TOPFLOOR,0.00,0.00,01-JAN-00:15,0.00,01-JAN-00:15
,EnergyTransfer:Zone:LIVING_UNIT3_FRONTROW_TOPFLOOR,4163.48,0.00,01-JAN-00:15,10906.17,09-MAR-02:30
,Heating:EnergyTransfer:Zone:LIVING_UNIT3_FRONTROW_TOPFLOOR,4159.21,0.00,01-JAN-00:15,10906.17,09-MAR-02:30
,General:Heating:EnergyTransfer:Zone:LIVING_UNIT3_FRONTROW_TOPFLOOR,4159.21,0.00,01-JAN-00:15,10906.17,09-MAR-02:30
,Cooling:EnergyTransfer:Zone:LIVING_UNIT3_FRONTROW_TOPFLOOR,4.26,0.00,01-JAN-00:15,1016.52,28-MAR-15:00
,General:Cooling:EnergyTransfer:Zone:LIVING_UNIT3_FRONTROW_TOPFLOOR,4.26,0.00,01-JAN-00:15,1016.52,28-MAR-15:00
,EnergyTransfer:Zone:LIVING_UNIT1_FRONTROW_TOPFLOOR,7051.27,0.00,02-JAN-13:30,13340.43,09-JAN-02:00
,Heating:EnergyTransfer:Zone:LIVING_UNIT1_FRONTROW_TOPFLOOR,7016.22,0.00,02-JAN-13:30,13340.43,09-JAN-02:00
,General:Heating:EnergyTransfer:Zone:LIVING_UNIT1_FRONTROW_TOPFLOOR,7016.22,0.00,02-JAN-13:30,13340.43,09-JAN-02:00
,Cooling:EnergyTransfer:Zone:LIVING_UNIT1_FRONTROW_TOPFLOOR,35.05,0.00,01-JAN-00:15,3654.93,28-MAR-17:15
,General:Cooling:EnergyTransfer:Zone:LIVING_UNIT1_FRONTROW_TOPFLOOR,35.05,0.00,01-JAN-00:15,3654.93,28-MAR-17:15
,EnergyTransfer:Zone:LIVING_UNIT2_BACKROW_TOPFLOOR,6587.50,0.00,02-JAN-19:15,10737.95,24-JAN-05:45
,Heating:EnergyTransfer:Zone:LIVING_UNIT2_BACKROW_TOPFLOOR,6587.50,0.00,02-JAN-19:15,10737.95,24-JAN-05:45
,General:Heating:EnergyTransfer:Zone:LIVING_UNIT2_BACKROW_TOPFLOOR,6587.50,0.00,02-JAN-19:15,10737.95,24-JAN-05:45
,Cooling:EnergyTransfer:Zone:LIVING_UNIT2_BACKROW_TOPFLOOR,0.00,0.00,01-JAN-00:15,0.00,01-JAN-00:15
,General:Cooling:EnergyTransfer:Zone:LIVING_UNIT2_BACKROW_TOPFLOOR,0.00,0.00,01-JAN-00:15,0.00,01-JAN-00:15
,EnergyTransfer:Zone:LIVING_UNIT2_FRONTROW_TOPFLOOR,1977.32,0.00,01-JAN-00:15,9986.51,17-FEB-06:45
,Heating:EnergyTransfer:Zone:LIVING_UNIT2_FRONTROW_TOPFLOOR,1974.03,0.00,01-JAN-00:15,9986.51,17-FEB-06:45
,General:Heating:EnergyTransfer:Zone:LIVING_UNIT2_FRONTROW_TOPFLOOR,1974.03,0.00,01-JAN-00:15,9986.51,17-FEB-06:45
,Cooling:EnergyTransfer:Zone:LIVING_UNIT2_FRONTROW_TOPFLOOR,3.29,0.00,01-JAN-00:15,738.46,28-MAR-19:00
,General:Cooling:EnergyTransfer:Zone:LIVING_UNIT2_FRONTROW_TOPFLOOR,3.29,0.00,01-JAN-00:15,738.46,28-MAR-19:00
,EnergyTransfer:Zone:LIVING_UNIT1_BACKROW_TOPFLOOR,7204.38,0.00,01-JAN-00:15,13335.02,17-FEB-12:45
,Heating:EnergyTransfer:Zone:LIVING_UNIT1_BACKROW_TOPFLOOR,7204.38,0.00,01-JAN-00:15,13335.02,17-FEB-12:45
,General:Heating:EnergyTransfer:Zone:LIVING_UNIT1_BACKROW_TOPFLOOR,7204.38,0.00,01-JAN-00:15,13335.02,17-FEB-12:45
,Cooling:EnergyTransfer:Zone:LIVING_UNIT1_BACKROW_TOPFLOOR,0.00,0.00,01-JAN-00:15,0.00,01-JAN-00:15
,General:Cooling:EnergyTransfer:Zone:LIVING_UNIT1_BACKROW_TOPFLOOR,0.00,0.00,01-JAN-00:15,0.00,01-JAN-00:15
,PlantLoopHeatingDemand:Facility,48998.03,2041.94,02-JAN-02:15,43848.51,26-FEB-08:45
,PlantLoopHeatingDemand:Plant,48998.03,2041.94,02-JAN-02:15,43848.51,26-FEB-08:45
,WaterSystems:PlantLoopHeatingDemand,48998.03,2041.94,02-JAN-02:15,43848.51,26-FEB-08:45
,General:WaterSystems:PlantLoopHeatingDemand,48998.03,2041.94,02-JAN-02:15,43848.51,26-FEB-08:45
,HeatRecoveryForHeating:EnergyTransfer,0.00,0.00,01-JAN-00:15,0.00,01-JAN-00:15
,HeatRecoveryForCooling:EnergyTransfer,0.00,0.00,01-JAN-00:15,0.00,01-JAN-00:15
,HeatingCoils:EnergyTransfer,79739.83,0.00,17-MAR-17:00,121283.50,30-JAN-04:45
,EnergyTransfer:Plant,48998.03,2041.94,02-JAN-02:15,43848.51,26-FEB-08:45
,WaterSystems:EnergyTransfer,48998.03,2041.94,02-JAN-02:15,43848.51,26-FEB-08:45
,Domestic Hot Water:WaterSystems:EnergyTransfer,48998.03,2041.94,02-JAN-02:15,43848.51,26-FEB-08:45
,Water Heater:WaterSystems:PlantLoopHeatingDemand,0.00,0.00,01-JAN-00:15,0.00,01-JAN-00:15


----------------------------------------------------------------------------------------------------
REPORT:,Sensible Heat Gain Summary
FOR:,Entire Facility
Annual Building Sensible Heat Gain Components

,,HVAC Zone Eq & Other Sensible Air Heating [kBtu],HVAC Zone Eq & Other Sensible Air Cooling [ton-hrs],HVAC Terminal Unit Sensible Air Heating [kBtu],HVAC Terminal Unit Sensible Air Cooling [ton-hrs],HVAC Input Heated Surface Heating [kBtu],HVAC Input Cooled Surface Cooling [ton-hrs],People Sensible Heat Addition [kBtu],Lights Sensible Heat Addition [kBtu],Equipment Sensible Heat Addition [kBtu],Window Heat Addition [kBtu],Interzone Air Transfer Heat Addition [kBtu],Infiltration Heat Addition [kBtu],Opaque Surface Conduction and Other Heat Addition [kBtu],Equipment Sensible Heat Removal [kBtu],Window Heat Removal [kBtu],Interzone Air Transfer Heat Removal [kBtu],Infiltration Heat Removal [kBtu],Opaque Surface Conduction and Other Heat Removal [kBtu]
,LIVING_UNIT1_FRONTROW_BOTTOMFLOOR,0.000,0.000,3940.823,-4.44,0.000,0.000,870.703,530.255,2564.377,2109.988,0.000,0.000,0.013,0.000,-2631.87,0.000,-3125.07,-4205.91
,LIVING_UNIT2_FRONTROW_BOTTOMFLOOR,0.000,0.000,3017.313,-0.44,0.000,0.000,833.568,530.255,2564.377,1378.825,0.000,0.000,0.052,0.000,-1087.71,0.000,-2873.91,-4357.48
,LIVING_UNIT3_FRONTROW_BOTTOMFLOOR,0.000,0.000,6067.344,-0.91,0.000,0.000,801.734,530.255,2564.377,1705.951,0.000,0.000,0.088,0.000,-2774.60,0.000,-3415.92,-5468.17
,LIVING_UNIT1_BACKROW_BOTTOMFLOOR,0.000,0.000,7277.322,-0.09,0.000,0.000,841.530,530.255,2564.377,797.192,0.000,0.000,0.056,0.000,-2932.92,0.000,-3254.48,-5822.23
,LIVING_UNIT2_BACKROW_BOTTOMFLOOR,0.000,0.000,6041.222,0.000,0.000,0.000,817.613,530.255,2564.377,28.887,0.000,0.000,0.029,0.000,-1314.73,0.000,-2948.45,-5719.18
,LIVING_UNIT3_BACKROW_BOTTOMFLOOR,0.000,0.000,5319.867,0.000,0.000,0.000,882.661,530.255,2564.377,467.116,0.000,0.000,0.157,0.000,-2801.71,0.000,-3100.93,-3861.64
,LIVING_UNIT1_FRONTROW_MIDDLEFLOOR,0.000,0.000,2000.193,-7.19,0.000,0.000,841.382,530.255,2564.377,2058.830,0.000,0.000,0.222,0.000,-2759.44,0.000,-1419.92,-3729.34
,LIVING_UNIT2_FRONTROW_MIDDLEFLOOR,0.000,0.000,1549.380,-2.32,0.000,0.000,805.951,530.255,2564.377,1359.414,0.000,0.000,0.000,0.000,-1127.54,0.000,-1075.53,-4578.42
,LIVING_UNIT3_FRONTROW_MIDDLEFLOOR,0.000,0.000,4336.341,-2.67,0.000,0.000,786.386,530.255,2564.377,1675.679,0.000,0.000,0.005,0.000,-2845.68,0.000,-1521.31,-5493.93
,LIVING_UNIT1_BACKROW_MIDDLEFLOOR,0.000,0.000,1893.684,-0.05,0.000,0.000,890.683,530.255,2564.377,804.907,0.000,0.000,0.193,0.000,-2861.90,0.000,-1326.52,-2494.83
,LIVING_UNIT2_BACKROW_MIDDLEFLOOR,0.000,0.000,1130.703,0.000,0.000,0.000,850.425,530.255,2564.377,27.331,0.000,0.000,0.000,0.000,-1306.31,0.000,-1018.42,-2778.36
,LIVING_UNIT3_BACKROW_MIDDLEFLOOR,0.000,0.000,6597.822,0.000,0.000,0.000,800.856,530.255,2564.377,424.748,0.000,0.000,0.035,0.000,-3046.42,0.000,-1496.11,-6375.53
,LIVING_UNIT3_BACKROW_TOPFLOOR,0.000,0.000,5280.459,0.000,0.000,0.000,883.142,530.255,2564.377,455.940,0.000,0.000,0.146,0.000,-2839.41,0.000,-3089.88,-3784.88
,LIVING_UNIT3_FRONTROW_TOPFLOOR,0.000,0.000,4159.200,-0.36,0.000,0.000,870.635,530.255,2564.377,1746.850,0.000,0.000,0.259,0.000,-2646.60,0.000,-3139.55,-4080.90
,LIVING_UNIT1_FRONTROW_TOPFLOOR,0.000,0.000,7016.200,-2.92,0.000,0.000,795.849,530.255,2564.377,2029.940,0.000,0.000,0.095,0.000,-2852.06,0.000,-3434.42,-6615.09
,LIVING_UNIT2_BACKROW_TOPFLOOR,0.000,0.000,6587.483,0.000,0.000,0.000,804.620,530.255,2564.377,25.740,0.000,0.000,0.030,0.000,-1351.99,0.000,-2999.72,-6160.76
,LIVING_UNIT2_FRONTROW_TOPFLOOR,0.000,0.000,1974.026,-0.27,0.000,0.000,870.001,530.255,2564.377,1380.807,0.000,0.000,0.022,0.000,-1070.22,0.000,-2751.92,-3494.03
,LIVING_UNIT1_BACKROW_TOPFLOOR,0.000,0.000,7204.349,0.000,0.000,0.000,844.930,530.255,2564.377,785.702,0.000,0.000,0.009,0.000,-2968.74,0.000,-3241.74,-5719.14
,CRAWLSPACE,0.000,0.000,0.000,0.000,0.000,0.000,0.000,0.000,0.000,0.000,0.000,0.000,152007.889,0.000,0.000,0.000,-152007.89,0.000
,BREEZEWAY,0.000,0.000,0.000,0.000,0.000,0.000,0.000,0.000,0.000,0.000,0.000,0.000,0.000,0.000,0.000,0.000,0.000,0.000
,ATTIC,0.000,0.000,0.000,0.000,0.000,0.000,0.000,0.000,0.000,0.000,0.000,7491.190,19144.113,0.000,0.000,0.000,-26635.30,-1.21
,Total Facility,0.000,0.000,81393.730,-21.66,0.000,0.000,15092.669,9544.587,46158.789,19263.847,0.000,7491.190,171153.415,0.000,-41219.86,0.000,-223876.99,-84741.03


Peak Cooling Sensible Heat Gain Components

,,Time of Peak {TIMESTAMP},HVAC Zone Eq & Other Sensible Air Heating [Btu/h],HVAC Zone Eq & Other Sensible Air Cooling [ton],HVAC Terminal Unit Sensible Air Heating [Btu/h],HVAC Terminal Unit Sensible Air Cooling [ton],HVAC Input Heated Surface Heating [Btu/h],HVAC Input Cooled Surface Cooling [ton],People Sensible Heat Addition [Btu/h],Lights Sensible Heat Addition [Btu/h],Equipment Sensible Heat Addition [Btu/h],Window Heat Addition [Btu/h],Interzone Air Transfer Heat Addition [Btu/h],Infiltration Heat Addition [Btu/h],Opaque Surface Conduction and Other Heat Addition [Btu/h],Equipment Sensible Heat Removal [Btu/h],Window Heat Removal [Btu/h],Interzone Air Transfer Heat Removal [Btu/h],Infiltration Heat Removal [Btu/h],Opaque Surface Conduction and Other Heat Removal [Btu/h]
,LIVING_UNIT1_FRONTROW_BOTTOMFLOOR,28-MAR-16:23,0.00,0.00,0.00,-0.4,0.00,0.00,119.76,336.87,1343.44,6759.51,0.00,0.00,0.00,0.00,0.00,0.00,-544.5,-3687.3
,LIVING_UNIT2_FRONTROW_BOTTOMFLOOR,28-MAR-17:15,0.00,0.00,0.00,-0.1,0.00,0.00,224.56,469.21,1655.83,14.48,0.00,0.00,0.00,0.00,0.00,0.00,-449.4,-1088.2
,LIVING_UNIT3_FRONTROW_BOTTOMFLOOR,28-MAR-14:30,0.00,0.00,0.00,-0.1,0.00,0.00,98.21,90.23,1084.62,3228.00,0.00,0.00,0.00,0.00,0.00,0.00,-669.0,-2306.9
,LIVING_UNIT1_BACKROW_BOTTOMFLOOR,28-MAR-17:08,0.00,0.00,0.00,-0.1,0.00,0.00,224.56,469.21,1655.83,4593.98,0.00,0.00,0.00,0.00,0.00,0.00,-510.3,-5543.8
,LIVING_UNIT2_BACKROW_BOTTOMFLOOR,-,0.00,0.00,0.00,0.00,0.00,0.00,0.00,0.00,0.00,0.00,0.00,0.00,0.00,0.00,0.00,0.00,0.00,0.00
,LIVING_UNIT3_BACKROW_BOTTOMFLOOR,-,0.00,0.00,0.00,0.00,0.00,0.00,0.00,0.00,0.00,0.00,0.00,0.00,0.00,0.00,0.00,0.00,0.00,0.00
,LIVING_UNIT1_FRONTROW_MIDDLEFLOOR,27-MAR-17:33,0.00,0.00,0.00,-0.3,0.00,0.00,208.72,469.21,1655.83,3224.59,0.00,0.00,0.00,0.00,0.00,0.00,-375.4,-1793.8
,LIVING_UNIT2_FRONTROW_MIDDLEFLOOR,28-MAR-18:10,0.00,0.00,0.00,-0.1,0.00,0.00,364.15,631.63,1713.00,0.00,0.00,0.00,0.00,0.00,-540.8,0.00,-194.8,-345.9
,LIVING_UNIT3_FRONTROW_MIDDLEFLOOR,28-MAR-14:30,0.00,0.00,0.00,-0.2,0.00,0.00,98.21,90.23,1084.62,3199.77,0.00,0.00,0.00,0.00,0.00,0.00,-293.4,-1814.4
,LIVING_UNIT1_BACKROW_MIDDLEFLOOR,28-MAR-17:23,0.00,0.00,0.00,-0.1,0.00,0.00,224.56,469.21,1655.83,3904.82,0.00,0.00,0.00,0.00,0.00,0.00,-244.0,-5365.0
,LIVING_UNIT2_BACKROW_MIDDLEFLOOR,-,0.00,0.00,0.00,0.00,0.00,0.00,0.00,0.00,0.00,0.00,0.00,0.00,0.00,0.00,0.00,0.00,0.00,0.00
,LIVING_UNIT3_BACKROW_MIDDLEFLOOR,-,0.00,0.00,0.00,0.00,0.00,0.00,0.00,0.00,0.00,0.00,0.00,0.00,0.00,0.00,0.00,0.00,0.00,0.00
,LIVING_UNIT3_BACKROW_TOPFLOOR,-,0.00,0.00,0.00,0.00,0.00,0.00,0.00,0.00,0.00,0.00,0.00,0.00,0.00,0.00,0.00,0.00,0.00,0.00
,LIVING_UNIT3_FRONTROW_TOPFLOOR,28-MAR-15:00,0.00,0.00,0.00,-0.1,0.00,0.00,98.21,90.23,1084.62,2674.82,0.00,0.00,0.00,0.00,0.00,0.00,-605.4,-2325.7
,LIVING_UNIT1_FRONTROW_TOPFLOOR,28-MAR-17:15,0.00,0.00,0.00,-0.3,0.00,0.00,224.56,469.21,1655.83,4661.87,0.00,0.00,0.00,0.00,0.00,0.00,-512.0,-2844.4
,LIVING_UNIT2_BACKROW_TOPFLOOR,-,0.00,0.00,0.00,0.00,0.00,0.00,0.00,0.00,0.00,0.00,0.00,0.00,0.00,0.00,0.00,0.00,0.00,0.00
,LIVING_UNIT2_FRONTROW_TOPFLOOR,28-MAR-18:55,0.00,0.00,0.00,-0.1,0.00,0.00,364.15,631.63,1713.00,0.00,0.00,0.00,0.00,0.00,-537.4,0.00,-469.1,-963.2
,LIVING_UNIT1_BACKROW_TOPFLOOR,-,0.00,0.00,0.00,0.00,0.00,0.00,0.00,0.00,0.00,0.00,0.00,0.00,0.00,0.00,0.00,0.00,0.00,0.00
,CRAWLSPACE,-,0.00,0.00,0.00,0.00,0.00,0.00,0.00,0.00,0.00,0.00,0.00,0.00,0.00,0.00,0.00,0.00,0.00,0.00
,BREEZEWAY,-,0.00,0.00,0.00,0.00,0.00,0.00,0.00,0.00,0.00,0.00,0.00,0.00,0.00,0.00,0.00,0.00,0.00,0.00
,ATTIC,-,0.00,0.00,0.00,0.00,0.00,0.00,0.00,0.00,0.00,0.00,0.00,0.00,0.00,0.00,0.00,0.00,0.00,0.00
,Total Facility,28-MAR-17:15,-107.1,0.01,107.15,-1.6,0.00,0.00,4325.53,8445.78,29804.87,27840.18,0.00,0.00,0.00,0.00,-1331.6,0.00,-42025.3,-8307.4


Peak Heating Sensible Heat Gain Components

,,Time of Peak {TIMESTAMP},HVAC Zone Eq & Other Sensible Air Heating [Btu/h],HVAC Zone Eq & Other Sensible Air Cooling [ton],HVAC Terminal Unit Sensible Air Heating [Btu/h],HVAC Terminal Unit Sensible Air Cooling [ton],HVAC Input Heated Surface Heating [Btu/h],HVAC Input Cooled Surface Cooling [ton],People Sensible Heat Addition [Btu/h],Lights Sensible Heat Addition [Btu/h],Equipment Sensible Heat Addition [Btu/h],Window Heat Addition [Btu/h],Interzone Air Transfer Heat Addition [Btu/h],Infiltration Heat Addition [Btu/h],Opaque Surface Conduction and Other Heat Addition [Btu/h],Equipment Sensible Heat Removal [Btu/h],Window Heat Removal [Btu/h],Interzone Air Transfer Heat Removal [Btu/h],Infiltration Heat Removal [Btu/h],Opaque Surface Conduction and Other Heat Removal [Btu/h]
,LIVING_UNIT1_FRONTROW_BOTTOMFLOOR,17-JAN-08:48,0.00,0.00,13187.77,0.00,0.00,0.00,223.45,132.34,1145.20,0.00,0.00,0.00,0.00,0.00,-1390.9,0.00,-1895.7,-11402.2
,LIVING_UNIT2_FRONTROW_BOTTOMFLOOR,25-JAN-07:18,0.00,0.00,13830.21,0.00,0.00,0.00,456.86,300.78,1204.45,0.00,0.00,0.00,0.00,0.00,-1152.5,0.00,-2282.3,-12357.5
,LIVING_UNIT3_FRONTROW_BOTTOMFLOOR,11-JAN-05:18,0.00,0.00,13189.08,0.00,0.00,0.00,491.80,300.78,914.52,0.00,0.00,0.00,0.00,0.00,-2474.7,0.00,-2083.4,-10338.1
,LIVING_UNIT1_BACKROW_BOTTOMFLOOR,08-JAN-03:17,0.00,0.00,13205.82,0.00,0.00,0.00,556.88,48.12,847.91,0.00,0.00,0.00,0.00,0.00,-2592.0,0.00,-2149.6,-9917.2
,LIVING_UNIT2_BACKROW_BOTTOMFLOOR,22-JAN-06:18,0.00,0.00,10561.54,0.00,0.00,0.00,476.94,336.87,1081.66,0.00,0.00,0.00,0.00,0.00,-1106.9,0.00,-2233.3,-9116.8
,LIVING_UNIT3_BACKROW_BOTTOMFLOOR,29-JAN-11:32,0.00,0.00,13184.52,0.00,0.00,0.00,130.57,90.23,1111.29,0.00,0.00,0.00,0.00,0.00,-1048.3,0.00,-2390.5,-11077.8
,LIVING_UNIT1_FRONTROW_MIDDLEFLOOR,05-JAN-09:18,0.00,0.00,10434.18,0.00,0.00,0.00,133.69,90.23,1083.81,0.00,0.00,0.00,0.00,0.00,-1865.9,0.00,-972.7,-8903.3
,LIVING_UNIT2_FRONTROW_MIDDLEFLOOR,25-JAN-09:32,0.00,0.00,7809.17,0.00,0.00,0.00,125.33,90.23,1083.81,2628.86,0.00,0.00,0.00,0.00,0.00,0.00,-793.3,-10944.1
,LIVING_UNIT3_FRONTROW_MIDDLEFLOOR,07-JAN-03:33,0.00,0.00,10448.16,0.00,0.00,0.00,521.05,48.12,847.91,0.00,0.00,0.00,0.00,0.00,-2884.6,0.00,-1108.4,-7872.3
,LIVING_UNIT1_BACKROW_MIDDLEFLOOR,25-JAN-03:47,0.00,0.00,10437.24,0.00,0.00,0.00,578.55,48.12,846.84,0.00,0.00,0.00,0.00,0.00,-2904.2,0.00,-1151.0,-7855.6
,LIVING_UNIT2_BACKROW_MIDDLEFLOOR,08-JAN-11:50,0.00,0.00,7782.73,0.00,0.00,0.00,132.27,90.23,1111.29,0.00,0.00,0.00,0.00,0.00,-540.6,0.00,-619.9,-7956.0
,LIVING_UNIT3_BACKROW_MIDDLEFLOOR,10-MAR-03:19,0.00,0.00,10426.44,0.00,0.00,0.00,482.92,48.12,846.84,0.00,0.00,0.00,0.00,0.00,-2296.8,0.00,-725.6,-8782.0
,LIVING_UNIT3_BACKROW_TOPFLOOR,07-JAN-01:33,0.00,0.00,13362.31,0.00,0.00,0.00,549.93,48.12,892.75,0.00,0.00,0.00,0.00,0.00,-2676.5,0.00,-2236.6,-9940.0
,LIVING_UNIT3_FRONTROW_TOPFLOOR,09-MAR-02:19,0.00,0.00,13324.97,0.00,0.00,0.00,546.82,48.12,865.75,0.00,0.00,0.00,0.00,0.00,-2235.4,0.00,-1618.6,-10931.6
,LIVING_UNIT1_FRONTROW_TOPFLOOR,09-JAN-01:48,0.00,0.00,13395.32,0.00,0.00,0.00,529.05,48.12,890.21,0.00,0.00,0.00,0.00,0.00,-2516.6,0.00,-2267.1,-10078.9
,LIVING_UNIT2_BACKROW_TOPFLOOR,24-JAN-05:33,0.00,0.00,10743.49,0.00,0.00,0.00,503.46,300.78,914.52,0.00,0.00,0.00,0.00,0.00,-1152.7,0.00,-2204.6,-9104.9
,LIVING_UNIT2_FRONTROW_TOPFLOOR,17-FEB-06:34,0.00,0.00,10735.65,0.00,0.00,0.00,567.36,336.87,1074.44,0.00,0.00,0.00,0.00,0.00,-1047.0,0.00,-1982.9,-9684.5
,LIVING_UNIT1_BACKROW_TOPFLOOR,17-FEB-12:32,0.00,0.00,13384.29,0.00,0.00,0.00,127.13,90.23,1082.07,0.00,0.00,0.00,0.00,0.00,-69.6,0.00,-1920.6,-12693.6
,CRAWLSPACE,-,0.00,0.00,0.00,0.00,0.00,0.00,0.00,0.00,0.00,0.00,0.00,0.00,0.00,0.00,0.00,0.00,0.00,0.00
,BREEZEWAY,-,0.00,0.00,0.00,0.00,0.00,0.00,0.00,0.00,0.00,0.00,0.00,0.00,0.00,0.00,0.00,0.00,0.00,0.00
,ATTIC,-,0.00,0.00,0.00,0.00,0.00,0.00,0.00,0.00,0.00,0.00,0.00,0.00,0.00,0.00,0.00,0.00,0.00,0.00
,Total Facility,30-JAN-04:45,0.00,0.00,123823.36,0.00,0.00,0.00,10161.40,2598.70,14958.72,0.00,0.00,11744.88,58254.18,0.00,-45386.3,0.00,-176154.9,0.00


----------------------------------------------------------------------------------------------------
REPORT:,Standard 62.1 Summary
FOR:,Entire Facility
System Ventilation Requirements for Cooling

,,Sum of Zone Primary Air Flow - Vpz-sum [ft3/min],System Population - Ps,Sum of Zone Population - Pz-sum,Occupant Diversity - D,Origin of D,Uncorrected Outdoor Air Intake Airflow - Vou [ft3/min],System Primary Airflow - Vps [ft3/min],Average Outdoor Air Fraction - Xs,System Ventilation Efficiency - Ev,Calculation Method for Ev,Outdoor Air Intake Flow - Vot [ft3/min],Percent Outdoor Air - %OA,Environment Name of Peak System Population - Ps,Date and Time of Last Peak System Population - Ps
,CENTRAL SYSTEM_UNIT1_FRONTROW_BOTTOMFLOOR,168.2982,0.0000,2.0000,1.0000,Calculated from schedules,0.0000,168.2982,0.0000,1.0000,Not calculated,0.0000,0.0000,,
,CENTRAL SYSTEM_UNIT2_FRONTROW_BOTTOMFLOOR,120.4879,0.0000,2.0000,1.0000,Calculated from schedules,0.0000,120.4879,0.0000,1.0000,Not calculated,0.0000,0.0000,,
,CENTRAL SYSTEM_UNIT3_FRONTROW_BOTTOMFLOOR,168.1073,0.0000,2.0000,1.0000,Calculated from schedules,0.0000,168.1073,0.0000,1.0000,Not calculated,0.0000,0.0000,,
,CENTRAL SYSTEM_UNIT1_BACKROW_BOTTOMFLOOR,168.2799,0.0000,2.0000,1.0000,Calculated from schedules,0.0000,168.2799,0.0000,1.0000,Not calculated,0.0000,0.0000,,
,CENTRAL SYSTEM_UNIT2_BACKROW_BOTTOMFLOOR,120.4237,0.0000,2.0000,1.0000,Calculated from schedules,0.0000,120.4237,0.0000,1.0000,Not calculated,0.0000,0.0000,,
,CENTRAL SYSTEM_UNIT3_BACKROW_BOTTOMFLOOR,167.9949,0.0000,2.0000,1.0000,Calculated from schedules,0.0000,167.9949,0.0000,1.0000,Not calculated,0.0000,0.0000,,
,CENTRAL SYSTEM_UNIT1_FRONTROW_MIDDLEFLOOR,118.3642,0.0000,2.0000,1.0000,Calculated from schedules,0.0000,118.3642,0.0000,1.0000,Not calculated,0.0000,0.0000,,
,CENTRAL SYSTEM_UNIT2_FRONTROW_MIDDLEFLOOR,70.8904,0.0000,2.0000,1.0000,Calculated from schedules,0.0000,70.8904,0.0000,1.0000,Not calculated,0.0000,0.0000,,
,CENTRAL SYSTEM_UNIT3_FRONTROW_MIDDLEFLOOR,118.0627,0.0000,2.0000,1.0000,Calculated from schedules,0.0000,118.0627,0.0000,1.0000,Not calculated,0.0000,0.0000,,
,CENTRAL SYSTEM_UNIT1_BACKROW_MIDDLEFLOOR,118.3136,0.0000,2.0000,1.0000,Calculated from schedules,0.0000,118.3136,0.0000,1.0000,Not calculated,0.0000,0.0000,,
,CENTRAL SYSTEM_UNIT2_BACKROW_MIDDLEFLOOR,70.7997,0.0000,2.0000,1.0000,Calculated from schedules,0.0000,70.7997,0.0000,1.0000,Not calculated,0.0000,0.0000,,
,CENTRAL SYSTEM_UNIT3_BACKROW_MIDDLEFLOOR,117.9277,0.0000,2.0000,1.0000,Calculated from schedules,0.0000,117.9277,0.0000,1.0000,Not calculated,0.0000,0.0000,,
,CENTRAL SYSTEM_UNIT1_FRONTROW_TOPFLOOR,171.5157,0.0000,2.0000,1.0000,Calculated from schedules,0.0000,171.5157,0.0000,1.0000,Not calculated,0.0000,0.0000,,
,CENTRAL SYSTEM_UNIT2_FRONTROW_TOPFLOOR,123.8436,0.0000,2.0000,1.0000,Calculated from schedules,0.0000,123.8436,0.0000,1.0000,Not calculated,0.0000,0.0000,,
,CENTRAL SYSTEM_UNIT3_FRONTROW_TOPFLOOR,171.1471,0.0000,2.0000,1.0000,Calculated from schedules,0.0000,171.1471,0.0000,1.0000,Not calculated,0.0000,0.0000,,
,CENTRAL SYSTEM_UNIT1_BACKROW_TOPFLOOR,171.3889,0.0000,2.0000,1.0000,Calculated from schedules,0.0000,171.3889,0.0000,1.0000,Not calculated,0.0000,0.0000,,
,CENTRAL SYSTEM_UNIT2_BACKROW_TOPFLOOR,123.6882,0.0000,2.0000,1.0000,Calculated from schedules,0.0000,123.6882,0.0000,1.0000,Not calculated,0.0000,0.0000,,
,CENTRAL SYSTEM_UNIT3_BACKROW_TOPFLOOR,170.9604,0.0000,2.0000,1.0000,Calculated from schedules,0.0000,170.9604,0.0000,1.0000,Not calculated,0.0000,0.0000,,


System Ventilation Requirements for Heating

,,Sum of Zone Primary Air Flow - Vpz-sum [ft3/min],System Population - Ps,Sum of Zone Population - Pz-sum,Occupant Diversity - D,Origin of D,Uncorrected Outdoor Air Intake Airflow - Vou [ft3/min],System Primary Airflow - Vps [ft3/min],Average Outdoor Air Fraction - Xs,System Ventilation Efficiency - Ev,Calculation Method for Ev,Outdoor Air Intake Flow Vot [ft3/min],Percent Outdoor Air - %OA,Environment Name of Peak System Population - Ps,Date and Time of Last Peak System Population - Ps
,CENTRAL SYSTEM_UNIT1_FRONTROW_BOTTOMFLOOR,168.2982,0.0000,2.0000,1.0000,Calculated from schedules,0.0000,168.2982,0.0000,1.0000,Not calculated,0.0000,0.0000,,
,CENTRAL SYSTEM_UNIT2_FRONTROW_BOTTOMFLOOR,120.4879,0.0000,2.0000,1.0000,Calculated from schedules,0.0000,120.4879,0.0000,1.0000,Not calculated,0.0000,0.0000,,
,CENTRAL SYSTEM_UNIT3_FRONTROW_BOTTOMFLOOR,168.1073,0.0000,2.0000,1.0000,Calculated from schedules,0.0000,168.1073,0.0000,1.0000,Not calculated,0.0000,0.0000,,
,CENTRAL SYSTEM_UNIT1_BACKROW_BOTTOMFLOOR,168.2799,0.0000,2.0000,1.0000,Calculated from schedules,0.0000,168.2799,0.0000,1.0000,Not calculated,0.0000,0.0000,,
,CENTRAL SYSTEM_UNIT2_BACKROW_BOTTOMFLOOR,120.4237,0.0000,2.0000,1.0000,Calculated from schedules,0.0000,120.4237,0.0000,1.0000,Not calculated,0.0000,0.0000,,
,CENTRAL SYSTEM_UNIT3_BACKROW_BOTTOMFLOOR,167.9949,0.0000,2.0000,1.0000,Calculated from schedules,0.0000,167.9949,0.0000,1.0000,Not calculated,0.0000,0.0000,,
,CENTRAL SYSTEM_UNIT1_FRONTROW_MIDDLEFLOOR,118.3642,0.0000,2.0000,1.0000,Calculated from schedules,0.0000,118.3642,0.0000,1.0000,Not calculated,0.0000,0.0000,,
,CENTRAL SYSTEM_UNIT2_FRONTROW_MIDDLEFLOOR,70.8904,0.0000,2.0000,1.0000,Calculated from schedules,0.0000,70.8904,0.0000,1.0000,Not calculated,0.0000,0.0000,,
,CENTRAL SYSTEM_UNIT3_FRONTROW_MIDDLEFLOOR,118.0627,0.0000,2.0000,1.0000,Calculated from schedules,0.0000,118.0627,0.0000,1.0000,Not calculated,0.0000,0.0000,,
,CENTRAL SYSTEM_UNIT1_BACKROW_MIDDLEFLOOR,118.3136,0.0000,2.0000,1.0000,Calculated from schedules,0.0000,118.3136,0.0000,1.0000,Not calculated,0.0000,0.0000,,
,CENTRAL SYSTEM_UNIT2_BACKROW_MIDDLEFLOOR,70.7997,0.0000,2.0000,1.0000,Calculated from schedules,0.0000,70.7997,0.0000,1.0000,Not calculated,0.0000,0.0000,,
,CENTRAL SYSTEM_UNIT3_BACKROW_MIDDLEFLOOR,117.9277,0.0000,2.0000,1.0000,Calculated from schedules,0.0000,117.9277,0.0000,1.0000,Not calculated,0.0000,0.0000,,
,CENTRAL SYSTEM_UNIT1_FRONTROW_TOPFLOOR,171.5157,0.0000,2.0000,1.0000,Calculated from schedules,0.0000,171.5157,0.0000,1.0000,Not calculated,0.0000,0.0000,,
,CENTRAL SYSTEM_UNIT2_FRONTROW_TOPFLOOR,123.8436,0.0000,2.0000,1.0000,Calculated from schedules,0.0000,123.8436,0.0000,1.0000,Not calculated,0.0000,0.0000,,
,CENTRAL SYSTEM_UNIT3_FRONTROW_TOPFLOOR,171.1471,0.0000,2.0000,1.0000,Calculated from schedules,0.0000,171.1471,0.0000,1.0000,Not calculated,0.0000,0.0000,,
,CENTRAL SYSTEM_UNIT1_BACKROW_TOPFLOOR,171.3889,0.0000,2.0000,1.0000,Calculated from schedules,0.0000,171.3889,0.0000,1.0000,Not calculated,0.0000,0.0000,,
,CENTRAL SYSTEM_UNIT2_BACKROW_TOPFLOOR,123.6882,0.0000,2.0000,1.0000,Calculated from schedules,0.0000,123.6882,0.0000,1.0000,Not calculated,0.0000,0.0000,,
,CENTRAL SYSTEM_UNIT3_BACKROW_TOPFLOOR,170.9604,0.0000,2.0000,1.0000,Calculated from schedules,0.0000,170.9604,0.0000,1.0000,Not calculated,0.0000,0.0000,,


Zone Ventilation Parameters

,,AirLoop Name,People Outdoor Air Rate - Rp [ft3/min-person],Zone Population - Pz,Area Outdoor Air Rate - Ra [ft3/min-ft2],Zone Floor Area - Az [ft2],Breathing Zone Outdoor Airflow - Vbz [ft3/min],Cooling Zone Air Distribution Effectiveness - Ez-clg,Cooling Zone Outdoor Airflow - Voz-clg [ft3/min],Heating Zone Air Distribution Effectiveness - Ez-htg,Heating Zone Outdoor Airflow - Voz-htg [ft3/min]
,LIVING_UNIT1_FRONTROW_BOTTOMFLOOR,CENTRAL SYSTEM_UNIT1_FRONTROW_BOTTOMFLOOR,0.000000,2.0000,0.000000,1200.55,0.0000,1.0000,0.0000,1.000,0.0000
,LIVING_UNIT2_FRONTROW_BOTTOMFLOOR,CENTRAL SYSTEM_UNIT2_FRONTROW_BOTTOMFLOOR,0.000000,2.0000,0.000000,1200.55,0.0000,1.0000,0.0000,1.000,0.0000
,LIVING_UNIT3_FRONTROW_BOTTOMFLOOR,CENTRAL SYSTEM_UNIT3_FRONTROW_BOTTOMFLOOR,0.000000,2.0000,0.000000,1200.55,0.0000,1.0000,0.0000,1.000,0.0000
,LIVING_UNIT1_BACKROW_BOTTOMFLOOR,CENTRAL SYSTEM_UNIT1_BACKROW_BOTTOMFLOOR,0.000000,2.0000,0.000000,1200.55,0.0000,1.0000,0.0000,1.000,0.0000
,LIVING_UNIT2_BACKROW_BOTTOMFLOOR,CENTRAL SYSTEM_UNIT2_BACKROW_BOTTOMFLOOR,0.000000,2.0000,0.000000,1200.55,0.0000,1.0000,0.0000,1.000,0.0000
,LIVING_UNIT3_BACKROW_BOTTOMFLOOR,CENTRAL SYSTEM_UNIT3_BACKROW_BOTTOMFLOOR,0.000000,2.0000,0.000000,1200.55,0.0000,1.0000,0.0000,1.000,0.0000
,LIVING_UNIT1_FRONTROW_MIDDLEFLOOR,CENTRAL SYSTEM_UNIT1_FRONTROW_MIDDLEFLOOR,0.000000,2.0000,0.000000,1200.55,0.0000,1.0000,0.0000,1.000,0.0000
,LIVING_UNIT2_FRONTROW_MIDDLEFLOOR,CENTRAL SYSTEM_UNIT2_FRONTROW_MIDDLEFLOOR,0.000000,2.0000,0.000000,1200.55,0.0000,1.0000,0.0000,1.000,0.0000
,LIVING_UNIT3_FRONTROW_MIDDLEFLOOR,CENTRAL SYSTEM_UNIT3_FRONTROW_MIDDLEFLOOR,0.000000,2.0000,0.000000,1200.55,0.0000,1.0000,0.0000,1.000,0.0000
,LIVING_UNIT1_BACKROW_MIDDLEFLOOR,CENTRAL SYSTEM_UNIT1_BACKROW_MIDDLEFLOOR,0.000000,2.0000,0.000000,1200.55,0.0000,1.0000,0.0000,1.000,0.0000
,LIVING_UNIT2_BACKROW_MIDDLEFLOOR,CENTRAL SYSTEM_UNIT2_BACKROW_MIDDLEFLOOR,0.000000,2.0000,0.000000,1200.55,0.0000,1.0000,0.0000,1.000,0.0000
,LIVING_UNIT3_BACKROW_MIDDLEFLOOR,CENTRAL SYSTEM_UNIT3_BACKROW_MIDDLEFLOOR,0.000000,2.0000,0.000000,1200.55,0.0000,1.0000,0.0000,1.000,0.0000
,LIVING_UNIT3_BACKROW_TOPFLOOR,CENTRAL SYSTEM_UNIT3_BACKROW_TOPFLOOR,0.000000,2.0000,0.000000,1200.55,0.0000,1.0000,0.0000,1.000,0.0000
,LIVING_UNIT3_FRONTROW_TOPFLOOR,CENTRAL SYSTEM_UNIT3_FRONTROW_TOPFLOOR,0.000000,2.0000,0.000000,1200.55,0.0000,1.0000,0.0000,1.000,0.0000
,LIVING_UNIT1_FRONTROW_TOPFLOOR,CENTRAL SYSTEM_UNIT1_FRONTROW_TOPFLOOR,0.000000,2.0000,0.000000,1200.55,0.0000,1.0000,0.0000,1.000,0.0000
,LIVING_UNIT2_BACKROW_TOPFLOOR,CENTRAL SYSTEM_UNIT2_BACKROW_TOPFLOOR,0.000000,2.0000,0.000000,1200.55,0.0000,1.0000,0.0000,1.000,0.0000
,LIVING_UNIT2_FRONTROW_TOPFLOOR,CENTRAL SYSTEM_UNIT2_FRONTROW_TOPFLOOR,0.000000,2.0000,0.000000,1200.55,0.0000,1.0000,0.0000,1.000,0.0000
,LIVING_UNIT1_BACKROW_TOPFLOOR,CENTRAL SYSTEM_UNIT1_BACKROW_TOPFLOOR,0.000000,2.0000,0.000000,1200.55,0.0000,1.0000,0.0000,1.000,0.0000


System Ventilation Parameters

,,People Outdoor Air Rate - Rp [ft3/min-person],Sum of Zone Population - Pz-sum,Area Outdoor Air Rate - Ra [ft3/min-ft2],Sum of Zone Floor Area - Az-sum [ft2],Breathing Zone Outdoor Airflow - Vbz [ft3/min],Cooling Zone Outdoor Airflow - Voz-clg [ft3/min],Heating Zone Outdoor Airflow - Voz-htg [ft3/min]
,CENTRAL SYSTEM_UNIT1_FRONTROW_BOTTOMFLOOR,0.000000,2.00,0.000000,1200.5533,0.0000,0.0000,0.0000
,CENTRAL SYSTEM_UNIT2_FRONTROW_BOTTOMFLOOR,0.000000,2.00,0.000000,1200.5533,0.0000,0.0000,0.0000
,CENTRAL SYSTEM_UNIT3_FRONTROW_BOTTOMFLOOR,0.000000,2.00,0.000000,1200.5533,0.0000,0.0000,0.0000
,CENTRAL SYSTEM_UNIT1_BACKROW_BOTTOMFLOOR,0.000000,2.00,0.000000,1200.5533,0.0000,0.0000,0.0000
,CENTRAL SYSTEM_UNIT2_BACKROW_BOTTOMFLOOR,0.000000,2.00,0.000000,1200.5533,0.0000,0.0000,0.0000
,CENTRAL SYSTEM_UNIT3_BACKROW_BOTTOMFLOOR,0.000000,2.00,0.000000,1200.5533,0.0000,0.0000,0.0000
,CENTRAL SYSTEM_UNIT1_FRONTROW_MIDDLEFLOOR,0.000000,2.00,0.000000,1200.5533,0.0000,0.0000,0.0000
,CENTRAL SYSTEM_UNIT2_FRONTROW_MIDDLEFLOOR,0.000000,2.00,0.000000,1200.5533,0.0000,0.0000,0.0000
,CENTRAL SYSTEM_UNIT3_FRONTROW_MIDDLEFLOOR,0.000000,2.00,0.000000,1200.5533,0.0000,0.0000,0.0000
,CENTRAL SYSTEM_UNIT1_BACKROW_MIDDLEFLOOR,0.000000,2.00,0.000000,1200.5533,0.0000,0.0000,0.0000
,CENTRAL SYSTEM_UNIT2_BACKROW_MIDDLEFLOOR,0.000000,2.00,0.000000,1200.5533,0.0000,0.0000,0.0000
,CENTRAL SYSTEM_UNIT3_BACKROW_MIDDLEFLOOR,0.000000,2.00,0.000000,1200.5533,0.0000,0.0000,0.0000
,CENTRAL SYSTEM_UNIT1_FRONTROW_TOPFLOOR,0.000000,2.00,0.000000,1200.5533,0.0000,0.0000,0.0000
,CENTRAL SYSTEM_UNIT2_FRONTROW_TOPFLOOR,0.000000,2.00,0.000000,1200.5533,0.0000,0.0000,0.0000
,CENTRAL SYSTEM_UNIT3_FRONTROW_TOPFLOOR,0.000000,2.00,0.000000,1200.5533,0.0000,0.0000,0.0000
,CENTRAL SYSTEM_UNIT1_BACKROW_TOPFLOOR,0.000000,2.00,0.000000,1200.5533,0.0000,0.0000,0.0000
,CENTRAL SYSTEM_UNIT2_BACKROW_TOPFLOOR,0.000000,2.00,0.000000,1200.5533,0.0000,0.0000,0.0000
,CENTRAL SYSTEM_UNIT3_BACKROW_TOPFLOOR,0.000000,2.00,0.000000,1200.5533,0.0000,0.0000,0.0000


Zone Ventilation Calculations for Cooling Design

,,AirLoop Name,Box Type,Zone Primary Airflow - Vpz [ft3/min],Zone Discharge Airflow - Vdz [ft3/min],Minimum Zone Primary Airflow - Vpz-min [ft3/min],Is Vpz-min calculated using the Standard 62.1 Simplified Procedure?,Zone Outdoor Airflow Cooling - Voz-clg [ft3/min],Primary Outdoor Air Fraction - Zpz,Primary Air Fraction - Ep,Secondary Recirculation Fraction- Er,Supply Air Fraction- Fa,Mixed Air Fraction - Fb,Outdoor Air Fraction - Fc,Zone Ventilation Efficiency - Evz
,LIVING_UNIT1_FRONTROW_BOTTOMFLOOR,CENTRAL SYSTEM_UNIT1_FRONTROW_BOTTOMFLOOR,AIRTERMINAL:SINGLEDUCT:CONSTANTVOLUME:NOREHEAT,168.2982,168.2982,168.2982,No,0.0000,0.0000,1.0000,0.0000,0.0000,0.0000,0.0000,1.0000
,LIVING_UNIT2_FRONTROW_BOTTOMFLOOR,CENTRAL SYSTEM_UNIT2_FRONTROW_BOTTOMFLOOR,AIRTERMINAL:SINGLEDUCT:CONSTANTVOLUME:NOREHEAT,120.4879,120.4879,120.4879,No,0.0000,0.0000,1.0000,0.0000,0.0000,0.0000,0.0000,1.0000
,LIVING_UNIT3_FRONTROW_BOTTOMFLOOR,CENTRAL SYSTEM_UNIT3_FRONTROW_BOTTOMFLOOR,AIRTERMINAL:SINGLEDUCT:CONSTANTVOLUME:NOREHEAT,168.1073,168.1073,168.1073,No,0.0000,0.0000,1.0000,0.0000,0.0000,0.0000,0.0000,1.0000
,LIVING_UNIT1_BACKROW_BOTTOMFLOOR,CENTRAL SYSTEM_UNIT1_BACKROW_BOTTOMFLOOR,AIRTERMINAL:SINGLEDUCT:CONSTANTVOLUME:NOREHEAT,168.2799,168.2799,168.2799,No,0.0000,0.0000,1.0000,0.0000,0.0000,0.0000,0.0000,1.0000
,LIVING_UNIT2_BACKROW_BOTTOMFLOOR,CENTRAL SYSTEM_UNIT2_BACKROW_BOTTOMFLOOR,AIRTERMINAL:SINGLEDUCT:CONSTANTVOLUME:NOREHEAT,120.4237,120.4237,120.4237,No,0.0000,0.0000,1.0000,0.0000,0.0000,0.0000,0.0000,1.0000
,LIVING_UNIT3_BACKROW_BOTTOMFLOOR,CENTRAL SYSTEM_UNIT3_BACKROW_BOTTOMFLOOR,AIRTERMINAL:SINGLEDUCT:CONSTANTVOLUME:NOREHEAT,167.9949,167.9949,167.9949,No,0.0000,0.0000,1.0000,0.0000,0.0000,0.0000,0.0000,1.0000
,LIVING_UNIT1_FRONTROW_MIDDLEFLOOR,CENTRAL SYSTEM_UNIT1_FRONTROW_MIDDLEFLOOR,AIRTERMINAL:SINGLEDUCT:CONSTANTVOLUME:NOREHEAT,118.3642,118.3642,118.3642,No,0.0000,0.0000,1.0000,0.0000,0.0000,0.0000,0.0000,1.0000
,LIVING_UNIT2_FRONTROW_MIDDLEFLOOR,CENTRAL SYSTEM_UNIT2_FRONTROW_MIDDLEFLOOR,AIRTERMINAL:SINGLEDUCT:CONSTANTVOLUME:NOREHEAT,70.8904,70.8904,70.8904,No,0.0000,0.0000,1.0000,0.0000,0.0000,0.0000,0.0000,1.0000
,LIVING_UNIT3_FRONTROW_MIDDLEFLOOR,CENTRAL SYSTEM_UNIT3_FRONTROW_MIDDLEFLOOR,AIRTERMINAL:SINGLEDUCT:CONSTANTVOLUME:NOREHEAT,118.0627,118.0627,118.0627,No,0.0000,0.0000,1.0000,0.0000,0.0000,0.0000,0.0000,1.0000
,LIVING_UNIT1_BACKROW_MIDDLEFLOOR,CENTRAL SYSTEM_UNIT1_BACKROW_MIDDLEFLOOR,AIRTERMINAL:SINGLEDUCT:CONSTANTVOLUME:NOREHEAT,118.3136,118.3136,118.3136,No,0.0000,0.0000,1.0000,0.0000,0.0000,0.0000,0.0000,1.0000
,LIVING_UNIT2_BACKROW_MIDDLEFLOOR,CENTRAL SYSTEM_UNIT2_BACKROW_MIDDLEFLOOR,AIRTERMINAL:SINGLEDUCT:CONSTANTVOLUME:NOREHEAT,70.7997,70.7997,70.7997,No,0.0000,0.0000,1.0000,0.0000,0.0000,0.0000,0.0000,1.0000
,LIVING_UNIT3_BACKROW_MIDDLEFLOOR,CENTRAL SYSTEM_UNIT3_BACKROW_MIDDLEFLOOR,AIRTERMINAL:SINGLEDUCT:CONSTANTVOLUME:NOREHEAT,117.9277,117.9277,117.9277,No,0.0000,0.0000,1.0000,0.0000,0.0000,0.0000,0.0000,1.0000
,LIVING_UNIT3_BACKROW_TOPFLOOR,CENTRAL SYSTEM_UNIT3_BACKROW_TOPFLOOR,AIRTERMINAL:SINGLEDUCT:CONSTANTVOLUME:NOREHEAT,170.9604,170.9604,170.9604,No,0.0000,0.0000,1.0000,0.0000,0.0000,0.0000,0.0000,1.0000
,LIVING_UNIT3_FRONTROW_TOPFLOOR,CENTRAL SYSTEM_UNIT3_FRONTROW_TOPFLOOR,AIRTERMINAL:SINGLEDUCT:CONSTANTVOLUME:NOREHEAT,171.1471,171.1471,171.1471,No,0.0000,0.0000,1.0000,0.0000,0.0000,0.0000,0.0000,1.0000
,LIVING_UNIT1_FRONTROW_TOPFLOOR,CENTRAL SYSTEM_UNIT1_FRONTROW_TOPFLOOR,AIRTERMINAL:SINGLEDUCT:CONSTANTVOLUME:NOREHEAT,171.5157,171.5157,171.5157,No,0.0000,0.0000,1.0000,0.0000,0.0000,0.0000,0.0000,1.0000
,LIVING_UNIT2_BACKROW_TOPFLOOR,CENTRAL SYSTEM_UNIT2_BACKROW_TOPFLOOR,AIRTERMINAL:SINGLEDUCT:CONSTANTVOLUME:NOREHEAT,123.6882,123.6882,123.6882,No,0.0000,0.0000,1.0000,0.0000,0.0000,0.0000,0.0000,1.0000
,LIVING_UNIT2_FRONTROW_TOPFLOOR,CENTRAL SYSTEM_UNIT2_FRONTROW_TOPFLOOR,AIRTERMINAL:SINGLEDUCT:CONSTANTVOLUME:NOREHEAT,123.8436,123.8436,123.8436,No,0.0000,0.0000,1.0000,0.0000,0.0000,0.0000,0.0000,1.0000
,LIVING_UNIT1_BACKROW_TOPFLOOR,CENTRAL SYSTEM_UNIT1_BACKROW_TOPFLOOR,AIRTERMINAL:SINGLEDUCT:CONSTANTVOLUME:NOREHEAT,171.3889,171.3889,171.3889,No,0.0000,0.0000,1.0000,0.0000,0.0000,0.0000,0.0000,1.0000


System Ventilation Calculations for Cooling Design

,,Sum of Zone Primary Airflow - Vpz-sum [ft3/min],System Primary Airflow - Vps [ft3/min],Sum of Zone Discharge Airflow - Vdz-sum [ft3/min],Sum of Min Zone Primary Airflow - Vpz-min [ft3/min],Zone Outdoor Airflow Cooling - Voz-clg [ft3/min],Zone Ventilation Efficiency - Evz-min
,CENTRAL SYSTEM_UNIT1_FRONTROW_BOTTOMFLOOR,168.2982,168.2982,168.2982,168.2982,0.0000,1.0000
,CENTRAL SYSTEM_UNIT2_FRONTROW_BOTTOMFLOOR,120.4879,120.4879,120.4879,120.4879,0.0000,1.0000
,CENTRAL SYSTEM_UNIT3_FRONTROW_BOTTOMFLOOR,168.1073,168.1073,168.1073,168.1073,0.0000,1.0000
,CENTRAL SYSTEM_UNIT1_BACKROW_BOTTOMFLOOR,168.2799,168.2799,168.2799,168.2799,0.0000,1.0000
,CENTRAL SYSTEM_UNIT2_BACKROW_BOTTOMFLOOR,120.4237,120.4237,120.4237,120.4237,0.0000,1.0000
,CENTRAL SYSTEM_UNIT3_BACKROW_BOTTOMFLOOR,167.9949,167.9949,167.9949,167.9949,0.0000,1.0000
,CENTRAL SYSTEM_UNIT1_FRONTROW_MIDDLEFLOOR,118.3642,118.3642,118.3642,118.3642,0.0000,1.0000
,CENTRAL SYSTEM_UNIT2_FRONTROW_MIDDLEFLOOR,70.8904,70.8904,70.8904,70.8904,0.0000,1.0000
,CENTRAL SYSTEM_UNIT3_FRONTROW_MIDDLEFLOOR,118.0627,118.0627,118.0627,118.0627,0.0000,1.0000
,CENTRAL SYSTEM_UNIT1_BACKROW_MIDDLEFLOOR,118.3136,118.3136,118.3136,118.3136,0.0000,1.0000
,CENTRAL SYSTEM_UNIT2_BACKROW_MIDDLEFLOOR,70.7997,70.7997,70.7997,70.7997,0.0000,1.0000
,CENTRAL SYSTEM_UNIT3_BACKROW_MIDDLEFLOOR,117.9277,117.9277,117.9277,117.9277,0.0000,1.0000
,CENTRAL SYSTEM_UNIT1_FRONTROW_TOPFLOOR,171.5157,171.5157,171.5157,171.5157,0.0000,1.0000
,CENTRAL SYSTEM_UNIT2_FRONTROW_TOPFLOOR,123.8436,123.8436,123.8436,123.8436,0.0000,1.0000
,CENTRAL SYSTEM_UNIT3_FRONTROW_TOPFLOOR,171.1471,171.1471,171.1471,171.1471,0.0000,1.0000
,CENTRAL SYSTEM_UNIT1_BACKROW_TOPFLOOR,171.3889,171.3889,171.3889,171.3889,0.0000,1.0000
,CENTRAL SYSTEM_UNIT2_BACKROW_TOPFLOOR,123.6882,123.6882,123.6882,123.6882,0.0000,1.0000
,CENTRAL SYSTEM_UNIT3_BACKROW_TOPFLOOR,170.9604,170.9604,170.9604,170.9604,0.0000,1.0000


Zone Ventilation Calculations for Heating Design

,,AirLoop Name,Box Type,Zone Primary Airflow - Vpz [ft3/min],Zone Discharge Airflow - Vdz [ft3/min],Minimum Zone Primary Airflow - Vpz-min [ft3/min],Is Vpz-min calculated using the Standard 62.1 Simplified Procedure?,Zone Outdoor Airflow Heating - Voz-htg [ft3/min],Primary Outdoor Air Fraction - Zpz,Primary Air Fraction - Ep,Secondary Recirculation Fraction- Er,Supply Air Fraction- Fa,Mixed Air Fraction - Fb,Outdoor Air Fraction - Fc,Zone Ventilation Efficiency - Evz
,LIVING_UNIT1_FRONTROW_BOTTOMFLOOR,CENTRAL SYSTEM_UNIT1_FRONTROW_BOTTOMFLOOR,AIRTERMINAL:SINGLEDUCT:CONSTANTVOLUME:NOREHEAT,168.2982,168.2982,168.2982,No,0.0000,0.0000,1.0000,0.0000,0.0000,0.0000,0.0000,1.0000
,LIVING_UNIT2_FRONTROW_BOTTOMFLOOR,CENTRAL SYSTEM_UNIT2_FRONTROW_BOTTOMFLOOR,AIRTERMINAL:SINGLEDUCT:CONSTANTVOLUME:NOREHEAT,120.4879,120.4879,120.4879,No,0.0000,0.0000,1.0000,0.0000,0.0000,0.0000,0.0000,1.0000
,LIVING_UNIT3_FRONTROW_BOTTOMFLOOR,CENTRAL SYSTEM_UNIT3_FRONTROW_BOTTOMFLOOR,AIRTERMINAL:SINGLEDUCT:CONSTANTVOLUME:NOREHEAT,168.1073,168.1073,168.1073,No,0.0000,0.0000,1.0000,0.0000,0.0000,0.0000,0.0000,1.0000
,LIVING_UNIT1_BACKROW_BOTTOMFLOOR,CENTRAL SYSTEM_UNIT1_BACKROW_BOTTOMFLOOR,AIRTERMINAL:SINGLEDUCT:CONSTANTVOLUME:NOREHEAT,168.2799,168.2799,168.2799,No,0.0000,0.0000,1.0000,0.0000,0.0000,0.0000,0.0000,1.0000
,LIVING_UNIT2_BACKROW_BOTTOMFLOOR,CENTRAL SYSTEM_UNIT2_BACKROW_BOTTOMFLOOR,AIRTERMINAL:SINGLEDUCT:CONSTANTVOLUME:NOREHEAT,120.4237,120.4237,120.4237,No,0.0000,0.0000,1.0000,0.0000,0.0000,0.0000,0.0000,1.0000
,LIVING_UNIT3_BACKROW_BOTTOMFLOOR,CENTRAL SYSTEM_UNIT3_BACKROW_BOTTOMFLOOR,AIRTERMINAL:SINGLEDUCT:CONSTANTVOLUME:NOREHEAT,167.9949,167.9949,167.9949,No,0.0000,0.0000,1.0000,0.0000,0.0000,0.0000,0.0000,1.0000
,LIVING_UNIT1_FRONTROW_MIDDLEFLOOR,CENTRAL SYSTEM_UNIT1_FRONTROW_MIDDLEFLOOR,AIRTERMINAL:SINGLEDUCT:CONSTANTVOLUME:NOREHEAT,118.3642,118.3642,118.3642,No,0.0000,0.0000,1.0000,0.0000,0.0000,0.0000,0.0000,1.0000
,LIVING_UNIT2_FRONTROW_MIDDLEFLOOR,CENTRAL SYSTEM_UNIT2_FRONTROW_MIDDLEFLOOR,AIRTERMINAL:SINGLEDUCT:CONSTANTVOLUME:NOREHEAT,70.8904,70.8904,70.8904,No,0.0000,0.0000,1.0000,0.0000,0.0000,0.0000,0.0000,1.0000
,LIVING_UNIT3_FRONTROW_MIDDLEFLOOR,CENTRAL SYSTEM_UNIT3_FRONTROW_MIDDLEFLOOR,AIRTERMINAL:SINGLEDUCT:CONSTANTVOLUME:NOREHEAT,118.0627,118.0627,118.0627,No,0.0000,0.0000,1.0000,0.0000,0.0000,0.0000,0.0000,1.0000
,LIVING_UNIT1_BACKROW_MIDDLEFLOOR,CENTRAL SYSTEM_UNIT1_BACKROW_MIDDLEFLOOR,AIRTERMINAL:SINGLEDUCT:CONSTANTVOLUME:NOREHEAT,118.3136,118.3136,118.3136,No,0.0000,0.0000,1.0000,0.0000,0.0000,0.0000,0.0000,1.0000
,LIVING_UNIT2_BACKROW_MIDDLEFLOOR,CENTRAL SYSTEM_UNIT2_BACKROW_MIDDLEFLOOR,AIRTERMINAL:SINGLEDUCT:CONSTANTVOLUME:NOREHEAT,70.7997,70.7997,70.7997,No,0.0000,0.0000,1.0000,0.0000,0.0000,0.0000,0.0000,1.0000
,LIVING_UNIT3_BACKROW_MIDDLEFLOOR,CENTRAL SYSTEM_UNIT3_BACKROW_MIDDLEFLOOR,AIRTERMINAL:SINGLEDUCT:CONSTANTVOLUME:NOREHEAT,117.9277,117.9277,117.9277,No,0.0000,0.0000,1.0000,0.0000,0.0000,0.0000,0.0000,1.0000
,LIVING_UNIT3_BACKROW_TOPFLOOR,CENTRAL SYSTEM_UNIT3_BACKROW_TOPFLOOR,AIRTERMINAL:SINGLEDUCT:CONSTANTVOLUME:NOREHEAT,170.9604,170.9604,170.9604,No,0.0000,0.0000,1.0000,0.0000,0.0000,0.0000,0.0000,1.0000
,LIVING_UNIT3_FRONTROW_TOPFLOOR,CENTRAL SYSTEM_UNIT3_FRONTROW_TOPFLOOR,AIRTERMINAL:SINGLEDUCT:CONSTANTVOLUME:NOREHEAT,171.1471,171.1471,171.1471,No,0.0000,0.0000,1.0000,0.0000,0.0000,0.0000,0.0000,1.0000
,LIVING_UNIT1_FRONTROW_TOPFLOOR,CENTRAL SYSTEM_UNIT1_FRONTROW_TOPFLOOR,AIRTERMINAL:SINGLEDUCT:CONSTANTVOLUME:NOREHEAT,171.5157,171.5157,171.5157,No,0.0000,0.0000,1.0000,0.0000,0.0000,0.0000,0.0000,1.0000
,LIVING_UNIT2_BACKROW_TOPFLOOR,CENTRAL SYSTEM_UNIT2_BACKROW_TOPFLOOR,AIRTERMINAL:SINGLEDUCT:CONSTANTVOLUME:NOREHEAT,123.6882,123.6882,123.6882,No,0.0000,0.0000,1.0000,0.0000,0.0000,0.0000,0.0000,1.0000
,LIVING_UNIT2_FRONTROW_TOPFLOOR,CENTRAL SYSTEM_UNIT2_FRONTROW_TOPFLOOR,AIRTERMINAL:SINGLEDUCT:CONSTANTVOLUME:NOREHEAT,123.8436,123.8436,123.8436,No,0.0000,0.0000,1.0000,0.0000,0.0000,0.0000,0.0000,1.0000
,LIVING_UNIT1_BACKROW_TOPFLOOR,CENTRAL SYSTEM_UNIT1_BACKROW_TOPFLOOR,AIRTERMINAL:SINGLEDUCT:CONSTANTVOLUME:NOREHEAT,171.3889,171.3889,171.3889,No,0.0000,0.0000,1.0000,0.0000,0.0000,0.0000,0.0000,1.0000


System Ventilation Calculations for Heating Design

,,Sum of Zone Primary Airflow - Vpz-sum [ft3/min],System Primary Airflow - Vps [ft3/min],Sum of Zone Discharge Airflow - Vdz-sum [ft3/min],Sum of Min Zone Primary Airflow - Vpz-min [ft3/min],Zone Outdoor Airflow Heating - Voz-htg [ft3/min],Zone Ventilation Efficiency - Evz-min
,CENTRAL SYSTEM_UNIT1_FRONTROW_BOTTOMFLOOR,168.2982,168.2982,168.2982,168.2982,0.0000,1.0000
,CENTRAL SYSTEM_UNIT2_FRONTROW_BOTTOMFLOOR,120.4879,120.4879,120.4879,120.4879,0.0000,1.0000
,CENTRAL SYSTEM_UNIT3_FRONTROW_BOTTOMFLOOR,168.1073,168.1073,168.1073,168.1073,0.0000,1.0000
,CENTRAL SYSTEM_UNIT1_BACKROW_BOTTOMFLOOR,168.2799,168.2799,168.2799,168.2799,0.0000,1.0000
,CENTRAL SYSTEM_UNIT2_BACKROW_BOTTOMFLOOR,120.4237,120.4237,120.4237,120.4237,0.0000,1.0000
,CENTRAL SYSTEM_UNIT3_BACKROW_BOTTOMFLOOR,167.9949,167.9949,167.9949,167.9949,0.0000,1.0000
,CENTRAL SYSTEM_UNIT1_FRONTROW_MIDDLEFLOOR,118.3642,118.3642,118.3642,118.3642,0.0000,1.0000
,CENTRAL SYSTEM_UNIT2_FRONTROW_MIDDLEFLOOR,70.8904,70.8904,70.8904,70.8904,0.0000,1.0000
,CENTRAL SYSTEM_UNIT3_FRONTROW_MIDDLEFLOOR,118.0627,118.0627,118.0627,118.0627,0.0000,1.0000
,CENTRAL SYSTEM_UNIT1_BACKROW_MIDDLEFLOOR,118.3136,118.3136,118.3136,118.3136,0.0000,1.0000
,CENTRAL SYSTEM_UNIT2_BACKROW_MIDDLEFLOOR,70.7997,70.7997,70.7997,70.7997,0.0000,1.0000
,CENTRAL SYSTEM_UNIT3_BACKROW_MIDDLEFLOOR,117.9277,117.9277,117.9277,117.9277,0.0000,1.0000
,CENTRAL SYSTEM_UNIT1_FRONTROW_TOPFLOOR,171.5157,171.5157,171.5157,171.5157,0.0000,1.0000
,CENTRAL SYSTEM_UNIT2_FRONTROW_TOPFLOOR,123.8436,123.8436,123.8436,123.8436,0.0000,1.0000
,CENTRAL SYSTEM_UNIT3_FRONTROW_TOPFLOOR,171.1471,171.1471,171.1471,171.1471,0.0000,1.0000
,CENTRAL SYSTEM_UNIT1_BACKROW_TOPFLOOR,171.3889,171.3889,171.3889,171.3889,0.0000,1.0000
,CENTRAL SYSTEM_UNIT2_BACKROW_TOPFLOOR,123.6882,123.6882,123.6882,123.6882,0.0000,1.0000
,CENTRAL SYSTEM_UNIT3_BACKROW_TOPFLOOR,170.9604,170.9604,170.9604,170.9604,0.0000,1.0000


----------------------------------------------------------------------------------------------------
REPORT:,LEED Summary
FOR:,Entire Facility
Sec1.1A-General Information

,,Data
,Weather File,WINTER ** Montreal-Trudeau.Intl.AP QC CAN SRC-TMYx WMO#=716270
,Total gross floor area [ft2],39005.22
,Principal Heating Source,Electricity


EAp2-1. Space Usage Type

,,Space Area [ft2],Regularly Occupied Area [ft2],Unconditioned Area [ft2],Typical Hours/Week in Operation [hr/wk]
,LIVING_UNIT1_FRONTROW_BOTTOMFLOOR,1200.55,1200.55,0.00,168.00
,LIVING_UNIT2_FRONTROW_BOTTOMFLOOR,1200.55,1200.55,0.00,168.00
,LIVING_UNIT3_FRONTROW_BOTTOMFLOOR,1200.55,1200.55,0.00,168.00
,LIVING_UNIT1_BACKROW_BOTTOMFLOOR,1200.55,1200.55,0.00,168.00
,LIVING_UNIT2_BACKROW_BOTTOMFLOOR,1200.55,1200.55,0.00,168.00
,LIVING_UNIT3_BACKROW_BOTTOMFLOOR,1200.55,1200.55,0.00,168.00
,LIVING_UNIT1_FRONTROW_MIDDLEFLOOR,1200.55,1200.55,0.00,168.00
,LIVING_UNIT2_FRONTROW_MIDDLEFLOOR,1200.55,1200.55,0.00,168.00
,LIVING_UNIT3_FRONTROW_MIDDLEFLOOR,1200.55,1200.55,0.00,168.00
,LIVING_UNIT1_BACKROW_MIDDLEFLOOR,1200.55,1200.55,0.00,168.00
,LIVING_UNIT2_BACKROW_MIDDLEFLOOR,1200.55,1200.55,0.00,168.00
,LIVING_UNIT3_BACKROW_MIDDLEFLOOR,1200.55,1200.55,0.00,168.00
,LIVING_UNIT3_BACKROW_TOPFLOOR,1200.55,1200.55,0.00,168.00
,LIVING_UNIT3_FRONTROW_TOPFLOOR,1200.55,1200.55,0.00,168.00
,LIVING_UNIT1_FRONTROW_TOPFLOOR,1200.55,1200.55,0.00,168.00
,LIVING_UNIT2_BACKROW_TOPFLOOR,1200.55,1200.55,0.00,168.00
,LIVING_UNIT2_FRONTROW_TOPFLOOR,1200.55,1200.55,0.00,168.00
,LIVING_UNIT1_BACKROW_TOPFLOOR,1200.55,1200.55,0.00,168.00
,CRAWLSPACE,7794.39,0.00,7794.39,0.00
,BREEZEWAY,1798.16,0.00,1798.16,0.00
,ATTIC,7802.71,0.00,7802.71,0.00
,Totals,39005.22,21609.96,17395.26,


EAp2-2. Advisory Messages

,,Data
,Number of hours heating loads not met,92.00
,Number of hours cooling loads not met,7.00
,Number of hours not met,99.00


EAp2-3. Energy Type Summary

,,Utility Rate,Virtual Rate [$/unit energy],Units of Energy,Units of Demand
,None,,,,


EAp2-4/5. Performance Rating Method Compliance

,,Electricity Energy Use [kWh],Electricity Demand [W],Natural Gas Energy Use [therm],Natural Gas Demand [Btu/h],Gasoline Use [therm],Gasoline Demand [Btu/h],Diesel Use [kBtu],Diesel Demand [Btu/h],Coal Use [kBtu],Coal Demand [Btu/h],Fuel Oil No 1 Use [kBtu],Fuel Oil No 1 Demand [Btu/h],Fuel Oil No 2 Use [kBtu],Fuel Oil No 2 Demand [Btu/h],Propane Use [kBtu],Propane Demand [Btu/h],Other Fuel 1 Use [kBtu],Other Fuel 1 Demand [Btu/h],Other Fuel 2 Use [kBtu],Other Fuel 2 Demand [Btu/h],District Cooling Use [ton-hrs],District Cooling Demand [ton],District Heating Use [kBtu],District Heating Demand [Btu/h]
,Heating -- General,23353.86,35546.16,0.00,0.00,0.00,0.00,0.00,0.00,0.00,0.00,0.00,0.00,0.00,0.00,0.00,0.00,0.00,0.00,0.00,0.00,0.00,0.00,0.00,0.00
,Cooling -- General,15.07,1094.42,0.00,0.00,0.00,0.00,0.00,0.00,0.00,0.00,0.00,0.00,0.00,0.00,0.00,0.00,0.00,0.00,0.00,0.00,0.00,0.00,0.00,0.00
,Interior Lighting -- General,2795.38,3692.78,0.00,0.00,0.00,0.00,0.00,0.00,0.00,0.00,0.00,0.00,0.00,0.00,0.00,0.00,0.00,0.00,0.00,0.00,0.00,0.00,0.00,0.00
,Exterior Lighting -- Exterior-Lights,1358.31,1257.69,0.00,0.00,0.00,0.00,0.00,0.00,0.00,0.00,0.00,0.00,0.00,0.00,0.00,0.00,0.00,0.00,0.00,0.00,0.00,0.00,0.00,0.00
,Exterior Lighting -- Garage-Lights,0.00,0.00,0.00,0.00,0.00,0.00,0.00,0.00,0.00,0.00,0.00,0.00,0.00,0.00,0.00,0.00,0.00,0.00,0.00,0.00,0.00,0.00,0.00,0.00
,Interior Equipment -- dishwasher,679.66,880.12,0.00,0.00,0.00,0.00,0.00,0.00,0.00,0.00,0.00,0.00,0.00,0.00,0.00,0.00,0.00,0.00,0.00,0.00,0.00,0.00,0.00,0.00
,Interior Equipment -- refrigerator,2967.81,1639.04,0.00,0.00,0.00,0.00,0.00,0.00,0.00,0.00,0.00,0.00,0.00,0.00,0.00,0.00,0.00,0.00,0.00,0.00,0.00,0.00,0.00,0.00
,Interior Equipment -- clotheswasher,346.59,381.47,0.00,0.00,0.00,0.00,0.00,0.00,0.00,0.00,0.00,0.00,0.00,0.00,0.00,0.00,0.00,0.00,0.00,0.00,0.00,0.00,0.00,0.00
,Interior Equipment -- electric_dryer,3076.31,3196.73,0.00,0.00,0.00,0.00,0.00,0.00,0.00,0.00,0.00,0.00,0.00,0.00,0.00,0.00,0.00,0.00,0.00,0.00,0.00,0.00,0.00,0.00
,Interior Equipment -- electric_range,2233.57,3721.08,0.00,0.00,0.00,0.00,0.00,0.00,0.00,0.00,0.00,0.00,0.00,0.00,0.00,0.00,0.00,0.00,0.00,0.00,0.00,0.00,0.00,0.00
,Interior Equipment -- television,0.00,0.00,0.00,0.00,0.00,0.00,0.00,0.00,0.00,0.00,0.00,0.00,0.00,0.00,0.00,0.00,0.00,0.00,0.00,0.00,0.00,0.00,0.00,0.00
,Interior Equipment -- electric_mels,11570.96,7929.96,0.00,0.00,0.00,0.00,0.00,0.00,0.00,0.00,0.00,0.00,0.00,0.00,0.00,0.00,0.00,0.00,0.00,0.00,0.00,0.00,0.00,0.00
,Interior Equipment -- IECC_adj,767.75,526.17,0.00,0.00,0.00,0.00,0.00,0.00,0.00,0.00,0.00,0.00,0.00,0.00,0.00,0.00,0.00,0.00,0.00,0.00,0.00,0.00,0.00,0.00
,Exterior Equipment -- Not Subdivided,0.00,0.00,0.00,0.00,0.00,0.00,0.00,0.00,0.00,0.00,0.00,0.00,0.00,0.00,0.00,0.00,0.00,0.00,0.00,0.00,0.00,0.00,0.00,0.00
,Fans -- General,493.66,744.22,0.00,0.00,0.00,0.00,0.00,0.00,0.00,0.00,0.00,0.00,0.00,0.00,0.00,0.00,0.00,0.00,0.00,0.00,0.00,0.00,0.00,0.00
,Fans -- Ventilation,0.00,0.00,0.00,0.00,0.00,0.00,0.00,0.00,0.00,0.00,0.00,0.00,0.00,0.00,0.00,0.00,0.00,0.00,0.00,0.00,0.00,0.00,0.00,0.00
,Fans -- Ventilation (simple),0.00,0.00,0.00,0.00,0.00,0.00,0.00,0.00,0.00,0.00,0.00,0.00,0.00,0.00,0.00,0.00,0.00,0.00,0.00,0.00,0.00,0.00,0.00,0.00
,Pumps -- General,0.00,0.00,0.00,0.00,0.00,0.00,0.00,0.00,0.00,0.00,0.00,0.00,0.00,0.00,0.00,0.00,0.00,0.00,0.00,0.00,0.00,0.00,0.00,0.00
,Heat Rejection -- Not Subdivided,0.00,0.00,0.00,0.00,0.00,0.00,0.00,0.00,0.00,0.00,0.00,0.00,0.00,0.00,0.00,0.00,0.00,0.00,0.00,0.00,0.00,0.00,0.00,0.00
,Humidification -- Not Subdivided,0.00,0.00,0.00,0.00,0.00,0.00,0.00,0.00,0.00,0.00,0.00,0.00,0.00,0.00,0.00,0.00,0.00,0.00,0.00,0.00,0.00,0.00,0.00,0.00
,Heat Recovery -- General,0.00,0.00,0.00,0.00,0.00,0.00,0.00,0.00,0.00,0.00,0.00,0.00,0.00,0.00,0.00,0.00,0.00,0.00,0.00,0.00,0.00,0.00,0.00,0.00
,Water Systems -- General,0.00,0.00,0.00,0.00,0.00,0.00,0.00,0.00,0.00,0.00,0.00,0.00,0.00,0.00,0.00,0.00,0.00,0.00,0.00,0.00,0.00,0.00,0.00,0.00
,Water Systems -- Domestic Hot Water,0.00,0.00,0.00,0.00,0.00,0.00,0.00,0.00,0.00,0.00,0.00,0.00,0.00,0.00,0.00,0.00,0.00,0.00,0.00,0.00,0.00,0.00,0.00,0.00
,Water Systems -- Water Heater,15999.59,39843.11,0.00,0.00,0.00,0.00,0.00,0.00,0.00,0.00,0.00,0.00,0.00,0.00,0.00,0.00,0.00,0.00,0.00,0.00,0.00,0.00,0.00,0.00
,Water Systems -- Water Heater Parasitic,0.00,0.00,0.00,0.00,0.00,0.00,0.00,0.00,0.00,0.00,0.00,0.00,0.00,0.00,0.00,0.00,0.00,0.00,0.00,0.00,0.00,0.00,0.00,0.00
,Refrigeration -- Not Subdivided,0.00,0.00,0.00,0.00,0.00,0.00,0.00,0.00,0.00,0.00,0.00,0.00,0.00,0.00,0.00,0.00,0.00,0.00,0.00,0.00,0.00,0.00,0.00,0.00
,Generators -- General,0.00,0.00,0.00,0.00,0.00,0.00,0.00,0.00,0.00,0.00,0.00,0.00,0.00,0.00,0.00,0.00,0.00,0.00,0.00,0.00,0.00,0.00,0.00,0.00


EAp2-6. Energy Use Summary

,,Process Subtotal [kBtu],Total Energy Use [kBtu]
,Electricity,73897.06,224185.60
,Natural Gas,0.00,0.00
,Additional,0.00,0.00
,Total,73897.06,224185.60


EAp2-7. Energy Cost Summary

,,Process Subtotal [$],Total Energy Cost [$]
,Electricity,0.00,
,Natural Gas,0.00,
,Additional,0.00,
,Total,0.00,
Process energy cost based on ratio of process to total energy.


L-1. Renewable Energy Source Summary

,,Rated Capacity [kW],Annual Energy Generated [kBtu]
,Photovoltaic,0.00,0.00
,Wind,0.00,0.00


EAp2-17a. Energy Use Intensity - Electricity

,,Electricty [kWh/ft2]
,Interior Lighting (All),0.07
,Space Heating,0.60
,Space Cooling,0.00
,Fans (All),0.01
,Service Water Heating,0.41
,Receptacle Equipment,0.55
,Miscellaneous (All),1.68
,Subtotal,1.68


EAp2-17b. Energy Use Intensity - Natural Gas

,,Natural Gas [kWh/ft2]
,Space Heating,0.00
,Service Water Heating,0.00
,Miscellaneous (All),0.00
,Subtotal,0.00


EAp2-17c. Energy Use Intensity - Additional

,,Additional [kBtu/ft2]
,Subtotal,0.00
,Miscellaneous,0.00


EAp2-18. End Use Percentage

,,Percent [%]
,Interior Lighting (All),4.26
,Space Heating,35.57
,Space Cooling,0.02
,Fans (All),0.75
,Service Water Heating,24.37
,Receptacle Equipment,32.96
,Miscellaneous,2.07


Schedules-Equivalent Full Load Hours (Schedule Type=Fraction)

,,Equivalent Full Load Hours of Operation Per Year [hr],Hours > 1% [hr]
,OCCUPANCY,6031.,8760.
,INTERIORLIGHTING,2852.,8760.
,INTERIORLIGHTINGHE,3070.,8760.
,INTERIORLIGHTINGHE_OS,2910.,8760.
,INTERIORLIGHTINGHE_VS,2149.,8760.
,EXTERIORLIGHTING,4380.,4380.
,REFRIGERATOR,7343.,8760.
,MISCPLUGLOAD,5918.,8760.
,COOKINGRANGE,2434.,8760.
,DHW_SCH,365.,8760.
,DISHWASHER,2799.,8760.
,CLOTHESWASHER,3297.,8760.
,CLOTHESDRYER,3911.,8760.
,SINKS,4179.,8760.
,SHOWERS,2640.,8760.
,BATHS,2586.,8760.
,DHWDIST,4662.,8760.
,SHADING_2012IECC,0.,0.
,SINKSENSSCHEDULE,6025.,8760.
,SINKLATSCHEDULE,2735.,8760.
,SHOWERSENSSCHEDULE,4492.,8760.
,SHOWERLATSCHEDULE,4268.,8760.
,BATHSENSSCHEDULE,8760.,8760.
,BATHLATSCHEDULE,0.,0.


Schedules-SetPoints (Schedule Type=Temperature)

,,First Object Used,Month Assumed,11am First Wednesday [F],Days with Same 11am Value,11pm First Wednesday [F],Days with Same 11pm Value
,HEATING_SCH_1BF,THERMOSTAT_LIVING_1BF DUAL SP CONTROL,January,72.00,365,72.00,365
,COOLING_SCH_1BF,THERMOSTAT_LIVING_1BF DUAL SP CONTROL,July,78.80,365,78.80,365
,HEATING_SCH_2BF,THERMOSTAT_LIVING_2BF DUAL SP CONTROL,January,72.00,365,72.00,365
,COOLING_SCH_2BF,THERMOSTAT_LIVING_2BF DUAL SP CONTROL,July,78.80,365,78.80,365
,HEATING_SCH_3BF,THERMOSTAT_LIVING_3BF DUAL SP CONTROL,January,72.00,365,72.00,365
,COOLING_SCH_3BF,THERMOSTAT_LIVING_3BF DUAL SP CONTROL,July,78.80,365,78.80,365
,HEATING_SCH_1BB,THERMOSTAT_LIVING_1BB DUAL SP CONTROL,January,72.00,365,72.00,365
,COOLING_SCH_1BB,THERMOSTAT_LIVING_1BB DUAL SP CONTROL,July,78.80,365,78.80,365
,HEATING_SCH_2BB,THERMOSTAT_LIVING_2BB DUAL SP CONTROL,January,72.00,365,72.00,365
,COOLING_SCH_2BB,THERMOSTAT_LIVING_2BB DUAL SP CONTROL,July,78.80,365,78.80,365
,HEATING_SCH_3BB,THERMOSTAT_LIVING_3BB DUAL SP CONTROL,January,72.00,365,72.00,365
,COOLING_SCH_3BB,THERMOSTAT_LIVING_3BB DUAL SP CONTROL,July,78.80,365,78.80,365
,HEATING_SCH_1MF,THERMOSTAT_LIVING_1MF DUAL SP CONTROL,January,72.00,365,72.00,365
,COOLING_SCH_1MF,THERMOSTAT_LIVING_1MF DUAL SP CONTROL,July,78.80,365,78.80,365
,HEATING_SCH_2MF,THERMOSTAT_LIVING_2MF DUAL SP CONTROL,January,72.00,365,72.00,365
,COOLING_SCH_2MF,THERMOSTAT_LIVING_2MF DUAL SP CONTROL,July,78.80,365,78.80,365
,HEATING_SCH_3MF,THERMOSTAT_LIVING_3MF DUAL SP CONTROL,January,72.00,365,72.00,365
,COOLING_SCH_3MF,THERMOSTAT_LIVING_3MF DUAL SP CONTROL,July,78.80,365,78.80,365
,HEATING_SCH_1MB,THERMOSTAT_LIVING_1MB DUAL SP CONTROL,January,72.00,365,72.00,365
,COOLING_SCH_1MB,THERMOSTAT_LIVING_1MB DUAL SP CONTROL,July,78.80,365,78.80,365
,HEATING_SCH_2MB,THERMOSTAT_LIVING_2MB DUAL SP CONTROL,January,72.00,365,72.00,365
,COOLING_SCH_2MB,THERMOSTAT_LIVING_2MB DUAL SP CONTROL,July,78.80,365,78.80,365
,HEATING_SCH_3MB,THERMOSTAT_LIVING_3MB DUAL SP CONTROL,January,72.00,365,72.00,365
,COOLING_SCH_3MB,THERMOSTAT_LIVING_3MB DUAL SP CONTROL,July,78.80,365,78.80,365
,HEATING_SCH_1TF,THERMOSTAT_LIVING_1TF DUAL SP CONTROL,January,72.00,365,72.00,365
,COOLING_SCH_1TF,THERMOSTAT_LIVING_1TF DUAL SP CONTROL,July,78.80,365,78.80,365
,HEATING_SCH_2TF,THERMOSTAT_LIVING_2TF DUAL SP CONTROL,January,72.00,365,72.00,365
,COOLING_SCH_2TF,THERMOSTAT_LIVING_2TF DUAL SP CONTROL,July,78.80,365,78.80,365
,HEATING_SCH_3TF,THERMOSTAT_LIVING_3TF DUAL SP CONTROL,January,72.00,365,72.00,365
,COOLING_SCH_3TF,THERMOSTAT_LIVING_3TF DUAL SP CONTROL,July,78.80,365,78.80,365
,HEATING_SCH_1TB,THERMOSTAT_LIVING_1TB DUAL SP CONTROL,January,72.00,365,72.00,365
,COOLING_SCH_1TB,THERMOSTAT_LIVING_1TB DUAL SP CONTROL,July,78.80,365,78.80,365
,HEATING_SCH_2TB,THERMOSTAT_LIVING_2TB DUAL SP CONTROL,January,72.00,365,72.00,365
,COOLING_SCH_2TB,THERMOSTAT_LIVING_2TB DUAL SP CONTROL,July,78.80,365,78.80,365
,HEATING_SCH_3TB,THERMOSTAT_LIVING_3TB DUAL SP CONTROL,January,72.00,365,72.00,365
,COOLING_SCH_3TB,THERMOSTAT_LIVING_3TB DUAL SP CONTROL,July,78.80,365,78.80,365


----------------------------------------------------------------------------------------------------
REPORT:,Annual Thermal Resilience Summary
FOR:,Entire Facility
Heat Index Hours

,,Safe (≤ 26.7°C) [hr],Caution (> 26.7, ≤ 32.2°C) [hr],Extreme Caution (> 32.2, ≤ 39.4°C) [hr],Danger (> 39.4, ≤ 51.7°C) [hr],Extreme Danger (> 51.7°C) [hr]
,LIVING_UNIT1_FRONTROW_BOTTOMFLOOR,2160.00,0.00,0.00,0.00,0.00
,LIVING_UNIT2_FRONTROW_BOTTOMFLOOR,2160.00,0.00,0.00,0.00,0.00
,LIVING_UNIT3_FRONTROW_BOTTOMFLOOR,2160.00,0.00,0.00,0.00,0.00
,LIVING_UNIT1_BACKROW_BOTTOMFLOOR,2160.00,0.00,0.00,0.00,0.00
,LIVING_UNIT2_BACKROW_BOTTOMFLOOR,2160.00,0.00,0.00,0.00,0.00
,LIVING_UNIT3_BACKROW_BOTTOMFLOOR,2160.00,0.00,0.00,0.00,0.00
,LIVING_UNIT1_FRONTROW_MIDDLEFLOOR,2159.50,0.50,0.00,0.00,0.00
,LIVING_UNIT2_FRONTROW_MIDDLEFLOOR,2160.00,0.00,0.00,0.00,0.00
,LIVING_UNIT3_FRONTROW_MIDDLEFLOOR,2160.00,0.00,0.00,0.00,0.00
,LIVING_UNIT1_BACKROW_MIDDLEFLOOR,2160.00,0.00,0.00,0.00,0.00
,LIVING_UNIT2_BACKROW_MIDDLEFLOOR,2160.00,0.00,0.00,0.00,0.00
,LIVING_UNIT3_BACKROW_MIDDLEFLOOR,2160.00,0.00,0.00,0.00,0.00
,LIVING_UNIT3_BACKROW_TOPFLOOR,2160.00,0.00,0.00,0.00,0.00
,LIVING_UNIT3_FRONTROW_TOPFLOOR,2160.00,0.00,0.00,0.00,0.00
,LIVING_UNIT1_FRONTROW_TOPFLOOR,2160.00,0.00,0.00,0.00,0.00
,LIVING_UNIT2_BACKROW_TOPFLOOR,2160.00,0.00,0.00,0.00,0.00
,LIVING_UNIT2_FRONTROW_TOPFLOOR,2160.00,0.00,0.00,0.00,0.00
,LIVING_UNIT1_BACKROW_TOPFLOOR,2160.00,0.00,0.00,0.00,0.00
,CRAWLSPACE,2160.00,0.00,0.00,0.00,0.00
,BREEZEWAY,2160.00,0.00,0.00,0.00,0.00
,ATTIC,2160.00,0.00,0.00,0.00,0.00
,Min,2159.50,0.00,0.00,0.00,0.00
,Max,2160.00,0.50,0.00,0.00,0.00
,Average,2159.98,0.02,0.00,0.00,0.00
,Sum,45359.50,0.50,0.00,0.00,0.00


Heat Index OccupantHours

,,Safe (≤ 26.7°C) [hr],Caution (> 26.7, ≤ 32.2°C) [hr],Extreme Caution (> 32.2, ≤ 39.4°C) [hr],Danger (> 39.4, ≤ 51.7°C) [hr],Extreme Danger (> 51.7°C) [hr]
,LIVING_UNIT1_FRONTROW_BOTTOMFLOOR,2250.00,0.00,0.00,0.00,0.00
,LIVING_UNIT2_FRONTROW_BOTTOMFLOOR,2250.00,0.00,0.00,0.00,0.00
,LIVING_UNIT3_FRONTROW_BOTTOMFLOOR,2250.00,0.00,0.00,0.00,0.00
,LIVING_UNIT1_BACKROW_BOTTOMFLOOR,2250.00,0.00,0.00,0.00,0.00
,LIVING_UNIT2_BACKROW_BOTTOMFLOOR,2250.00,0.00,0.00,0.00,0.00
,LIVING_UNIT3_BACKROW_BOTTOMFLOOR,2250.00,0.00,0.00,0.00,0.00
,LIVING_UNIT1_FRONTROW_MIDDLEFLOOR,2249.50,0.50,0.00,0.00,0.00
,LIVING_UNIT2_FRONTROW_MIDDLEFLOOR,2250.00,0.00,0.00,0.00,0.00
,LIVING_UNIT3_FRONTROW_MIDDLEFLOOR,2250.00,0.00,0.00,0.00,0.00
,LIVING_UNIT1_BACKROW_MIDDLEFLOOR,2250.00,0.00,0.00,0.00,0.00
,LIVING_UNIT2_BACKROW_MIDDLEFLOOR,2250.00,0.00,0.00,0.00,0.00
,LIVING_UNIT3_BACKROW_MIDDLEFLOOR,2250.00,0.00,0.00,0.00,0.00
,LIVING_UNIT3_BACKROW_TOPFLOOR,2250.00,0.00,0.00,0.00,0.00
,LIVING_UNIT3_FRONTROW_TOPFLOOR,2250.00,0.00,0.00,0.00,0.00
,LIVING_UNIT1_FRONTROW_TOPFLOOR,2250.00,0.00,0.00,0.00,0.00
,LIVING_UNIT2_BACKROW_TOPFLOOR,2250.00,0.00,0.00,0.00,0.00
,LIVING_UNIT2_FRONTROW_TOPFLOOR,2250.00,0.00,0.00,0.00,0.00
,LIVING_UNIT1_BACKROW_TOPFLOOR,2250.00,0.00,0.00,0.00,0.00
,CRAWLSPACE,0.00,0.00,0.00,0.00,0.00
,BREEZEWAY,0.00,0.00,0.00,0.00,0.00
,ATTIC,0.00,0.00,0.00,0.00,0.00
,Min,0.00,0.00,0.00,0.00,0.00
,Max,2250.00,0.50,0.00,0.00,0.00
,Average,1928.55,0.02,0.00,0.00,0.00
,Sum,40499.50,0.50,0.00,0.00,0.00


Humidex Hours

,,Little to no Discomfort (≤ 29) [hr],Some Discomfort (> 29, ≤ 40) [hr],Great Discomfort; Avoid Exertion (> 40, ≤ 45) [hr],Dangerous (> 45, ≤ 50) [hr],Heat Stroke Quite Possible (> 50) [hr]
,LIVING_UNIT1_FRONTROW_BOTTOMFLOOR,2160.00,0.00,0.00,0.00,0.00
,LIVING_UNIT2_FRONTROW_BOTTOMFLOOR,2160.00,0.00,0.00,0.00,0.00
,LIVING_UNIT3_FRONTROW_BOTTOMFLOOR,2160.00,0.00,0.00,0.00,0.00
,LIVING_UNIT1_BACKROW_BOTTOMFLOOR,2160.00,0.00,0.00,0.00,0.00
,LIVING_UNIT2_BACKROW_BOTTOMFLOOR,2160.00,0.00,0.00,0.00,0.00
,LIVING_UNIT3_BACKROW_BOTTOMFLOOR,2160.00,0.00,0.00,0.00,0.00
,LIVING_UNIT1_FRONTROW_MIDDLEFLOOR,2160.00,0.00,0.00,0.00,0.00
,LIVING_UNIT2_FRONTROW_MIDDLEFLOOR,2026.00,134.00,0.00,0.00,0.00
,LIVING_UNIT3_FRONTROW_MIDDLEFLOOR,2155.25,4.75,0.00,0.00,0.00
,LIVING_UNIT1_BACKROW_MIDDLEFLOOR,2152.50,7.50,0.00,0.00,0.00
,LIVING_UNIT2_BACKROW_MIDDLEFLOOR,2135.00,25.00,0.00,0.00,0.00
,LIVING_UNIT3_BACKROW_MIDDLEFLOOR,2160.00,0.00,0.00,0.00,0.00
,LIVING_UNIT3_BACKROW_TOPFLOOR,2160.00,0.00,0.00,0.00,0.00
,LIVING_UNIT3_FRONTROW_TOPFLOOR,2160.00,0.00,0.00,0.00,0.00
,LIVING_UNIT1_FRONTROW_TOPFLOOR,2160.00,0.00,0.00,0.00,0.00
,LIVING_UNIT2_BACKROW_TOPFLOOR,2160.00,0.00,0.00,0.00,0.00
,LIVING_UNIT2_FRONTROW_TOPFLOOR,2160.00,0.00,0.00,0.00,0.00
,LIVING_UNIT1_BACKROW_TOPFLOOR,2160.00,0.00,0.00,0.00,0.00
,CRAWLSPACE,2160.00,0.00,0.00,0.00,0.00
,BREEZEWAY,2160.00,0.00,0.00,0.00,0.00
,ATTIC,2160.00,0.00,0.00,0.00,0.00
,Min,2026.00,0.00,0.00,0.00,0.00
,Max,2160.00,134.00,0.00,0.00,0.00
,Average,2151.85,8.15,0.00,0.00,0.00
,Sum,45188.75,171.25,0.00,0.00,0.00


Humidex OccupantHours

,,Little to no Discomfort (≤ 29) [hr],Some Discomfort (> 29, ≤ 40) [hr],Great Discomfort; Avoid Exertion (> 40, ≤ 45) [hr],Dangerous (> 45, ≤ 50) [hr],Heat Stroke Quite Possible (> 50) [hr]
,LIVING_UNIT1_FRONTROW_BOTTOMFLOOR,2250.00,0.00,0.00,0.00,0.00
,LIVING_UNIT2_FRONTROW_BOTTOMFLOOR,2250.00,0.00,0.00,0.00,0.00
,LIVING_UNIT3_FRONTROW_BOTTOMFLOOR,2250.00,0.00,0.00,0.00,0.00
,LIVING_UNIT1_BACKROW_BOTTOMFLOOR,2250.00,0.00,0.00,0.00,0.00
,LIVING_UNIT2_BACKROW_BOTTOMFLOOR,2250.00,0.00,0.00,0.00,0.00
,LIVING_UNIT3_BACKROW_BOTTOMFLOOR,2250.00,0.00,0.00,0.00,0.00
,LIVING_UNIT1_FRONTROW_MIDDLEFLOOR,2250.00,0.00,0.00,0.00,0.00
,LIVING_UNIT2_FRONTROW_MIDDLEFLOOR,2088.50,161.50,0.00,0.00,0.00
,LIVING_UNIT3_FRONTROW_MIDDLEFLOOR,2250.00,0.00,0.00,0.00,0.00
,LIVING_UNIT1_BACKROW_MIDDLEFLOOR,2239.50,10.50,0.00,0.00,0.00
,LIVING_UNIT2_BACKROW_MIDDLEFLOOR,2209.25,40.75,0.00,0.00,0.00
,LIVING_UNIT3_BACKROW_MIDDLEFLOOR,2250.00,0.00,0.00,0.00,0.00
,LIVING_UNIT3_BACKROW_TOPFLOOR,2250.00,0.00,0.00,0.00,0.00
,LIVING_UNIT3_FRONTROW_TOPFLOOR,2250.00,0.00,0.00,0.00,0.00
,LIVING_UNIT1_FRONTROW_TOPFLOOR,2250.00,0.00,0.00,0.00,0.00
,LIVING_UNIT2_BACKROW_TOPFLOOR,2250.00,0.00,0.00,0.00,0.00
,LIVING_UNIT2_FRONTROW_TOPFLOOR,2250.00,0.00,0.00,0.00,0.00
,LIVING_UNIT1_BACKROW_TOPFLOOR,2250.00,0.00,0.00,0.00,0.00
,CRAWLSPACE,0.00,0.00,0.00,0.00,0.00
,BREEZEWAY,0.00,0.00,0.00,0.00,0.00
,ATTIC,0.00,0.00,0.00,0.00,0.00
,Min,0.00,0.00,0.00,0.00,0.00
,Max,2250.00,161.50,0.00,0.00,0.00
,Average,1918.44,10.13,0.00,0.00,0.00
,Sum,40287.25,212.75,0.00,0.00,0.00


Heating SET Hours

,,SET ≤ 12.2°C Hours (F),SET ≤ 12.2°C OccupantHours (F),Longest SET ≤ 12.2°C Duration [hr],Start Time of the Longest SET ≤ 12.2°C Duration
,None,,,,


Cooling SET Hours

,,SET > 30°C Hours (F),SET > 30°C OccupantHours (F),Longest SET > 30°C Duration [hr],Start Time of the Longest SET > 30°C Duration
,None,,,,


----------------------------------------------------------------------------------------------------
REPORT:,Annual CO2 Resilience Summary
FOR:,Entire Facility
CO2 Level Hours

,,Safe (<= 1000 ppm) [hr],Caution (> 1000, <= 5000 ppm) [hr],Hazard (> 5000 ppm) [hr]
,None,,,


CO2 Level OccupantHours

,,Safe (<= 1000 ppm) [hr],Caution (> 1000, <= 5000 ppm) [hr],Hazard (> 5000 ppm) [hr]
,None,,,


----------------------------------------------------------------------------------------------------
REPORT:,Annual Visual Resilience Summary
FOR:,Entire Facility
Illuminance Level Hours

,,A Bit Dark (<= 100 lux) [hr],Dim (> 100, <= 300 lux) [hr],Adequate (> 300, <= 500 lux) [hr],Bright (>500 lux) [hr]
,None,,,,


Illuminance Level OccupantHours

,,A Bit Dark (<= 100 lux) [hr],Dim (> 100, <= 300 lux) [hr],Adequate (> 300, <= 500 lux) [hr],Bright (>500 lux) [hr]
,None,,,,


